cell,nuclide,score,mean,std. dev.
40,Li6,"(n,Xt)",1.0651481634709876,0.0007513765435823945
40,Li7,"(n,Xt)",0.0597781178884413,0.00011813679863541103
37,Li6,"(n,Xt)",0.14733257733505262,0.0003495135056718929
37,Li7,"(n,Xt)",0.017184774223304455,1.7461346665303883e-05
