cell,nuclide,score,mean,std. dev.
50,Li6,"(n,Xt)",1.0499182457005207,0.0013042488121233727
50,Li7,"(n,Xt)",0.04280508197608289,8.949439632909775e-05
47,Li6,"(n,Xt)",0.19174273738938497,0.0004514426429869119
47,Li7,"(n,Xt)",0.012530258763200913,1.2045858367686131e-05
