cell,nuclide,score,mean,std. dev.
60,Li6,"(n,Xt)",1.0361598425191725,0.0013377359583597848
60,Li7,"(n,Xt)",0.0263361630804142,5.9761093824555085e-05
57,Li6,"(n,Xt)",0.2227999101593756,0.0005667856575828093
57,Li7,"(n,Xt)",0.007852152722025794,7.852324421598239e-06
