cell,nuclide,score,mean,std. dev.
10,Li6,"(n,Xt)",1.1573541813225556,0.0017806600179127298
10,Li7,"(n,Xt)",0.030433953407100263,0.0001052430599834821
6,Li6,"(n,Xt)",0.130771454346094,0.00023189641002921137
6,Li7,"(n,Xt)",0.018573747636513118,2.2772850445308304e-05
