cell,nuclide,score,mean,std. dev.
30,Li6,"(n,Xt)",1.163129584943048,0.0013008522461754432
30,Li7,"(n,Xt)",0.02944805549511385,0.0001067565333503328
27,Li6,"(n,Xt)",0.1295140950936309,0.00024470279008116766
27,Li7,"(n,Xt)",0.018171115493186694,2.0177914594263476e-05
