cell,nuclide,score,mean,std. dev.
50,Li6,"(n,Xt)",1.1671135623347253,0.0009116330067670957
50,Li7,"(n,Xt)",0.028278664719045738,9.774538162214745e-05
47,Li6,"(n,Xt)",0.1278608739562991,0.00030008902449710104
47,Li7,"(n,Xt)",0.017706367607554636,2.081656948576666e-05
