cell,nuclide,score,mean,std. dev.
70,Li6,"(n,Xt)",1.1736272870403863,0.0013209874319604902
70,Li7,"(n,Xt)",0.026904090421024967,0.0001146912491936455
67,Li6,"(n,Xt)",0.1253753018093107,0.00023657548341097818
67,Li7,"(n,Xt)",0.017128764096052303,1.8360789814192875e-05
