cell,nuclide,score,mean,std. dev.
90,Li6,"(n,Xt)",1.1777880063722463,0.0016671264837022535
90,Li7,"(n,Xt)",0.025266274850265075,0.0001158898222589891
87,Li6,"(n,Xt)",0.12324659384439932,0.00022363605511553227
87,Li7,"(n,Xt)",0.0164213672283682,1.5592489599774384e-05
