cell,nuclide,score,mean,std. dev.
100,Li6,"(n,Xt)",1.1812239786781382,0.001263576584048991
100,Li7,"(n,Xt)",0.024301116683362746,0.00011021117979337376
97,Li6,"(n,Xt)",0.12164589204489881,0.0003051348272481022
97,Li7,"(n,Xt)",0.016003857696090557,1.3203411543236352e-05
