cell,nuclide,score,mean,std. dev.
20,Li6,"(n,Xt)",1.1602529587393617,0.0016207973527875038
20,Li7,"(n,Xt)",0.029944770159888768,0.00011411631180399498
17,Li6,"(n,Xt)",0.12987899814082496,0.00022310494422630046
17,Li7,"(n,Xt)",0.01837883972492004,2.2665564715675288e-05
