cell,nuclide,score,mean,std. dev.
120,Li6,"(n,Xt)",1.1892677896200796,0.001207176325584011
120,Li7,"(n,Xt)",0.02212169347055759,7.913259132356492e-05
117,Li6,"(n,Xt)",0.11751324675202442,0.0003301624911644899
117,Li7,"(n,Xt)",0.014981944496906588,1.7006520280268408e-05
