cell,nuclide,score,mean,std. dev.
130,Li6,"(n,Xt)",1.1940720625347239,0.001437715174402264
130,Li7,"(n,Xt)",0.020848728812551266,6.812209520505254e-05
127,Li6,"(n,Xt)",0.11522859814447159,0.00022570723364470486
127,Li7,"(n,Xt)",0.014357153544629875,1.6935393216559936e-05
