cell,nuclide,score,mean,std. dev.
140,Li6,"(n,Xt)",1.1977020999480075,0.0009989274447358668
140,Li7,"(n,Xt)",0.019373686665761107,6.998838768783444e-05
137,Li6,"(n,Xt)",0.11218559299301134,0.00016439513495993633
137,Li7,"(n,Xt)",0.013633175846407811,1.4314567107692172e-05
