cell,nuclide,score,mean,std. dev.
150,Li6,"(n,Xt)",1.2021959427604074,0.0005603499314250268
150,Li7,"(n,Xt)",0.017696465228777415,6.533729602955218e-05
147,Li6,"(n,Xt)",0.108010282162524,0.000248266062367644
147,Li7,"(n,Xt)",0.012766665705030208,1.3382339847147304e-05
