cell,nuclide,score,mean,std. dev.
160,Li6,"(n,Xt)",1.205713184688514,0.0011361897725670458
160,Li7,"(n,Xt)",0.015745486636703995,6.608668320748148e-05
157,Li6,"(n,Xt)",0.10352579013781213,0.00015669346915207755
157,Li7,"(n,Xt)",0.011713423142455277,1.1661663211218065e-05
