cell,nuclide,score,mean,std. dev.
170,Li6,"(n,Xt)",1.2083594880656188,0.001029646676923259
170,Li7,"(n,Xt)",0.013516345610264862,4.9481128361874985e-05
167,Li6,"(n,Xt)",0.09690665181146702,0.00016001682915411366
167,Li7,"(n,Xt)",0.010432063320351632,1.2047878520147295e-05
