cell,nuclide,score,mean,std. dev.
180,Li6,"(n,Xt)",1.205329115036378,0.0009309681328264379
180,Li7,"(n,Xt)",0.010938345459188545,3.626452776913647e-05
177,Li6,"(n,Xt)",0.088113299755095,0.00012333208937964226
177,Li7,"(n,Xt)",0.008826251282874589,8.564000911986445e-06
