cell,nuclide,score,mean,std. dev.
190,Li6,"(n,Xt)",1.1907600927800412,0.0008681484674830161
190,Li7,"(n,Xt)",0.007874350565541057,2.588169172452365e-05
187,Li6,"(n,Xt)",0.0751913775689855,0.00010212857309356091
187,Li7,"(n,Xt)",0.006747428984868358,6.854007321034074e-06
