enrichment,mean,std. dev.
0.01,0.42508474327500945,0.00042727023152290197
7.5,1.239670217751686,0.0008669921140878963
15.0,1.2790084575041425,0.0012269541416714167
25.0,1.2974945207685975,0.0010528422050123055
50.0,1.3060690901882739,0.0012513414079132988
75.0,1.301741521367346,0.0012668679190326977
99.99,1.2858857874711664,0.001545156996352481
