cell,nuclide,score,mean,std. dev.
40,Li6,"(n,Xt)",1.0670346316660422,0.0006282512891711825
40,Li7,"(n,Xt)",0.05743070909399937,0.00012605282375260612
37,Li6,"(n,Xt)",0.14437729425799242,0.00029863187793796256
37,Li7,"(n,Xt)",0.015265058710119728,2.5390203399361382e-05
