cell,nuclide,score,mean,std. dev.
50,Li6,"(n,Xt)",1.0558612571257509,0.0014116201848192278
50,Li7,"(n,Xt)",0.03761345420377546,7.70094503809442e-05
47,Li6,"(n,Xt)",0.18897459649762022,0.00044482233886003486
47,Li7,"(n,Xt)",0.010204854086465336,1.6818370395119497e-05
