cell,nuclide,score,mean,std. dev.
20,Li6,"(n,Xt)",1.0500506348678718,0.0012424546201631938
20,Li7,"(n,Xt)",0.07168177308192744,0.0001671243873698088
17,Li6,"(n,Xt)",0.08752226299709263,0.0002271648946993332
17,Li7,"(n,Xt)",0.018789767665261102,3.091138771189372e-05
