cell,nuclide,score,mean,std. dev.
60,Li6,"(n,Xt)",1.0410453828368489,0.001132202596938857
60,Li7,"(n,Xt)",0.018498186930638986,4.0892508541996255e-05
57,Li6,"(n,Xt)",0.21952813390935416,0.0004293621403169027
57,Li7,"(n,Xt)",0.005111338194261254,8.319146372819834e-06
