cell,nuclide,score,mean,std. dev.
50,Li6,"(n,Xt)",0.981337415553478,0.0012498103702666549
50,Li7,"(n,Xt)",0.04979304320874163,0.00010723946977489799
47,Li6,"(n,Xt)",0.2169974555223213,0.0005246630878182276
47,Li7,"(n,Xt)",0.013079194498437686,1.820727647476394e-05
