cell,nuclide,score,mean,std. dev.
30,Li6,"(n,Xt)",1.0484549966761931,0.0010820757163694124
30,Li7,"(n,Xt)",0.07089757048677871,0.00016422954842199735
27,Li6,"(n,Xt)",0.11630739012176519,0.00023328767760748755
27,Li7,"(n,Xt)",0.01911261391976535,2.4070560953562465e-05
