cell,nuclide,score,mean,std. dev.
40,Li6,"(n,Xt)",1.0490858286305793,0.0011120746977441513
40,Li7,"(n,Xt)",0.06355113685448269,0.00014426418053509486
37,Li6,"(n,Xt)",0.14038342600780096,0.0002816291970722547
37,Li7,"(n,Xt)",0.017248246266895313,2.0554337136286133e-05
