cell,nuclide,score,mean,std. dev.
50,Li6,"(n,Xt)",1.0364792562988616,0.0011240417673104863
50,Li7,"(n,Xt)",0.04551317069008362,0.0001163487008666633
47,Li6,"(n,Xt)",0.1829844722158951,0.0002366951123893154
47,Li7,"(n,Xt)",0.012575643931825262,1.589611783633786e-05
