cell,nuclide,score,mean,std. dev.
20,Li6,"(n,Xt)",1.0326986156261784,0.001013675242782085
20,Li7,"(n,Xt)",0.07649187113870029,0.00018013060252628554
17,Li6,"(n,Xt)",0.08913163182029521,0.00016333478345538412
17,Li7,"(n,Xt)",0.020500211365332567,2.6894917405831878e-05
