cell,nuclide,score,mean,std. dev.
70,Li6,"(n,Xt)",1.0127626407675305,0.001155940821519564
70,Li7,"(n,Xt)",0.011015165375148784,2.9190878749452423e-05
67,Li6,"(n,Xt)",0.23464259307439317,0.0004645477189668503
67,Li7,"(n,Xt)",0.0031542360559140524,3.6742046006166765e-06
