cell,nuclide,score,mean,std. dev.
10,Li6,"(n,Xt)",0.24777034980280085,0.0002905324912838836
10,Li7,"(n,Xt)",0.04704898239828278,0.00011941616520650776
6,Li6,"(n,Xt)",0.0006734730449045672,1.9455981795591755e-06
6,Li7,"(n,Xt)",0.014934845593149804,1.4456433246333615e-05
