cell,nuclide,score,mean,std. dev.
30,Li6,"(n,Xt)",1.1724858823843138,0.0007809036955570324
30,Li7,"(n,Xt)",0.03975990296951405,9.990706980159023e-05
27,Li6,"(n,Xt)",0.11487067892903884,0.000234628436111811
27,Li7,"(n,Xt)",0.01271495378445607,1.347462435143398e-05
