cell,nuclide,score,mean,std. dev.
40,Li6,"(n,Xt)",1.1810822755869932,0.0013557882701170996
40,Li7,"(n,Xt)",0.03494172324009155,8.771377956416157e-05
37,Li6,"(n,Xt)",0.14203679621159712,0.00027693739692396683
37,Li7,"(n,Xt)",0.01123361995090659,1.2461829855592794e-05
