cell,nuclide,score,mean,std. dev.
50,Li6,"(n,Xt)",1.180416173423631,0.0009118649581499536
50,Li7,"(n,Xt)",0.02307969005911688,5.8069131036981907e-05
47,Li6,"(n,Xt)",0.1874945949681756,0.0003406901802805988
47,Li7,"(n,Xt)",0.007513128837897348,9.147234300134096e-06
