cell,nuclide,score,mean,std. dev.
60,Li6,"(n,Xt)",1.1673612576762173,0.0012177804624422706
60,Li7,"(n,Xt)",0.011431197575654728,3.0082268006711294e-05
57,Li6,"(n,Xt)",0.21951705979890518,0.0005382150447962457
57,Li7,"(n,Xt)",0.0037697314678144444,4.666118783167995e-06
