cell,nuclide,score,mean,std. dev.
70,Li6,"(n,Xt)",1.1539474491419988,0.0010063964580399193
70,Li7,"(n,Xt)",4.5286616061780745e-06,1.1609562551912845e-08
67,Li6,"(n,Xt)",0.2437102310856271,0.0004489378245489335
67,Li7,"(n,Xt)",1.5136891613095206e-06,1.8371648988360731e-09
