cell,nuclide,score,mean,std. dev.
6,Li6,"(n,Xt)",0.09052029536474535,0.00010772346632263636
6,Li7,"(n,Xt)",0.018925134241176762,2.7125347001824026e-05
10,Li6,"(n,Xt)",1.0606674028050238,0.001161674562610432
10,Li7,"(n,Xt)",0.0686825145101462,7.747639772501032e-05
13,Li6,"(n,Xt)",0.000516922278905667,2.3069155106574867e-05
13,Li7,"(n,Xt)",8.07776065399876e-06,1.4552954060186402e-06
