cell,nuclide,score,mean,std. dev.
33,Li6,"(n,Xt)",0.09025835819332925,0.00016856234091687668
33,Li7,"(n,Xt)",0.01850084795759712,2.528544175889876e-05
36,Li6,"(n,Xt)",1.0670949798153655,0.0012659656857480742
36,Li7,"(n,Xt)",0.06644180735162769,0.00010026198563534199
39,Li6,"(n,Xt)",0.000537868559195912,2.1982758895602007e-05
39,Li7,"(n,Xt)",7.127988961289537e-06,1.0654806648126059e-06
