cell,nuclide,score,mean,std. dev.
46,Li6,"(n,Xt)",0.08999114946380248,0.00013340682545197175
46,Li7,"(n,Xt)",0.018277365570882182,2.783435129724959e-05
49,Li6,"(n,Xt)",1.0720525470581412,0.0013994051710868349
49,Li7,"(n,Xt)",0.0651561296307476,0.00010337012329143454
52,Li6,"(n,Xt)",0.0004886627283184902,3.199089317999834e-05
52,Li7,"(n,Xt)",6.393440265641044e-06,1.0817551165332076e-06
