cell,nuclide,score,mean,std. dev.
59,Li6,"(n,Xt)",0.08986507275070263,0.00015804352607387122
59,Li7,"(n,Xt)",0.018026722985057704,2.378785148208317e-05
62,Li6,"(n,Xt)",1.0774690268208877,0.0016067437178063921
62,Li7,"(n,Xt)",0.06374678568032337,9.552036333398045e-05
65,Li6,"(n,Xt)",0.0004853677624123879,1.979243570955087e-05
65,Li7,"(n,Xt)",6.3146300662281365e-06,1.1345655088521149e-06
