cell,nuclide,score,mean,std. dev.
72,Li6,"(n,Xt)",0.0898625913748103,0.00022592641388632698
72,Li7,"(n,Xt)",0.017745094055858925,2.437201920937576e-05
75,Li6,"(n,Xt)",1.0827519731866004,0.0016254629789859934
75,Li7,"(n,Xt)",0.06225519452139837,0.0001048859242792092
78,Li6,"(n,Xt)",0.0005349060980571012,2.8219942558513155e-05
78,Li7,"(n,Xt)",5.418479228803048e-06,9.385303090687375e-07
