cell,nuclide,score,mean,std. dev.
85,Li6,"(n,Xt)",0.08901746298250465,0.0001720149349272143
85,Li7,"(n,Xt)",0.0174298002264935,2.1606591612938366e-05
88,Li6,"(n,Xt)",1.0890950906781849,0.0010002329149565595
88,Li7,"(n,Xt)",0.0606612329498204,9.455282864461463e-05
91,Li6,"(n,Xt)",0.0005377539018700693,2.4588787886688016e-05
91,Li7,"(n,Xt)",5.544474664743449e-06,1.1321789077731913e-06
