cell,nuclide,score,mean,std. dev.
98,Li6,"(n,Xt)",0.08889971085272443,0.00010702467844384338
98,Li7,"(n,Xt)",0.017089006857585014,2.0936125678166635e-05
101,Li6,"(n,Xt)",1.094616544318213,0.0010995247843251833
101,Li7,"(n,Xt)",0.05891638268025361,8.668560869641223e-05
104,Li6,"(n,Xt)",0.0005155140344996259,2.1516089018998135e-05
104,Li7,"(n,Xt)",5.467362825503194e-06,9.336915607287777e-07
