cell,nuclide,score,mean,std. dev.
111,Li6,"(n,Xt)",0.08852200825294083,0.00017249551245862411
111,Li7,"(n,Xt)",0.01670032001651367,1.77894663791409e-05
114,Li6,"(n,Xt)",1.099796986314864,0.0007215300199341447
114,Li7,"(n,Xt)",0.05696331219905315,8.662591333834742e-05
117,Li6,"(n,Xt)",0.0005224276067628262,3.266102215467868e-05
117,Li7,"(n,Xt)",4.597927309997075e-06,1.1643461998730896e-06
