cell,nuclide,score,mean,std. dev.
124,Li6,"(n,Xt)",0.08794149115748669,0.0002252760971763014
124,Li7,"(n,Xt)",0.01627303650402781,1.7438173151675105e-05
127,Li6,"(n,Xt)",1.1082164907227061,0.001587572509061335
127,Li7,"(n,Xt)",0.05482765770270619,9.930036244088374e-05
130,Li6,"(n,Xt)",0.0005663336495859945,3.8990438362134255e-05
130,Li7,"(n,Xt)",4.889833467716661e-06,1.0479871548185756e-06
