cell,nuclide,score,mean,std. dev.
137,Li6,"(n,Xt)",0.08752419032202072,0.00019456885593240964
137,Li7,"(n,Xt)",0.015775153896734003,1.4840942382311662e-05
140,Li6,"(n,Xt)",1.1153152379862619,0.0011639018455063305
140,Li7,"(n,Xt)",0.05243052228946391,0.00010877211468974137
143,Li6,"(n,Xt)",0.0006134406865498776,3.522763047865188e-05
143,Li7,"(n,Xt)",4.430666787557904e-06,7.210736955481563e-07
