cell,nuclide,score,mean,std. dev.
20,Li6,"(n,Xt)",0.09046428752944544,0.000133963085637518
20,Li7,"(n,Xt)",0.018723486276086526,2.4639895084789164e-05
23,Li6,"(n,Xt)",1.0626633703978632,0.0010666210754215013
23,Li7,"(n,Xt)",0.06757711513665378,8.108537676908991e-05
26,Li6,"(n,Xt)",0.0005063641027265233,2.3306503501269205e-05
26,Li7,"(n,Xt)",7.391189650065298e-06,1.2936816706132078e-06
