cell,nuclide,score,mean,std. dev.
150,Li6,"(n,Xt)",0.08693021170937168,0.0001552192811138075
150,Li7,"(n,Xt)",0.015216883038185306,1.762594846137651e-05
153,Li6,"(n,Xt)",1.124155843016133,0.0014735254203474522
153,Li7,"(n,Xt)",0.04976389543356219,9.45201984784582e-05
156,Li6,"(n,Xt)",0.0005532622769913257,1.696346929710893e-05
156,Li7,"(n,Xt)",4.1526160282261535e-06,6.891998123563295e-07
