cell,nuclide,score,mean,std. dev.
163,Li6,"(n,Xt)",0.08585100886932308,0.00019544274954630845
163,Li7,"(n,Xt)",0.01457653237080293,1.6907496876410523e-05
166,Li6,"(n,Xt)",1.132775277889687,0.0009027463346929271
166,Li7,"(n,Xt)",0.04674415841866826,0.00010105608287458625
169,Li6,"(n,Xt)",0.0005839864634181613,2.1652718909628424e-05
169,Li7,"(n,Xt)",3.4322818431598047e-06,4.794283389451026e-07
