cell,nuclide,score,mean,std. dev.
176,Li6,"(n,Xt)",0.08442199144565303,0.00016783818975716833
176,Li7,"(n,Xt)",0.01382628638540761,1.3614874896940104e-05
179,Li6,"(n,Xt)",1.1451290142251853,0.0010132035664629595
179,Li7,"(n,Xt)",0.04341512673805025,9.545486270724322e-05
182,Li6,"(n,Xt)",0.0006645578384039359,3.075494824492439e-05
182,Li7,"(n,Xt)",2.5010773603219455e-06,5.38267799300593e-07
