cell,nuclide,score,mean,std. dev.
189,Li6,"(n,Xt)",0.08260441850500497,0.00012153059605289043
189,Li7,"(n,Xt)",0.012933166021912334,1.3587466590566951e-05
192,Li6,"(n,Xt)",1.1557966066191105,0.0008525771451339727
192,Li7,"(n,Xt)",0.039611726312958596,8.696716362379622e-05
195,Li6,"(n,Xt)",0.0007436814125072145,2.3748671606618182e-05
195,Li7,"(n,Xt)",2.6001058484491493e-06,5.052751915669256e-07
