cell,nuclide,score,mean,std. dev.
202,Li6,"(n,Xt)",0.08000685364736204,0.00015446349448632372
202,Li7,"(n,Xt)",0.011860000470736282,1.395053113951028e-05
205,Li6,"(n,Xt)",1.1669127967138841,0.001153908659982399
205,Li7,"(n,Xt)",0.035293657759605634,7.990085287333882e-05
208,Li6,"(n,Xt)",0.0008621055900105326,4.0195277197981485e-05
208,Li7,"(n,Xt)",1.91691096399724e-06,4.830565440871684e-07
