cell,nuclide,score,mean,std. dev.
215,Li6,"(n,Xt)",0.07648842232103412,0.00014392118281382927
215,Li7,"(n,Xt)",0.010544903522610028,1.328091364692336e-05
218,Li6,"(n,Xt)",1.1775144672378697,0.0006911150578503528
218,Li7,"(n,Xt)",0.030299915866436655,5.013472886891202e-05
221,Li6,"(n,Xt)",0.0010821048591465252,2.259966968543252e-05
221,Li7,"(n,Xt)",1.2915446897912425e-06,3.449335909876367e-07
