cell,nuclide,score,mean,std. dev.
228,Li6,"(n,Xt)",0.07143720453230658,0.00010696628983673905
228,Li7,"(n,Xt)",0.008909353238357403,8.704388702968067e-06
231,Li6,"(n,Xt)",1.1855490165703784,0.0015238059816298612
231,Li7,"(n,Xt)",0.024410289057033747,3.540946974227399e-05
234,Li6,"(n,Xt)",0.0014845566262929022,3.102484149795724e-05
234,Li7,"(n,Xt)",7.295016351158109e-07,1.8248527617227822e-07
