cell,nuclide,score,mean,std. dev.
241,Li6,"(n,Xt)",0.0627520269081497,0.0001185789778305619
241,Li7,"(n,Xt)",0.00680153875984908,7.60242311693342e-06
244,Li6,"(n,Xt)",1.1790674869924702,0.0007506080792193103
244,Li7,"(n,Xt)",0.01751424616665815,2.8009140157870108e-05
247,Li6,"(n,Xt)",0.0025436049717669535,4.820525560541129e-05
247,Li7,"(n,Xt)",6.538255195328447e-07,1.726073413298019e-07
