cell,nuclide,score,mean,std. dev.
10,Li6,"(n,Xt)",0.8976774039803604,0.0009688943090823401
10,Li7,"(n,Xt)",0.09814393960785292,0.00020718489687537596
6,Li6,"(n,Xt)",0.04255464014825528,6.839657403041462e-05
6,Li7,"(n,Xt)",0.023024693506395213,3.43436898324063e-05
