cell,nuclide,score,mean,std. dev.
40,Li6,"(n,Xt)",0.9848465837886963,0.0012830678999398908
40,Li7,"(n,Xt)",0.07761637515681895,0.0001622777749794793
37,Li6,"(n,Xt)",0.1295055093166162,0.000328665175590934
37,Li7,"(n,Xt)",0.01852613453353085,2.4841470540957647e-05
