cell,nuclide,score,mean,std. dev.
20,Li6,"(n,Xt)",0.9663224850068278,0.0006806961340387604
20,Li7,"(n,Xt)",0.09192311360859867,0.00020781235536600885
17,Li6,"(n,Xt)",0.08585173092908865,0.00014296885752714206
17,Li7,"(n,Xt)",0.021679952470917217,3.1485400756191844e-05
