cell,nuclide,score,mean,std. dev.
70,Li6,"(n,Xt)",0.9596070481318921,0.0010000438671588922
70,Li7,"(n,Xt)",0.019343128941245555,3.8234325438336754e-05
67,Li6,"(n,Xt)",0.20766900099176513,0.00022021931707418075
67,Li7,"(n,Xt)",0.0048517057812725575,6.333098205469336e-06
