cell,nuclide,score,mean,std. dev.
30,Li6,"(n,Xt)",1.0842022555077226,0.001436556884907535
30,Li7,"(n,Xt)",0.06071841781600158,0.00010855882646108284
27,Li6,"(n,Xt)",0.12197689972051026,0.00016089935770147032
27,Li7,"(n,Xt)",0.01701877576115428,2.1233545262532382e-05
