cell,nuclide,score,mean,std. dev.
40,Li6,"(n,Xt)",1.0864559951043937,0.0013422337622593006
40,Li7,"(n,Xt)",0.053208930559053444,9.23522055726263e-05
37,Li6,"(n,Xt)",0.1507061512864437,0.0002640855688901095
37,Li7,"(n,Xt)",0.015035925458493055,2.0090123432781295e-05
