cell,nuclide,score,mean,std. dev.
50,Li6,"(n,Xt)",1.0738356726485137,0.00043893480913329605
50,Li7,"(n,Xt)",0.03488793729774604,6.707612400359599e-05
47,Li6,"(n,Xt)",0.19816154029747196,0.0004376117012662704
47,Li7,"(n,Xt)",0.010051647826244552,1.367257153368252e-05
