cell,nuclide,score,mean,std. dev.
20,Li6,"(n,Xt)",1.066520510598194,0.0014326772148152201
20,Li7,"(n,Xt)",0.06641467535750081,0.0001260308697506469
17,Li6,"(n,Xt)",0.09034430843936844,0.00022608662512495307
17,Li7,"(n,Xt)",0.01850175044249395,2.4771177978971158e-05
