cell,nuclide,score,mean,std. dev.
60,Li6,"(n,Xt)",1.058635868272246,0.0009599731911286078
60,Li7,"(n,Xt)",0.01714777712418659,3.463758888837993e-05
57,Li6,"(n,Xt)",0.23056542790116735,0.0004944036150502858
57,Li7,"(n,Xt)",0.005035997650684142,7.099609834562099e-06
