cell,nuclide,score,mean,std. dev.
10,Li6,"(n,Xt)",0.29942524965145884,0.000346295635927751
10,Li7,"(n,Xt)",0.08636630443424634,0.00016808380506737948
6,Li6,"(n,Xt)",0.0008461300415202435,3.8129461199097994e-06
6,Li7,"(n,Xt)",0.019916981124132056,3.155294061019934e-05
