cell,nuclide,score,mean,std. dev.
40,Li6,"(n,Xt)",1.034169410768659,0.000841338898817562
40,Li7,"(n,Xt)",0.06375718581342589,0.0001203589439483117
37,Li6,"(n,Xt)",0.13434248195242088,0.0002000934124351971
37,Li7,"(n,Xt)",0.014973908851416329,2.4034539403275224e-05
