cell,nuclide,score,mean,std. dev.
50,Li6,"(n,Xt)",1.0265344283024334,0.0011621672552663968
50,Li7,"(n,Xt)",0.04183814029006228,8.121907582284233e-05
47,Li6,"(n,Xt)",0.17329487032260973,0.00018968238453559945
47,Li7,"(n,Xt)",0.009998056039062477,1.674883778132289e-05
