cell,nuclide,score,mean,std. dev.
60,Li6,"(n,Xt)",1.014437212416669,0.0017076602650064868
60,Li7,"(n,Xt)",0.020579360235098786,4.448140270189353e-05
57,Li6,"(n,Xt)",0.1992162775695022,0.00031864065304857683
57,Li7,"(n,Xt)",0.005010305105941427,8.64366836470367e-06
