cell,nuclide,score,mean,std. dev.
70,Li6,"(n,Xt)",1.0043348511028074,0.0009738517484378808
70,Li7,"(n,Xt)",8.095167282198747e-06,1.8271965358692634e-08
67,Li6,"(n,Xt)",0.21905406649450887,0.0003219544452746848
67,Li7,"(n,Xt)",2.0088074793918856e-06,3.4836230026061956e-09
