cell,nuclide,score,mean,std. dev.
6,Li6,"(n,Xt)",0.09064026926966799,0.00014690029758256218
6,Li7,"(n,Xt)",0.018925328011133925,2.7527680238785513e-05
10,Li6,"(n,Xt)",1.0588346774837638,0.0013361966021589395
10,Li7,"(n,Xt)",0.06857237554818543,8.318335612120134e-05
13,Li6,"(n,Xt)",0.002520490920942795,3.088568853402926e-05
13,Li7,"(n,Xt)",4.068102427076476e-05,2.8959312203568087e-06
