cell,nuclide,score,mean,std. dev.
33,Li6,"(n,Xt)",0.09025432100773931,0.00020142622235562035
33,Li7,"(n,Xt)",0.018503294110096775,2.589576834942339e-05
36,Li6,"(n,Xt)",1.0642505174556738,0.0009218290745040497
36,Li7,"(n,Xt)",0.06634716306665076,9.78068045052834e-05
39,Li6,"(n,Xt)",0.0025923246564075577,5.360418036720557e-05
39,Li7,"(n,Xt)",3.748982613012367e-05,2.652110505468552e-06
