cell,nuclide,score,mean,std. dev.
46,Li6,"(n,Xt)",0.08987073736174007,0.00012730535200661087
46,Li7,"(n,Xt)",0.01827624773665753,2.8917671440373862e-05
49,Li6,"(n,Xt)",1.0698401461168252,0.0012858949801425883
49,Li7,"(n,Xt)",0.06505105955697073,0.00010676497169732842
52,Li6,"(n,Xt)",0.0026388905242457506,8.58914140916923e-05
52,Li7,"(n,Xt)",3.568731373996109e-05,3.5818349215010967e-06
