cell,nuclide,score,mean,std. dev.
59,Li6,"(n,Xt)",0.08982622888869247,0.00015509324433450787
59,Li7,"(n,Xt)",0.018026275860733142,2.4332226918255318e-05
62,Li6,"(n,Xt)",1.0754165114660332,0.0016628623311803134
62,Li7,"(n,Xt)",0.06367247774133587,8.006538963383949e-05
65,Li6,"(n,Xt)",0.0026866741379943495,6.534137126004415e-05
65,Li7,"(n,Xt)",3.5032993905452256e-05,3.2436313796003915e-06
