cell,nuclide,score,mean,std. dev.
72,Li6,"(n,Xt)",0.08996477682660398,0.0002526245069187569
72,Li7,"(n,Xt)",0.017743989500345295,2.375791807410283e-05
75,Li6,"(n,Xt)",1.0807556147786122,0.001894530285517149
75,Li7,"(n,Xt)",0.06219363195797774,0.00010331409550486672
78,Li6,"(n,Xt)",0.002627049780927174,6.903018936912644e-05
78,Li7,"(n,Xt)",3.287468133130564e-05,2.4837329680699033e-06
