cell,nuclide,score,mean,std. dev.
85,Li6,"(n,Xt)",0.08908055580356852,0.00013662841000847126
85,Li7,"(n,Xt)",0.017427613209424944,2.126254883728559e-05
88,Li6,"(n,Xt)",1.0867691575627536,0.0007164925208055031
88,Li7,"(n,Xt)",0.06060351224837853,9.728606388274434e-05
91,Li6,"(n,Xt)",0.0027048704076830226,4.329150120689433e-05
91,Li7,"(n,Xt)",3.158780870256878e-05,2.66670982170864e-06
