cell,nuclide,score,mean,std. dev.
98,Li6,"(n,Xt)",0.08891601928696846,0.00017622085129776271
98,Li7,"(n,Xt)",0.0170884435019848,2.0146014261110027e-05
101,Li6,"(n,Xt)",1.0906329002208552,0.0008682203365691109
101,Li7,"(n,Xt)",0.05883602205088921,9.922693464216892e-05
104,Li6,"(n,Xt)",0.0027899308765050477,5.9946497171877945e-05
104,Li7,"(n,Xt)",3.188970473542585e-05,1.3837273380387626e-06
