cell,nuclide,score,mean,std. dev.
111,Li6,"(n,Xt)",0.08835980219092908,0.00016312872529289263
111,Li7,"(n,Xt)",0.016701189698465672,1.7307242657622154e-05
114,Li6,"(n,Xt)",1.09754098781975,0.0010283229661060267
114,Li7,"(n,Xt)",0.05689491420106171,0.00010270408955806262
117,Li6,"(n,Xt)",0.0028387044088556018,5.598147265223564e-05
117,Li7,"(n,Xt)",3.0421096566655418e-05,1.4645485610280423e-06
