cell,nuclide,score,mean,std. dev.
124,Li6,"(n,Xt)",0.08766567880928491,0.00018931424675875424
124,Li7,"(n,Xt)",0.01627398958570908,1.6509921149700978e-05
127,Li6,"(n,Xt)",1.1073211785344905,0.0015410703485538486
127,Li7,"(n,Xt)",0.054727013595375296,0.00012258588488291245
130,Li6,"(n,Xt)",0.0029294758648771924,6.605683727649056e-05
130,Li7,"(n,Xt)",2.8898878854075452e-05,1.6957734145653477e-06
