cell,nuclide,score,mean,std. dev.
137,Li6,"(n,Xt)",0.0875902224708609,0.00025783992933936794
137,Li7,"(n,Xt)",0.015776466971982008,1.434687292732249e-05
140,Li6,"(n,Xt)",1.1141627895061041,0.0017396522534279281
140,Li7,"(n,Xt)",0.052368022436881156,0.00012105203776956701
143,Li6,"(n,Xt)",0.0029747575536216526,7.851208995291534e-05
143,Li7,"(n,Xt)",2.6395287537765666e-05,1.1502148414893879e-06
