cell,nuclide,score,mean,std. dev.
20,Li6,"(n,Xt)",0.09055151317816688,0.00015858258202846838
20,Li7,"(n,Xt)",0.018721603876596694,2.6047483821030887e-05
23,Li6,"(n,Xt)",1.060291711805259,0.000984297300717127
23,Li7,"(n,Xt)",0.06747215312189904,9.277590208285465e-05
26,Li6,"(n,Xt)",0.002568265759433756,5.5642143293368274e-05
26,Li7,"(n,Xt)",3.690155972913936e-05,2.7784122421147095e-06
