cell,nuclide,score,mean,std. dev.
150,Li6,"(n,Xt)",0.08682363601127069,0.00018686586144257491
150,Li7,"(n,Xt)",0.015216230777286736,1.6861929042359004e-05
153,Li6,"(n,Xt)",1.1211954472098196,0.0010316493214345278
153,Li7,"(n,Xt)",0.04969588722958891,0.00011295613491571031
156,Li6,"(n,Xt)",0.0030824433917866524,4.992685802015999e-05
156,Li7,"(n,Xt)",2.276976192683694e-05,1.1116930803575955e-06
