cell,nuclide,score,mean,std. dev.
163,Li6,"(n,Xt)",0.08571960090646724,0.0002613269694331706
163,Li7,"(n,Xt)",0.014577568006473857,1.732384927275468e-05
166,Li6,"(n,Xt)",1.1302935618761116,0.0014496895463747446
166,Li7,"(n,Xt)",0.046692230355596366,0.00010705521018308422
169,Li6,"(n,Xt)",0.0034653969265137307,5.677860774496343e-05
169,Li7,"(n,Xt)",2.212035193674032e-05,1.7336383198348067e-06
