cell,nuclide,score,mean,std. dev.
176,Li6,"(n,Xt)",0.08453540074017206,0.00017569446613296375
176,Li7,"(n,Xt)",0.013826463562772517,1.4058056791482744e-05
179,Li6,"(n,Xt)",1.1411582994245364,0.0014838759953363283
179,Li7,"(n,Xt)",0.04337638453200239,9.66166471088725e-05
182,Li6,"(n,Xt)",0.0036042456052299806,5.130020241403465e-05
182,Li7,"(n,Xt)",1.7912583332335093e-05,1.7546282075575322e-06
