cell,nuclide,score,mean,std. dev.
189,Li6,"(n,Xt)",0.08254168155147894,0.0001174274947331214
189,Li7,"(n,Xt)",0.012934516665978859,1.3615336862262081e-05
192,Li6,"(n,Xt)",1.1518543870654794,0.0014071701839469405
192,Li7,"(n,Xt)",0.03955908496073778,0.00010256016306423518
195,Li6,"(n,Xt)",0.004037988639905645,9.169469490086509e-05
195,Li7,"(n,Xt)",1.6897770970950775e-05,1.6706472556157687e-06
