cell,nuclide,score,mean,std. dev.
202,Li6,"(n,Xt)",0.07996853170901538,0.00014165694726891754
202,Li7,"(n,Xt)",0.011863281647455558,1.3757436622445205e-05
205,Li6,"(n,Xt)",1.1641737406504507,0.0013160037121428604
205,Li7,"(n,Xt)",0.035260157106902,9.315839647750917e-05
208,Li6,"(n,Xt)",0.0045449856961820865,0.00010109838071762622
208,Li7,"(n,Xt)",1.4989276517135463e-05,1.3470943641481212e-06
