cell,nuclide,score,mean,std. dev.
215,Li6,"(n,Xt)",0.07654977551970753,0.00013527918038858856
215,Li7,"(n,Xt)",0.01054735229169609,1.2706613270118085e-05
218,Li6,"(n,Xt)",1.1740880185601485,0.0015670330814337133
218,Li7,"(n,Xt)",0.030268635327239217,5.865436413083322e-05
221,Li6,"(n,Xt)",0.00543629253443818,7.625872520024439e-05
221,Li7,"(n,Xt)",1.000150304575935e-05,7.447273243619859e-07
