cell,nuclide,score,mean,std. dev.
228,Li6,"(n,Xt)",0.07145734198795387,8.399937055658244e-05
228,Li7,"(n,Xt)",0.008908435995052777,8.767119354185092e-06
231,Li6,"(n,Xt)",1.181435275054739,0.0012303232616443175
231,Li7,"(n,Xt)",0.024399397092758596,4.29845998875187e-05
234,Li6,"(n,Xt)",0.007356822663576354,9.7685590194919e-05
234,Li7,"(n,Xt)",7.398011735717211e-06,6.533988752841911e-07
