cell,nuclide,score,mean,std. dev.
241,Li6,"(n,Xt)",0.06278436644469529,0.0001272480782847
241,Li7,"(n,Xt)",0.0068020784334388625,7.813441614443117e-06
244,Li6,"(n,Xt)",1.1705526752226416,0.0013872994406306663
244,Li7,"(n,Xt)",0.017505226880633468,2.8306116486456457e-05
247,Li6,"(n,Xt)",0.011899058980296948,0.00010969699500987511
247,Li7,"(n,Xt)",3.769556977216676e-06,5.638526863632368e-07
