cell,nuclide,score,mean,std. dev.
10,Li6,"(n,Xt)",0.9892626054602178,0.0010973819746534301
10,Li7,"(n,Xt)",0.07981351232572712,0.0001628614572503735
6,Li6,"(n,Xt)",0.11126801471882616,0.000267345032091209
6,Li7,"(n,Xt)",0.019770160530601825,3.5451258526829633e-05
