cell,nuclide,score,mean,std. dev.
30,Li6,"(n,Xt)",0.9977054757685193,0.000939063147254571
30,Li7,"(n,Xt)",0.07718541960532958,0.0001723123687996182
27,Li6,"(n,Xt)",0.11114102162787018,0.00010935596757002966
27,Li7,"(n,Xt)",0.019327575468569787,3.205627346398983e-05
