cell,nuclide,score,mean,std. dev.
40,Li6,"(n,Xt)",1.0010932482138415,0.0011066217676709603
40,Li7,"(n,Xt)",0.07575182889120706,0.00015896467965734475
37,Li6,"(n,Xt)",0.1113130214620752,0.00025883919446380814
37,Li7,"(n,Xt)",0.019085449005419104,3.240476417586695e-05
