cell,nuclide,score,mean,std. dev.
50,Li6,"(n,Xt)",1.008351794861687,0.0008667338119052641
50,Li7,"(n,Xt)",0.07418399720938443,0.00014831537304246556
47,Li6,"(n,Xt)",0.11102550009713626,0.0002735098081043363
47,Li7,"(n,Xt)",0.01882140514717564,3.176986989345604e-05
