cell,nuclide,score,mean,std. dev.
60,Li6,"(n,Xt)",1.012581992982121,0.0011780097993291342
60,Li7,"(n,Xt)",0.07250349034425843,0.00015448720766688046
57,Li6,"(n,Xt)",0.11105914866172432,0.0001945567407472416
57,Li7,"(n,Xt)",0.018527307292073174,2.9262104457460563e-05
