cell,nuclide,score,mean,std. dev.
70,Li6,"(n,Xt)",1.0191753974921425,0.000966830780997148
70,Li7,"(n,Xt)",0.07065500937814873,0.00016202280421373174
67,Li6,"(n,Xt)",0.11082331064972376,0.000271552824770206
67,Li7,"(n,Xt)",0.018188965276038027,2.8125361100598613e-05
