cell,nuclide,score,mean,std. dev.
80,Li6,"(n,Xt)",1.0248765952496024,0.0009362135765560648
80,Li7,"(n,Xt)",0.06863135454505795,0.000170865450616775
77,Li6,"(n,Xt)",0.11064520403813216,0.00033081313464259634
77,Li7,"(n,Xt)",0.01783608746108415,2.7522995096069657e-05
