cell,nuclide,score,mean,std. dev.
90,Li6,"(n,Xt)",1.0307762578129507,0.0008665959144744624
90,Li7,"(n,Xt)",0.06639941159591005,0.0001703908251033266
87,Li6,"(n,Xt)",0.1103439935371463,0.00019301166530133742
87,Li7,"(n,Xt)",0.017432495190288236,2.5737453428045278e-05
