cell,nuclide,score,mean,std. dev.
100,Li6,"(n,Xt)",1.0394272669776197,0.001164661136748043
100,Li7,"(n,Xt)",0.0638413279096173,0.00014879636637198248
97,Li6,"(n,Xt)",0.11012917695955608,0.00012571130054580065
97,Li7,"(n,Xt)",0.016974620972575342,2.310954848336622e-05
