cell,nuclide,score,mean,std. dev.
110,Li6,"(n,Xt)",1.0464172430946939,0.0010679646654666419
110,Li7,"(n,Xt)",0.061044067630126354,0.00011994936492458537
107,Li6,"(n,Xt)",0.10986034293301059,0.00014119378935909395
107,Li7,"(n,Xt)",0.016459799520982123,2.3972480203837005e-05
