cell,nuclide,score,mean,std. dev.
20,Li6,"(n,Xt)",0.9940174463583018,0.0007943728713784566
20,Li7,"(n,Xt)",0.07852016994109846,0.00014267005231666618
17,Li6,"(n,Xt)",0.11106098329614782,0.0001962356974470885
17,Li7,"(n,Xt)",0.01955142544513479,3.3696897601814115e-05
