cell,nuclide,score,mean,std. dev.
120,Li6,"(n,Xt)",1.0558435320190653,0.0011236916509719946
120,Li7,"(n,Xt)",0.05801678786374224,0.00011598757701157928
117,Li6,"(n,Xt)",0.10940197610144246,0.0001971988365458892
117,Li7,"(n,Xt)",0.015871930583481637,2.2241756226597672e-05
