cell,nuclide,score,mean,std. dev.
130,Li6,"(n,Xt)",1.064812237164805,0.0011128079672285038
130,Li7,"(n,Xt)",0.0546085328361874,0.00011008720729334711
127,Li6,"(n,Xt)",0.10890302609331284,0.0002729193329511597
127,Li7,"(n,Xt)",0.015191181778176525,1.9632292854100393e-05
