cell,nuclide,score,mean,std. dev.
140,Li6,"(n,Xt)",1.074807113000114,0.0013094896283604002
140,Li7,"(n,Xt)",0.050710932682159426,0.00010416018332113164
137,Li6,"(n,Xt)",0.10760385141071879,0.00023750875947843605
137,Li7,"(n,Xt)",0.014412715103334837,2.0765349345806855e-05
