cell,nuclide,score,mean,std. dev.
150,Li6,"(n,Xt)",1.0880758252356704,0.0011426571833043088
150,Li7,"(n,Xt)",0.046337019052064596,0.0001006308125466742
147,Li6,"(n,Xt)",0.10667565834871962,0.0002517632989283526
147,Li7,"(n,Xt)",0.013478568131000446,2.26644633227351e-05
