cell,nuclide,score,mean,std. dev.
160,Li6,"(n,Xt)",1.100324304227541,0.0012186860528719473
160,Li7,"(n,Xt)",0.041238264779049516,0.00010593110663542248
157,Li6,"(n,Xt)",0.1050866710682852,0.0001368515119265226
157,Li7,"(n,Xt)",0.012353202691272928,1.833741826488866e-05
