cell,nuclide,score,mean,std. dev.
170,Li6,"(n,Xt)",1.1098641807847691,0.0006392396150819408
170,Li7,"(n,Xt)",0.03541327638494683,7.264261022004774e-05
167,Li6,"(n,Xt)",0.1018994783832053,0.00019303746858718797
167,Li7,"(n,Xt)",0.010977032240077388,1.669223023794341e-05
