cell,nuclide,score,mean,std. dev.
180,Li6,"(n,Xt)",1.1157759208777966,0.001376269978923292
180,Li7,"(n,Xt)",0.028557578833940483,4.9071291855723445e-05
177,Li6,"(n,Xt)",0.09681440899240876,0.0001750548986969117
177,Li7,"(n,Xt)",0.009266447411623897,1.3682257953462835e-05
