cell,nuclide,score,mean,std. dev.
190,Li6,"(n,Xt)",1.1114043830882685,0.0008187523915131017
190,Li7,"(n,Xt)",0.020497603528641266,3.64018701516317e-05
187,Li6,"(n,Xt)",0.08744175777689864,0.00014305502503264526
187,Li7,"(n,Xt)",0.007062359147509865,1.1442845681815987e-05
