cell,nuclide,score,mean,std. dev.
30,Li6,"(n,Xt)",1.0157025127685537,0.0013564097466023306
30,Li7,"(n,Xt)",0.07311494668085028,0.00015857151489668368
27,Li6,"(n,Xt)",0.12858064946679928,0.0002214291381932647
27,Li7,"(n,Xt)",0.017625044968173586,2.743531368918785e-05
