cell,nuclide,score,mean,std. dev.
50,Li6,"(n,Xt)",1.0071627239508332,0.0011393947075562295
50,Li7,"(n,Xt)",0.04197518215276562,9.400598320131133e-05
47,Li6,"(n,Xt)",0.19895046588966042,0.00022349331782451747
47,Li7,"(n,Xt)",0.010398014387186053,1.6805776138684354e-05
