cell,nuclide,score,mean,std. dev.
60,Li6,"(n,Xt)",0.9939195869754824,0.0011424800107474532
60,Li7,"(n,Xt)",0.020643961900480394,4.995456586228994e-05
57,Li6,"(n,Xt)",0.22700298534646843,0.0004071479201333167
57,Li7,"(n,Xt)",0.005207155660848921,8.709964445855027e-06
