cell,nuclide,score,mean,std. dev.
50,Li6,"(n,Xt)",0.990986122473814,0.0012703767596678956
50,Li7,"(n,Xt)",0.059243460540671956,0.00012729369475369197
47,Li6,"(n,Xt)",0.15822353691035268,0.00034838791738697115
47,Li7,"(n,Xt)",0.015016641515792673,2.1143553491712926e-05
