cell,nuclide,score,mean,std. dev.
70,Li6,"(n,Xt)",0.9721193745083208,0.0015309245908786027
70,Li7,"(n,Xt)",0.024661161508565947,5.255931071814665e-05
67,Li6,"(n,Xt)",0.2021198590498548,0.00037066349327072973
67,Li7,"(n,Xt)",0.006444473541879242,8.27647711624939e-06
