cell,nuclide,score,mean,std. dev.
60,Li6,"(n,Xt)",0.9692439843651839,0.0011272383796791323
60,Li7,"(n,Xt)",0.030659232051842282,6.517792146250081e-05
57,Li6,"(n,Xt)",0.24501702151045204,0.0006044850410281131
57,Li7,"(n,Xt)",0.008191318127127473,1.1613761899313707e-05
