cell,nuclide,score,mean,std. dev.
30,Li6,"(n,Xt)",1.0307652349335796,0.001602928395256731
30,Li7,"(n,Xt)",0.07397224076936579,0.0001456855075586664
27,Li6,"(n,Xt)",0.10847044353467468,0.0002547728466752356
27,Li7,"(n,Xt)",0.01759288955998061,2.7086868875321783e-05
