cell,nuclide,score,mean,std. dev.
50,Li6,"(n,Xt)",1.0257260010670013,0.0011825800518131466
50,Li7,"(n,Xt)",0.04248493023402827,8.139802495986625e-05
47,Li6,"(n,Xt)",0.17130418664851685,0.00033097024855068664
47,Li7,"(n,Xt)",0.01038154111779425,1.4374213102979141e-05
