cell,nuclide,score,mean,std. dev.
46,Li6,"(n,Xt)",0.09012068607505733,0.0001837474336538669
46,Li7,"(n,Xt)",0.01827755228953518,2.8158828855056405e-05
49,Li6,"(n,Xt)",0.9825048848041987,0.0013448270041937797
49,Li7,"(n,Xt)",0.06273337777002537,0.0001257218414436043
52,Li6,"(n,Xt)",0.09272989458413342,0.0002617390789770067
52,Li7,"(n,Xt)",0.0018833465616127983,1.254223386415549e-05
