cell,nuclide,score,mean,std. dev.
59,Li6,"(n,Xt)",0.08997567499461312,0.0002177900290535893
59,Li7,"(n,Xt)",0.01802745167131229,2.3655304844271906e-05
62,Li6,"(n,Xt)",0.9864461295278992,0.0013665978787744985
62,Li7,"(n,Xt)",0.061403828930978434,0.00011587951445940099
65,Li6,"(n,Xt)",0.0939418703713443,0.00024283641943693448
65,Li7,"(n,Xt)",0.001833169607132,1.8745098866553203e-05
