cell,nuclide,score,mean,std. dev.
85,Li6,"(n,Xt)",0.08932182176933905,0.0001424332460125728
85,Li7,"(n,Xt)",0.017426401312658667,2.021567783945526e-05
88,Li6,"(n,Xt)",0.9935737714255133,0.0012055551196225426
88,Li7,"(n,Xt)",0.05849673805370007,0.00011968627209216768
91,Li6,"(n,Xt)",0.09755424543775466,0.0005651654892297017
91,Li7,"(n,Xt)",0.0016920224122260112,1.6699788146748708e-05
