cell,nuclide,score,mean,std. dev.
98,Li6,"(n,Xt)",0.08895936722637846,0.00012031362504694244
98,Li7,"(n,Xt)",0.017083549158147776,2.012236092750328e-05
101,Li6,"(n,Xt)",0.9973580240463127,0.0008607448948395819
101,Li7,"(n,Xt)",0.05687229240878362,0.00011731550420163166
104,Li6,"(n,Xt)",0.09827934402567778,0.0006160704753698802
104,Li7,"(n,Xt)",0.001617620518605307,1.1722784913151594e-05
