cell,nuclide,score,mean,std. dev.
111,Li6,"(n,Xt)",0.08867667527317945,0.00020493059818580973
111,Li7,"(n,Xt)",0.016700809299979504,1.793217887718178e-05
114,Li6,"(n,Xt)",1.0016858061049,0.0009852204188146886
114,Li7,"(n,Xt)",0.054991314091020226,0.00010863906173809788
117,Li6,"(n,Xt)",0.10081120819944223,0.000477434450008579
117,Li7,"(n,Xt)",0.0015252668445704476,1.3086793560900533e-05
