cell,nuclide,score,mean,std. dev.
124,Li6,"(n,Xt)",0.08810121375942712,0.00023151721001682233
124,Li7,"(n,Xt)",0.01627397462350143,1.7577773457981908e-05
127,Li6,"(n,Xt)",1.007342006654588,0.0012370712170275066
127,Li7,"(n,Xt)",0.05298673410670522,0.0001200411071666196
130,Li6,"(n,Xt)",0.10338513935903368,0.0005034922471680142
130,Li7,"(n,Xt)",0.0014178707588325293,1.3539313411494354e-05
