cell,nuclide,score,mean,std. dev.
20,Li6,"(n,Xt)",0.09051152339353843,0.00021647096677734277
20,Li7,"(n,Xt)",0.018719643360656436,2.5156230715833907e-05
23,Li6,"(n,Xt)",0.9758875478591763,0.001532906943743216
23,Li7,"(n,Xt)",0.06492170396360938,9.921574435309853e-05
26,Li6,"(n,Xt)",0.09077291353326247,0.00030526932202985514
26,Li7,"(n,Xt)",0.0020040137930119896,1.4336938735096915e-05
