cell,nuclide,score,mean,std. dev.
150,Li6,"(n,Xt)",0.08691512362165921,0.00019159939754494115
150,Li7,"(n,Xt)",0.015217274401825066,1.7545373123686993e-05
153,Li6,"(n,Xt)",1.0164849639020688,0.0015320268671578509
153,Li7,"(n,Xt)",0.04813250711544023,9.861110084621768e-05
156,Li6,"(n,Xt)",0.10880551340166127,0.0005008346792251177
156,Li7,"(n,Xt)",0.0012114152079781668,1.8032610005574776e-05
