cell,nuclide,score,mean,std. dev.
176,Li6,"(n,Xt)",0.08467069669896062,0.00022741262691570378
176,Li7,"(n,Xt)",0.013827140681094103,1.419068492179944e-05
179,Li6,"(n,Xt)",1.025445399903345,0.0011584013908140648
179,Li7,"(n,Xt)",0.04213952062507082,8.866126953395032e-05
182,Li6,"(n,Xt)",0.11968793370752669,0.0006345769632523282
182,Li7,"(n,Xt)",0.0009931533525860499,1.3790877492367088e-05
