cell,nuclide,score,mean,std. dev.
189,Li6,"(n,Xt)",0.0826949424352289,0.00011044986208728925
189,Li7,"(n,Xt)",0.012932554601209201,1.4244929047298275e-05
192,Li6,"(n,Xt)",1.0307733571671327,0.0011804582992417506
192,Li7,"(n,Xt)",0.038441102779114694,8.363457284138894e-05
195,Li6,"(n,Xt)",0.126768692137278,0.00030239445987851346
195,Li7,"(n,Xt)",0.0008551406018702029,8.797957439458286e-06
