cell,nuclide,score,mean,std. dev.
202,Li6,"(n,Xt)",0.08008707361279781,0.00012096223311074156
202,Li7,"(n,Xt)",0.011860597430420977,1.3745755809340254e-05
205,Li6,"(n,Xt)",1.0305194662199608,0.001274496434189862
205,Li7,"(n,Xt)",0.03433357133405759,7.490423487269645e-05
208,Li6,"(n,Xt)",0.13730012559981658,0.00032670942313587335
208,Li7,"(n,Xt)",0.0006972368518671892,8.483713015810599e-06
