cell,nuclide,score,mean,std. dev.
215,Li6,"(n,Xt)",0.07643767838077661,0.0001439845981441176
215,Li7,"(n,Xt)",0.010545790213901621,1.3172501681311738e-05
218,Li6,"(n,Xt)",1.02870049775901,0.000778537531853257
218,Li7,"(n,Xt)",0.029547101257253662,6.1011123865415506e-05
221,Li6,"(n,Xt)",0.15036974942703915,0.00032781713188473886
221,Li7,"(n,Xt)",0.0005795890062434136,9.447080155349002e-06
