cell,nuclide,score,mean,std. dev.
228,Li6,"(n,Xt)",0.07157321524941615,0.00012463312930286214
228,Li7,"(n,Xt)",0.008908742927591686,8.486585542547737e-06
231,Li6,"(n,Xt)",1.0137741865735086,0.001474232875329482
231,Li7,"(n,Xt)",0.023878550531682148,4.193448757701688e-05
234,Li6,"(n,Xt)",0.1730740668330775,0.00040464654321305135
234,Li7,"(n,Xt)",0.0004188747442758634,5.536582343592619e-06
