cell,nuclide,score,mean,std. dev.
241,Li6,"(n,Xt)",0.06299674799973305,0.00015423685670785497
241,Li7,"(n,Xt)",0.0068024319024417804,7.677775303282306e-06
244,Li6,"(n,Xt)",0.9670991445504864,0.0008440608009005991
244,Li7,"(n,Xt)",0.01719151527160873,2.7374681269273382e-05
247,Li6,"(n,Xt)",0.2120569457871689,0.0006791606916919264
247,Li7,"(n,Xt)",0.00026544807189356255,4.93098604363558e-06
