cell,nuclide,score,mean,std. dev.
10,Li6,"(n,Xt)",0.29340883461252637,0.0005162706955712539
10,Li7,"(n,Xt)",0.082925776406228,0.0001765526883034305
6,Li6,"(n,Xt)",0.0008653604135147649,2.756222258938431e-06
6,Li7,"(n,Xt)",0.019730274223777305,2.725474052822058e-05
