cell,nuclide,score,mean,std. dev.
30,Li6,"(n,Xt)",1.033583089092944,0.000959211532039941
30,Li7,"(n,Xt)",0.06985075558904112,0.00013638902304352864
27,Li6,"(n,Xt)",0.11942755881410654,0.00021030119241093303
27,Li7,"(n,Xt)",0.016797155475403374,2.392881183079386e-05
