cell,nuclide,score,mean,std. dev.
40,Li6,"(n,Xt)",1.0372621473316463,0.0012304489006677568
40,Li7,"(n,Xt)",0.061236295782187956,0.0001352745579850498
37,Li6,"(n,Xt)",0.14528925891676167,0.000350938032215865
37,Li7,"(n,Xt)",0.014831404328243012,2.0442815793327475e-05
