cell,nuclide,score,mean,std. dev.
50,Li6,"(n,Xt)",1.0303064220183988,0.001253947754598975
50,Li7,"(n,Xt)",0.04018782326523489,8.803884290162502e-05
47,Li6,"(n,Xt)",0.18620388543338995,0.0005119613939656455
47,Li7,"(n,Xt)",0.009907028083547978,1.3449678006260508e-05
