cell,nuclide,score,mean,std. dev.
20,Li6,"(n,Xt)",1.0157464100516873,0.0013336575753257081
20,Li7,"(n,Xt)",0.07638073885026121,0.0001667594384293578
17,Li6,"(n,Xt)",0.09030100602456016,0.0001741589974670801
17,Li7,"(n,Xt)",0.018273695928258105,2.6483776989451955e-05
