cell,nuclide,score,mean,std. dev.
60,Li6,"(n,Xt)",1.0178961436420513,0.001198594702984224
60,Li7,"(n,Xt)",0.01977657029009598,4.47827198500038e-05
57,Li6,"(n,Xt)",0.21334928501744846,0.0003963566092192726
57,Li7,"(n,Xt)",0.004962798526801445,6.352671414597168e-06
