cell,nuclide,score,mean,std. dev.
70,Li6,"(n,Xt)",1.0080521985896558,0.0008659595117197609
70,Li7,"(n,Xt)",7.785178214792122e-06,1.761774955021422e-08
67,Li6,"(n,Xt)",0.2331976682296673,0.0006715645798024912
67,Li7,"(n,Xt)",1.989503009969569e-06,2.601188085900388e-09
