cell,nuclide,score,mean,std. dev.
10,Li6,"(n,Xt)",1.162152449767199,0.0013540014778907
10,Li7,"(n,Xt)",0.025530603358415033,9.632561146252024e-05
6,Li6,"(n,Xt)",0.13816957648090178,0.00028050651150470803
6,Li7,"(n,Xt)",0.018561279364261437,2.220864149419394e-05
