cell,nuclide,score,mean,std. dev.
30,Li6,"(n,Xt)",1.1650778667436044,0.0011660514341324424
30,Li7,"(n,Xt)",0.02473961344906981,9.933182383994307e-05
27,Li6,"(n,Xt)",0.1367882682858467,0.00029655032623166627
27,Li7,"(n,Xt)",0.018157842997657755,2.0383333460612023e-05
