cell,nuclide,score,mean,std. dev.
40,Li6,"(n,Xt)",1.165864936814674,0.0007561549039940622
40,Li7,"(n,Xt)",0.024268589866358558,9.304382012993054e-05
37,Li6,"(n,Xt)",0.13599319534040757,0.0003418669344611188
37,Li7,"(n,Xt)",0.017936932001284718,2.19411157158734e-05
