cell,nuclide,score,mean,std. dev.
50,Li6,"(n,Xt)",1.1669217549819144,0.0013961388895224287
50,Li7,"(n,Xt)",0.023785571938912457,9.442456043645805e-05
47,Li6,"(n,Xt)",0.1350425665385842,0.00024599478972341267
47,Li7,"(n,Xt)",0.01769587117985723,2.0635164979892467e-05
