cell,nuclide,score,mean,std. dev.
60,Li6,"(n,Xt)",1.1685214093663134,0.0011219219157118123
60,Li7,"(n,Xt)",0.023235069878171942,0.000103983336098986
57,Li6,"(n,Xt)",0.13391948089471464,0.00021530606718633984
57,Li7,"(n,Xt)",0.017421005788832336,1.9604991199666142e-05
