cell,nuclide,score,mean,std. dev.
70,Li6,"(n,Xt)",1.1737082324196897,0.0012132187133357501
70,Li7,"(n,Xt)",0.02264433493421577,9.672740946949982e-05
67,Li6,"(n,Xt)",0.13276158156949838,0.00028190137772603967
67,Li7,"(n,Xt)",0.017116732616475283,1.7589503672539166e-05
