cell,nuclide,score,mean,std. dev.
80,Li6,"(n,Xt)",1.1754066964339507,0.0020299648148565156
80,Li7,"(n,Xt)",0.021970258284835932,0.00010344989895323302
77,Li6,"(n,Xt)",0.1312519961702891,0.0003154813836046164
77,Li7,"(n,Xt)",0.016783928601711656,1.555851341385557e-05
