cell,nuclide,score,mean,std. dev.
90,Li6,"(n,Xt)",1.1774061995309355,0.0012264760434898437
90,Li7,"(n,Xt)",0.021257989513175268,9.710804128843062e-05
87,Li6,"(n,Xt)",0.13009253348706104,0.0002493352082141899
87,Li7,"(n,Xt)",0.01641129198731305,1.3597499909386002e-05
