cell,nuclide,score,mean,std. dev.
100,Li6,"(n,Xt)",1.1804819518308078,0.0012838896110484949
100,Li7,"(n,Xt)",0.020487641450292228,0.00010289429939291539
97,Li6,"(n,Xt)",0.12805825047280803,0.00022260564620338625
97,Li7,"(n,Xt)",0.015992126171592725,1.1885962334665635e-05
