cell,nuclide,score,mean,std. dev.
110,Li6,"(n,Xt)",1.1845436718184525,0.0014043428816891729
110,Li7,"(n,Xt)",0.019625178629527545,9.952932830707925e-05
107,Li6,"(n,Xt)",0.12596542669299213,0.00020830146514954294
107,Li7,"(n,Xt)",0.015514453493415977,1.2734251544225623e-05
