cell,nuclide,score,mean,std. dev.
20,Li6,"(n,Xt)",1.1656126346576483,0.0011807331989191505
20,Li7,"(n,Xt)",0.0251256307468798,0.00010114246997970198
17,Li6,"(n,Xt)",0.13708667896085563,0.00020281357195451005
17,Li7,"(n,Xt)",0.018370826826828383,2.2210933114441447e-05
