cell,nuclide,score,mean,std. dev.
120,Li6,"(n,Xt)",1.1890502248980581,0.0009138215993907946
120,Li7,"(n,Xt)",0.018620983589454975,7.268870668822949e-05
117,Li6,"(n,Xt)",0.12406064017396885,0.0002669763736774644
117,Li7,"(n,Xt)",0.01497375103025452,1.6546269011402544e-05
