cell,nuclide,score,mean,std. dev.
130,Li6,"(n,Xt)",1.190454671503657,0.0009655690387893333
130,Li7,"(n,Xt)",0.01752751544621073,6.701939142993281e-05
127,Li6,"(n,Xt)",0.12128612843404256,0.00014771843290841067
127,Li7,"(n,Xt)",0.014355486998674703,1.71986035401334e-05
