cell,nuclide,score,mean,std. dev.
140,Li6,"(n,Xt)",1.1945620323493857,0.0010657321350917093
140,Li7,"(n,Xt)",0.01626947211697295,5.608022719464308e-05
137,Li6,"(n,Xt)",0.11779440737052589,7.955881004789477e-05
137,Li7,"(n,Xt)",0.013631007756987482,1.4828113719705886e-05
