cell,nuclide,score,mean,std. dev.
150,Li6,"(n,Xt)",1.1982612095495002,0.001441399851518257
150,Li7,"(n,Xt)",0.014866725773309861,4.161628534748492e-05
147,Li6,"(n,Xt)",0.11361867333998402,0.00023946187599445317
147,Li7,"(n,Xt)",0.012763500670180805,1.2664641884615118e-05
