cell,nuclide,score,mean,std. dev.
160,Li6,"(n,Xt)",1.2011199366677974,0.0012843055905351816
160,Li7,"(n,Xt)",0.013244427734099918,3.472876631886195e-05
157,Li6,"(n,Xt)",0.10786679160268262,0.00014615690777457048
157,Li7,"(n,Xt)",0.011713545695537722,1.0627415570412378e-05
