cell,nuclide,score,mean,std. dev.
190,Li6,"(n,Xt)",1.1859692556522754,0.000867919204052853
190,Li7,"(n,Xt)",0.00661037263090751,1.6590037691800756e-05
187,Li6,"(n,Xt)",0.07748424789578714,0.0001288501197301155
187,Li7,"(n,Xt)",0.006746600182694885,6.539379840981327e-06
