cell,nuclide,score,mean,std. dev.
10,Li6,"(n,Xt)",1.152539102519213,0.0008074150477164511
10,Li7,"(n,Xt)",0.03616707116426326,0.00010907209817112524
6,Li6,"(n,Xt)",0.12247826634602284,0.0002107422720278252
6,Li7,"(n,Xt)",0.01860503265787386,2.363103351595318e-05
