cell,nuclide,score,mean,std. dev.
40,Li6,"(n,Xt)",1.158161786388702,0.001304721628364525
40,Li7,"(n,Xt)",0.034311150035800986,0.0001094942374727922
37,Li6,"(n,Xt)",0.12100447799319795,0.00020913795761086818
37,Li7,"(n,Xt)",0.017977954786017863,2.2526401211778963e-05
