cell,nuclide,score,mean,std. dev.
50,Li6,"(n,Xt)",1.1617121420986645,0.0010541569951002664
50,Li7,"(n,Xt)",0.03358561091736444,0.00010496595560676612
47,Li6,"(n,Xt)",0.11968358818783473,0.00022157762818907266
47,Li7,"(n,Xt)",0.01773521471501517,2.184415244232499e-05
