cell,nuclide,score,mean,std. dev.
60,Li6,"(n,Xt)",1.162760325562436,0.0014974930095130394
60,Li7,"(n,Xt)",0.032790952398916454,0.0001043768508172159
57,Li6,"(n,Xt)",0.11920808686855607,0.00020681737660079835
57,Li7,"(n,Xt)",0.017464230659765045,2.1577235531980015e-05
