cell,nuclide,score,mean,std. dev.
70,Li6,"(n,Xt)",1.1657738118347638,0.0017631625569079908
70,Li7,"(n,Xt)",0.03193894489904487,0.0001080218250719676
67,Li6,"(n,Xt)",0.11819884812408561,0.0002282113742995332
67,Li7,"(n,Xt)",0.01715661123204825,1.854415894832294e-05
