cell,nuclide,score,mean,std. dev.
80,Li6,"(n,Xt)",1.1681227322214967,0.0011661342714807518
80,Li7,"(n,Xt)",0.030977362310956158,0.00011688514163895496
77,Li6,"(n,Xt)",0.11723515022389927,0.0002104354123820626
77,Li7,"(n,Xt)",0.016824655890941842,1.7228434584212826e-05
