cell,nuclide,score,mean,std. dev.
90,Li6,"(n,Xt)",1.1697349582680325,0.0011168287903418768
90,Li7,"(n,Xt)",0.029970384083523576,0.00011280092486205989
87,Li6,"(n,Xt)",0.1163379055274654,0.00023824674179684312
87,Li7,"(n,Xt)",0.016450525222400415,1.6042089201800626e-05
