cell,nuclide,score,mean,std. dev.
110,Li6,"(n,Xt)",1.1796665292727342,0.0009402578007346132
110,Li7,"(n,Xt)",0.027627636269015758,9.779195229491643e-05
107,Li6,"(n,Xt)",0.11331178758944278,0.00019910081321778162
107,Li7,"(n,Xt)",0.015543591944134998,1.5147474079058319e-05
