cell,nuclide,score,mean,std. dev.
120,Li6,"(n,Xt)",1.1860651019076567,0.0014079700334800938
120,Li7,"(n,Xt)",0.0262599138572716,9.443252393722356e-05
117,Li6,"(n,Xt)",0.11127872036754105,0.00019145656034356056
117,Li7,"(n,Xt)",0.01499990951045591,1.822782040193515e-05
