cell,nuclide,score,mean,std. dev.
130,Li6,"(n,Xt)",1.1898381045336959,0.0015082861327884098
130,Li7,"(n,Xt)",0.02471222307200473,8.868817200328137e-05
127,Li6,"(n,Xt)",0.10945512553821105,0.00018889507772213077
127,Li7,"(n,Xt)",0.014377531342572483,1.811902925013012e-05
