cell,nuclide,score,mean,std. dev.
140,Li6,"(n,Xt)",1.1954262870694943,0.0008741302920579831
140,Li7,"(n,Xt)",0.023012325765537692,9.194798543185961e-05
137,Li6,"(n,Xt)",0.10622109277537817,0.00013711932836232203
137,Li7,"(n,Xt)",0.013651602388671866,1.5053774095702943e-05
