cell,nuclide,score,mean,std. dev.
150,Li6,"(n,Xt)",1.1998220938601896,0.0007275617834361749
150,Li7,"(n,Xt)",0.021015079838281985,8.662898877795696e-05
147,Li6,"(n,Xt)",0.1030551468335131,0.0002792455890511337
147,Li7,"(n,Xt)",0.012787771258850921,1.413832315688699e-05
