cell,nuclide,score,mean,std. dev.
160,Li6,"(n,Xt)",1.206064020572939,0.0016082053413624313
160,Li7,"(n,Xt)",0.018697052233797314,7.148055932727455e-05
157,Li6,"(n,Xt)",0.09850814093637913,0.00017716045818008658
157,Li7,"(n,Xt)",0.011730959642638188,1.220139451363792e-05
