cell,nuclide,score,mean,std. dev.
170,Li6,"(n,Xt)",1.20821421497948,0.0010718086678551196
170,Li7,"(n,Xt)",0.016041093760798434,5.301970423862109e-05
167,Li6,"(n,Xt)",0.09294413820147004,0.00010550168020385469
167,Li7,"(n,Xt)",0.010444142040135444,1.2219909766827986e-05
