cell,nuclide,score,mean,std. dev.
180,Li6,"(n,Xt)",1.2102586651217468,0.0011969659201979555
180,Li7,"(n,Xt)",0.012941773807586099,4.67991933439281e-05
177,Li6,"(n,Xt)",0.0846359733895136,0.00015563337520754626
177,Li7,"(n,Xt)",0.008837487837975003,8.348189306564301e-06
