cell,nuclide,score,mean,std. dev.
190,Li6,"(n,Xt)",1.1942692540434454,0.0011722395397033513
190,Li7,"(n,Xt)",0.009334591118248022,2.8746800535540685e-05
187,Li6,"(n,Xt)",0.07230257252508274,0.00011147284410810997
187,Li7,"(n,Xt)",0.006752166228757174,6.783752386987957e-06
