cell,nuclide,score,mean,std. dev.
60,Li6,"(n,Xt)",1.002314890255179,0.0012574581074230526
60,Li7,"(n,Xt)",0.021929937128279113,5.0124897197572424e-05
57,Li6,"(n,Xt)",0.18990272911898493,0.00040554004576655333
57,Li7,"(n,Xt)",0.0052217696388021035,7.387186306245372e-06
