cell,nuclide,score,mean,std. dev.
40,Li6,"(n,Xt)",1.0721485151894778,0.0011000274608548009
40,Li7,"(n,Xt)",0.056474301368266075,0.0001297560459608177
37,Li6,"(n,Xt)",0.14376962439502422,0.00018666359776363958
37,Li7,"(n,Xt)",0.015088172416532635,2.3051955792397153e-05
