cell,nuclide,score,mean,std. dev.
50,Li6,"(n,Xt)",1.0599042792954267,0.0008733289036435071
50,Li7,"(n,Xt)",0.03700586269608794,8.610005218734081e-05
47,Li6,"(n,Xt)",0.1888337243905765,0.00015782350578339555
47,Li7,"(n,Xt)",0.010085407311174464,1.6326823942177035e-05
