cell,nuclide,score,mean,std. dev.
20,Li6,"(n,Xt)",1.0549670316358157,0.0014718831875173894
20,Li7,"(n,Xt)",0.07047160566121505,0.0001931550852435785
17,Li6,"(n,Xt)",0.0870846018143151,0.0001898117771255839
17,Li7,"(n,Xt)",0.018571299822480108,2.8556194829174707e-05
