cell,nuclide,score,mean,std. dev.
40,Li6,"(n,Xt)",0.9590572815481868,0.0010444102928281506
40,Li7,"(n,Xt)",0.0880871650200524,0.00016395387658946735
37,Li6,"(n,Xt)",0.1143820226788705,0.0002272536510622589
37,Li7,"(n,Xt)",0.02126078480269581,1.0368504389284603e-05
