cell,nuclide,score,mean,std. dev.
50,Li6,"(n,Xt)",0.95688159632713,0.0008770461142534872
50,Li7,"(n,Xt)",0.07136912034813996,0.0001367653258028138
47,Li6,"(n,Xt)",0.14327015048355932,0.0003386518698568382
47,Li7,"(n,Xt)",0.017473748885437887,8.487576192006483e-06
