cell,nuclide,score,mean,std. dev.
30,Li6,"(n,Xt)",1.0224009799232225,0.0013622060967099106
30,Li7,"(n,Xt)",0.07727147090768913,0.0001817732473895493
27,Li6,"(n,Xt)",0.11392643366417272,0.0002450405597611166
27,Li7,"(n,Xt)",0.02163886730383844,2.7454466980714248e-05
