cell,nuclide,score,mean,std. dev.
70,Li6,"(n,Xt)",0.995986497708002,0.0007611555533742684
70,Li7,"(n,Xt)",0.027345660220609674,7.06632504938337e-05
67,Li6,"(n,Xt)",0.22140852453590393,0.00044675520938793816
67,Li7,"(n,Xt)",0.008050351208209067,9.266485899402969e-06
