cell,nuclide,score,mean,std. dev.
30,Li6,"(n,Xt)",1.168048593459695,0.0009336479640359475
30,Li7,"(n,Xt)",0.03367130813171815,8.6415384260746e-05
27,Li6,"(n,Xt)",0.16029054881408164,0.00024286793697811602
27,Li7,"(n,Xt)",0.016076326228592865,1.6442349638658178e-05
