cell,nuclide,score,mean,std. dev.
40,Li6,"(n,Xt)",1.1654589753347993,0.0008621409620598483
40,Li7,"(n,Xt)",0.02954484823220136,7.702514861010593e-05
37,Li6,"(n,Xt)",0.20238976394589483,0.0004960612783004847
37,Li7,"(n,Xt)",0.01420742071890053,1.3478774951382239e-05
