cell,nuclide,score,mean,std. dev.
50,Li6,"(n,Xt)",1.1420350882286185,0.0006444960450625477
50,Li7,"(n,Xt)",0.019379453366855502,5.2656785873615964e-05
47,Li6,"(n,Xt)",0.27051247588305166,0.0004633091834217992
47,Li7,"(n,Xt)",0.009504672569276756,9.67832186608192e-06
