cell,nuclide,score,mean,std. dev.
20,Li6,"(n,Xt)",1.153678616931865,0.0010204669700430965
20,Li7,"(n,Xt)",0.036810132544747284,9.511959558744246e-05
17,Li6,"(n,Xt)",0.1145113356841819,0.00025467365754700276
17,Li7,"(n,Xt)",0.017483614657411155,1.9232473053823593e-05
