cell,nuclide,score,mean,std. dev.
60,Li6,"(n,Xt)",1.116219230180152,0.0008157042692675236
60,Li7,"(n,Xt)",0.009542901134573779,2.7867934442901034e-05
57,Li6,"(n,Xt)",0.31697172918789246,0.00033573991309578696
57,Li7,"(n,Xt)",0.00476429561221625,4.967062116665042e-06
