cell,nuclide,score,mean,std. dev.
70,Li6,"(n,Xt)",1.0935983561332117,0.0009063122564389927
70,Li7,"(n,Xt)",3.7602346662506737e-06,1.099913464563809e-08
67,Li6,"(n,Xt)",0.3525104187048949,0.00030856926291494027
67,Li7,"(n,Xt)",1.9121243763005715e-06,1.9529170273615984e-09
