cell,nuclide,score,mean,std. dev.
10,Li6,"(n,Xt)",1.1634652726583117,0.0015270495764434114
10,Li7,"(n,Xt)",0.027067480867218073,9.443426729177125e-05
6,Li6,"(n,Xt)",0.1353909015050096,0.0002390563942138635
6,Li7,"(n,Xt)",0.01856125162894791,2.21688248044848e-05
