cell,nuclide,score,mean,std. dev.
20,Li6,"(n,Xt)",1.1638736467515716,0.0007298356734003644
20,Li7,"(n,Xt)",0.0266355810238088,9.08962962745782e-05
17,Li6,"(n,Xt)",0.13492762091271912,0.0002486903148401951
17,Li7,"(n,Xt)",0.01837236818937458,2.3287222951426193e-05
