cell,nuclide,score,mean,std. dev.
40,Li6,"(n,Xt)",1.092845294765897,0.0011071629933915
40,Li7,"(n,Xt)",0.05348311383219453,8.791053271351744e-05
37,Li6,"(n,Xt)",0.12408125703145281,0.00019714524146915503
37,Li7,"(n,Xt)",0.012995945294894107,1.0763369234063894e-05
