cell,nuclide,score,mean,std. dev.
60,Li6,"(n,Xt)",1.0803290369783918,0.0021060156112154378
60,Li7,"(n,Xt)",0.017410292067719973,2.745512376522469e-05
57,Li6,"(n,Xt)",0.18441819255176928,0.0003262084804318654
57,Li7,"(n,Xt)",0.0043531590827717995,4.4604529543510555e-06
