cell,nuclide,score,mean,std. dev.
70,Li6,"(n,Xt)",1.0722347180639324,0.001523076887838342
70,Li7,"(n,Xt)",6.878158152803176e-06,1.1376062000427466e-08
67,Li6,"(n,Xt)",0.2035384256580907,0.0002767722218454088
67,Li7,"(n,Xt)",1.7466508179832858e-06,1.864205457330672e-09
