cell,nuclide,score,mean,std. dev.
10,Li6,"(n,Xt)",0.9255196678284591,0.0011646171162485984
10,Li7,"(n,Xt)",0.050463157922373617,0.00010833405324736735
6,Li6,"(n,Xt)",0.3204399399868433,0.0009831437741002356
6,Li7,"(n,Xt)",0.02062797785763846,2.7657028722271157e-05
