cell,nuclide,score,mean,std. dev.
30,Li6,"(n,Xt)",0.9282267385710246,0.000556262542929259
30,Li7,"(n,Xt)",0.04888300484225303,0.00010820435250438676
27,Li6,"(n,Xt)",0.3208712329574359,0.0005056601810585947
27,Li7,"(n,Xt)",0.0201837778053112,2.6886729131922e-05
