cell,nuclide,score,mean,std. dev.
40,Li6,"(n,Xt)",0.9307572808123201,0.0011626450144271367
40,Li7,"(n,Xt)",0.04794199838587594,9.329753869373502e-05
37,Li6,"(n,Xt)",0.320585751883671,0.0005818316891062193
37,Li7,"(n,Xt)",0.019929500087678992,2.6692943456813265e-05
