cell,nuclide,score,mean,std. dev.
60,Li6,"(n,Xt)",0.9325856445695269,0.0011824907369163801
60,Li7,"(n,Xt)",0.04589388651119741,0.00012156061786882759
57,Li6,"(n,Xt)",0.31994550840486263,0.0005484385007599151
57,Li7,"(n,Xt)",0.01935361978973748,2.5202514320569766e-05
