cell,nuclide,score,mean,std. dev.
70,Li6,"(n,Xt)",0.935090642303759,0.0019113411468813565
70,Li7,"(n,Xt)",0.04476457888657263,0.00010141927418383598
67,Li6,"(n,Xt)",0.31944046839887,0.0006802954888481333
67,Li7,"(n,Xt)",0.019013542975705237,2.0351617181046743e-05
