cell,nuclide,score,mean,std. dev.
80,Li6,"(n,Xt)",0.9354786266575985,0.001755940799304483
80,Li7,"(n,Xt)",0.04346155488505686,9.950557116037445e-05
77,Li6,"(n,Xt)",0.3189758185487739,0.0006004448651299455
77,Li7,"(n,Xt)",0.018648971707624168,2.379737304739223e-05
