cell,nuclide,score,mean,std. dev.
90,Li6,"(n,Xt)",0.9393925169082491,0.0013884780865418428
90,Li7,"(n,Xt)",0.042108627979263416,8.465644858061392e-05
87,Li6,"(n,Xt)",0.3192327470906809,0.00048385356516588085
87,Li7,"(n,Xt)",0.01822844079902021,2.347565001738768e-05
