cell,nuclide,score,mean,std. dev.
100,Li6,"(n,Xt)",0.9395809278631765,0.0008722247221420998
100,Li7,"(n,Xt)",0.04061312445204525,6.20328994264046e-05
97,Li6,"(n,Xt)",0.31745692027547345,0.00042139335987141104
97,Li7,"(n,Xt)",0.017776547518268328,2.2119853298037114e-05
