cell,nuclide,score,mean,std. dev.
110,Li6,"(n,Xt)",0.9412706035456336,0.00106824566679958
110,Li7,"(n,Xt)",0.03895635469658852,5.082495601030966e-05
107,Li6,"(n,Xt)",0.31657948448677753,0.0004572660691427912
107,Li7,"(n,Xt)",0.017226272163325278,2.3265073507263514e-05
