cell,nuclide,score,mean,std. dev.
20,Li6,"(n,Xt)",0.9270228178953499,0.0011866860771780044
20,Li7,"(n,Xt)",0.0496855450874303,0.00011465896791401245
17,Li6,"(n,Xt)",0.32061216426140016,0.00044609868497230487
17,Li7,"(n,Xt)",0.020418417793673035,2.59250436931039e-05
