cell,nuclide,score,mean,std. dev.
120,Li6,"(n,Xt)",0.9444193163786345,0.0006928549228726635
120,Li7,"(n,Xt)",0.03703576121431124,6.203942721611029e-05
117,Li6,"(n,Xt)",0.3164900655618982,0.0006308027981178724
117,Li7,"(n,Xt)",0.016620849200715403,2.0351760698648792e-05
