cell,nuclide,score,mean,std. dev.
130,Li6,"(n,Xt)",0.9471820315817168,0.0008404069489656941
130,Li7,"(n,Xt)",0.034942903787300514,6.951324094575973e-05
127,Li6,"(n,Xt)",0.3143203509506324,0.0007196254212267754
127,Li7,"(n,Xt)",0.015938483693489054,1.9983225065374844e-05
