cell,nuclide,score,mean,std. dev.
140,Li6,"(n,Xt)",0.9485301564689257,0.0009316044684864067
140,Li7,"(n,Xt)",0.03254158465058175,7.65930883737209e-05
137,Li6,"(n,Xt)",0.31317972209877704,0.0005612813159690414
137,Li7,"(n,Xt)",0.015119860525658843,1.5218097356782322e-05
