cell,nuclide,score,mean,std. dev.
150,Li6,"(n,Xt)",0.951033197075002,0.0014523466380173937
150,Li7,"(n,Xt)",0.029794792030476892,8.382751063407896e-05
147,Li6,"(n,Xt)",0.3109120852468664,0.0005490399578598836
147,Li7,"(n,Xt)",0.014163633121762753,1.6828880045554546e-05
