cell,nuclide,score,mean,std. dev.
160,Li6,"(n,Xt)",0.9518983431018656,0.0008142627374875132
160,Li7,"(n,Xt)",0.02662586665361421,4.869188387925326e-05
157,Li6,"(n,Xt)",0.30730649385116526,0.0004783453714958802
157,Li7,"(n,Xt)",0.012999771889107054,1.5323294090821766e-05
