cell,nuclide,score,mean,std. dev.
170,Li6,"(n,Xt)",0.9477553364684199,0.000580854367859464
170,Li7,"(n,Xt)",0.022952357285822417,4.5127067168117256e-05
167,Li6,"(n,Xt)",0.3011360065750624,0.0005392056102932539
167,Li7,"(n,Xt)",0.011565251652514893,1.4174219337852089e-05
