cell,nuclide,score,mean,std. dev.
180,Li6,"(n,Xt)",0.9407680195141068,0.0012404811796766792
180,Li7,"(n,Xt)",0.01859265328464032,3.692102997464727e-05
177,Li6,"(n,Xt)",0.29247369107623866,0.00040689933372677127
177,Li7,"(n,Xt)",0.009773981324749773,1.0475133973489497e-05
