cell,nuclide,score,mean,std. dev.
30,Li6,"(n,Xt)",0.9998464022749847,0.0016380594071015951
30,Li7,"(n,Xt)",0.07943356466720208,0.00016528340693816102
27,Li6,"(n,Xt)",0.11876408768790456,0.0002574708131871701
27,Li7,"(n,Xt)",0.018769157086092454,2.7172308213170064e-05
