cell,nuclide,score,mean,std. dev.
40,Li6,"(n,Xt)",1.0018593154428677,0.0015171268337560843
40,Li7,"(n,Xt)",0.0704115191223553,0.00015266160711650706
37,Li6,"(n,Xt)",0.14315767935352866,0.00033640887760817245
37,Li7,"(n,Xt)",0.01676652925461935,2.261764980727585e-05
