cell,nuclide,score,mean,std. dev.
50,Li6,"(n,Xt)",0.9915758223794991,0.0014814267282218048
50,Li7,"(n,Xt)",0.04839458837105913,9.971816310182753e-05
47,Li6,"(n,Xt)",0.18226535999596447,0.0004069763914476786
47,Li7,"(n,Xt)",0.011734337655305196,1.429762429364849e-05
