cell,nuclide,score,mean,std. dev.
60,Li6,"(n,Xt)",0.9812753823688274,0.0013186418949244652
60,Li7,"(n,Xt)",0.027060602321147022,5.607369692719679e-05
57,Li6,"(n,Xt)",0.20929813848141826,0.00036282790156659316
57,Li7,"(n,Xt)",0.006681856127055891,8.431922887534758e-06
