cell,nuclide,score,mean,std. dev.
10,Li6,"(n,Xt)",0.15681319416826958,0.00020452884055205696
10,Li7,"(n,Xt)",0.0264139447511481,4.601937129954882e-05
6,Li6,"(n,Xt)",0.0004560580985519988,9.336239313556903e-07
6,Li7,"(n,Xt)",0.009618108286754338,1.0117712426594094e-05
