cell,nuclide,score,mean,std. dev.
50,Li6,"(n,Xt)",1.2735510265431527,0.0010654205353350457
50,Li7,"(n,Xt)",0.013117371958875976,2.5926835914985552e-05
47,Li6,"(n,Xt)",0.16555639175286602,0.0002990632012694761
47,Li7,"(n,Xt)",0.004850389594190363,4.59089753740046e-06
