cell,nuclide,score,mean,std. dev.
20,Li6,"(n,Xt)",1.1874377918767092,0.0012261285346245124
20,Li7,"(n,Xt)",0.024407644024072788,4.0601602926252584e-05
17,Li6,"(n,Xt)",0.07132888264620178,0.00011242433539348343
17,Li7,"(n,Xt)",0.008907647834887292,8.552223433211423e-06
