cell,nuclide,score,mean,std. dev.
60,Li6,"(n,Xt)",1.2707523599797104,0.0008637042486761341
60,Li7,"(n,Xt)",0.006542818097845275,1.261044802360616e-05
57,Li6,"(n,Xt)",0.19480987899171978,0.00038952240796740324
57,Li7,"(n,Xt)",0.0024359929053736403,2.7484738917462177e-06
