cell,nuclide,score,mean,std. dev.
70,Li6,"(n,Xt)",1.2649431795141648,0.001085661856887991
70,Li7,"(n,Xt)",2.6069493824423966e-06,5.128882741361931e-09
67,Li6,"(n,Xt)",0.2175995638999308,0.0005187169870967713
67,Li7,"(n,Xt)",9.78476734991215e-07,9.760750322197288e-10
