cell,nuclide,score,mean,std. dev.
60,Li6,"(n,Xt)",1.027775419005839,0.0015205452131092007
60,Li7,"(n,Xt)",0.02010068141118707,4.423883512664433e-05
57,Li6,"(n,Xt)",0.19609972046644586,0.00035162994466090875
57,Li7,"(n,Xt)",0.0050241276842638485,8.856474448477938e-06
