cell,nuclide,score,mean,std. dev.
50,Li6,"(n,Xt)",1.0041645770597492,0.001016319600126602
50,Li7,"(n,Xt)",0.04555871800751488,5.1645730815317196e-05
47,Li6,"(n,Xt)",0.16012746456568033,0.00045977546345020263
47,Li7,"(n,Xt)",0.010411454827986267,1.0746956515566204e-05
