cell,nuclide,score,mean,std. dev.
20,Li6,"(n,Xt)",0.08201110225910965,0.00014758857873179814
20,Li7,"(n,Xt)",0.019017750962086796,2.3206441445452026e-05
23,Li6,"(n,Xt)",0.3886087456508794,0.00042814283418935025
23,Li7,"(n,Xt)",0.04571513455886374,5.177474625397675e-05
26,Li6,"(n,Xt)",0.6274875329301095,0.0011150290258263348
26,Li7,"(n,Xt)",0.030873365265600104,5.219685626527447e-05
