cell,nuclide,score,mean,std. dev.
30,Li6,"(n,Xt)",0.9727797175440906,0.0008534906609898375
30,Li7,"(n,Xt)",0.08824397889253521,0.0002083755075051373
27,Li6,"(n,Xt)",0.10763618811465622,0.0002537390952510919
27,Li7,"(n,Xt)",0.02119673404765431,3.52828936784703e-05
