cell,nuclide,score,mean,std. dev.
40,Li6,"(n,Xt)",0.9759328161119842,0.0010934670523024635
40,Li7,"(n,Xt)",0.08061545643187061,0.00018553518860739751
37,Li6,"(n,Xt)",0.12780204983111734,0.00023783841478401563
37,Li7,"(n,Xt)",0.01948723718663569,3.095955425834591e-05
