cell,nuclide,score,mean,std. dev.
50,Li6,"(n,Xt)",0.9698110226669229,0.001291898857368803
50,Li7,"(n,Xt)",0.06185865694362162,0.0001428225566728266
47,Li6,"(n,Xt)",0.1610705942904013,0.00025806618616653764
47,Li7,"(n,Xt)",0.015188840716173092,2.2465723467080446e-05
