cell,nuclide,score,mean,std. dev.
60,Li6,"(n,Xt)",0.9618863715479223,0.0014911048032695347
60,Li7,"(n,Xt)",0.04359772273334208,9.46518363906047e-05
57,Li6,"(n,Xt)",0.18529325977394256,0.0004151183298259704
57,Li7,"(n,Xt)",0.010862519165677483,1.5072082939594228e-05
