cell,nuclide,score,mean,std. dev.
50,Li6,"(n,Xt)",1.0023427279697898,0.0012601053366343765
50,Li7,"(n,Xt)",0.04491114997932081,0.00010003362457150279
47,Li6,"(n,Xt)",0.17291189403722923,0.0002919569721958487
47,Li7,"(n,Xt)",0.010511747514301445,1.4072881410464026e-05
