cell,nuclide,score,mean,std. dev.
20,Li6,"(n,Xt)",0.9916880617476359,0.0012280894347427643
20,Li7,"(n,Xt)",0.08558362676520856,0.0002068910051304061
17,Li6,"(n,Xt)",0.08339935625860898,0.00017775271117785084
17,Li7,"(n,Xt)",0.019379172557368297,2.8489774229594496e-05
