cell,nuclide,score,mean,std. dev.
30,Li6,"(n,Xt)",1.0002561925145634,0.0013450055796718652
30,Li7,"(n,Xt)",0.08084177937983483,0.00017259392492859565
27,Li6,"(n,Xt)",0.10994811077063123,0.00019107316530740556
27,Li7,"(n,Xt)",0.01866397956332397,2.818780002786988e-05
