cell,nuclide,score,mean,std. dev.
50,Li6,"(n,Xt)",0.9931944468309813,0.0012646571586777387
50,Li7,"(n,Xt)",0.04925106273237824,0.00010560250029575057
47,Li6,"(n,Xt)",0.17051813733548424,0.00033103596251631115
47,Li7,"(n,Xt)",0.011662229899322956,1.655624562696448e-05
