cell,nuclide,score,mean,std. dev.
20,Li6,"(n,Xt)",0.9834066995920695,0.0015566294568527203
20,Li7,"(n,Xt)",0.08780911898886336,0.00020137042197041554
17,Li6,"(n,Xt)",0.08417015464376593,0.00021034104452975587
17,Li7,"(n,Xt)",0.02014753334808992,3.162765926634105e-05
