cell,nuclide,score,mean,std. dev.
40,Li6,"(n,Xt)",1.0115475194489705,0.0013750817178949074
40,Li7,"(n,Xt)",0.06855901227060354,0.0001664728341686332
37,Li6,"(n,Xt)",0.13487845672781903,0.00019626858584978292
37,Li7,"(n,Xt)",0.015730972545833437,2.0824204840908317e-05
