cell,nuclide,score,mean,std. dev.
20,Li6,"(n,Xt)",0.9916380226447412,0.0012193366679711588
20,Li7,"(n,Xt)",0.08558267807941697,0.00020629275208069312
17,Li6,"(n,Xt)",0.08339858500611488,0.00017739913541548055
17,Li7,"(n,Xt)",0.0193791872082679,2.850237010700913e-05
