cell,nuclide,score,mean,std. dev.
60,Li6,"(n,Xt)",0.9912218222526057,0.0011581304871891409
60,Li7,"(n,Xt)",0.022083610265077776,4.835482474088277e-05
57,Li6,"(n,Xt)",0.19897630250516912,0.000264168279231551
57,Li7,"(n,Xt)",0.005267906926999713,7.221714756471517e-06
