cell,nuclide,score,mean,std. dev.
70,Li6,"(n,Xt)",0.9797037014990867,0.0014844280734596332
70,Li7,"(n,Xt)",8.678280210784574e-06,1.925824826349689e-08
67,Li6,"(n,Xt)",0.21820602149645935,0.00037920795788448934
67,Li7,"(n,Xt)",2.1104694925276374e-06,3.1983905048327133e-09
