cell,nuclide,score,mean,std. dev.
10,Li6,"(n,Xt)",0.3059338639052652,0.0005440637149142324
10,Li7,"(n,Xt)",0.07612840060925025,0.00017824032148702236
6,Li6,"(n,Xt)",0.0008186175242036008,3.0290553687304446e-06
6,Li7,"(n,Xt)",0.019298542761389606,3.073284478107671e-05
