cell,nuclide,score,mean,std. dev.
30,Li6,"(n,Xt)",1.073536757022109,0.0010682389213110043
30,Li7,"(n,Xt)",0.06413837088527344,0.00013660087897681778
27,Li6,"(n,Xt)",0.11130937765319257,0.0002045117755899232
27,Li7,"(n,Xt)",0.016432863959794323,2.585011353187173e-05
