cell,nuclide,score,mean,std. dev.
40,Li6,"(n,Xt)",1.0759328494479172,0.0012748633308269956
40,Li7,"(n,Xt)",0.056236056336191144,0.00012298328766623893
37,Li6,"(n,Xt)",0.13653824459098424,0.00024439205142891485
37,Li7,"(n,Xt)",0.014511527160227994,2.2263043861380785e-05
