cell,nuclide,score,mean,std. dev.
50,Li6,"(n,Xt)",1.0671923091749664,0.0012353582961857552
50,Li7,"(n,Xt)",0.03689154202497159,8.668378568086891e-05
47,Li6,"(n,Xt)",0.1787691547336213,0.00026834620082593225
47,Li7,"(n,Xt)",0.009697664880315569,1.4945443065828404e-05
