cell,nuclide,score,mean,std. dev.
20,Li6,"(n,Xt)",1.0547157374607035,0.0010634618619194149
20,Li7,"(n,Xt)",0.07011904124836163,0.0001646408246535655
17,Li6,"(n,Xt)",0.08321510259558015,0.0001296604001598021
17,Li7,"(n,Xt)",0.01787181823877293,3.0059813945524006e-05
