cell,nuclide,score,mean,std. dev.
60,Li6,"(n,Xt)",1.0532092591991056,0.0016881264633541017
60,Li7,"(n,Xt)",0.018169463804794565,4.5397113891257474e-05
57,Li6,"(n,Xt)",0.20713477934640873,0.0003008341735806856
57,Li7,"(n,Xt)",0.00485907600601347,7.3212180241922685e-06
