cell,nuclide,score,mean,std. dev.
20,Li6,"(n,Xt)",0.8610193968268464,0.0015440120090935733
20,Li7,"(n,Xt)",0.11507538905800171,0.0002546300554686387
17,Li6,"(n,Xt)",0.12586991779712534,0.0003771737495383987
17,Li7,"(n,Xt)",0.03747861174828456,4.617725993155642e-05
