cell,nuclide,score,mean,std. dev.
70,Li6,"(n,Xt)",0.8610193968268469,0.0015440120090935733
70,Li7,"(n,Xt)",0.1150753890580017,0.00025463005546826024
67,Li6,"(n,Xt)",0.12586991779712584,0.00037717374953788766
67,Li7,"(n,Xt)",0.037478611748284534,4.61772599318173e-05
