cell,nuclide,score,mean,std. dev.
30,Li6,"(n,Xt)",1.0373068429285603,0.0009527234070889157
30,Li7,"(n,Xt)",0.07232144179419017,0.00016936876573252696
27,Li6,"(n,Xt)",0.11044257711031194,0.0001641967420150673
27,Li7,"(n,Xt)",0.017557890982466465,2.6391622349543667e-05
