cell,nuclide,score,mean,std. dev.
50,Li6,"(n,Xt)",1.0332321197622938,0.0013860448617360778
50,Li7,"(n,Xt)",0.0415207040584676,9.21789955523813e-05
47,Li6,"(n,Xt)",0.17492262670717235,0.0003304340105398669
47,Li7,"(n,Xt)",0.01035890142369258,1.4504280295092069e-05
