cell,nuclide,score,mean,std. dev.
10,Li6,"(n,Xt)",1.1061887473184402,0.0012034493341990934
10,Li7,"(n,Xt)",0.05426073950373911,7.2298955620112e-05
6,Li6,"(n,Xt)",0.10287803299526196,0.0002766768769976517
6,Li7,"(n,Xt)",0.018754053674788683,2.0014723427072568e-05
