cell,nuclide,score,mean,std. dev.
30,Li6,"(n,Xt)",1.1118701883846345,0.001689925290590275
30,Li7,"(n,Xt)",0.05244942757350959,7.868496222684128e-05
27,Li6,"(n,Xt)",0.10218369585786487,0.00015201870226832205
27,Li7,"(n,Xt)",0.018342433248340024,1.9062420910284628e-05
