cell,nuclide,score,mean,std. dev.
40,Li6,"(n,Xt)",1.1152873460786688,0.0010730728837590488
40,Li7,"(n,Xt)",0.05148134069575998,7.509325052789344e-05
37,Li6,"(n,Xt)",0.10181542702628024,0.0001221103300716133
37,Li7,"(n,Xt)",0.018115390290809268,1.9608846686435765e-05
