cell,nuclide,score,mean,std. dev.
50,Li6,"(n,Xt)",1.119055552671585,0.0012507386597594074
50,Li7,"(n,Xt)",0.050397062083469016,7.385719662462024e-05
47,Li6,"(n,Xt)",0.10149464198896632,0.0001345745190949658
47,Li7,"(n,Xt)",0.017866336186984612,1.7642825816952732e-05
