cell,nuclide,score,mean,std. dev.
60,Li6,"(n,Xt)",1.1258393836377267,0.0012573521307262284
60,Li7,"(n,Xt)",0.049219584882828904,7.088641052475313e-05
57,Li6,"(n,Xt)",0.10064896939329042,0.000227311376988964
57,Li7,"(n,Xt)",0.017594956048624575,1.946222676629297e-05
