cell,nuclide,score,mean,std. dev.
70,Li6,"(n,Xt)",1.129759829009086,0.0013525656276989879
70,Li7,"(n,Xt)",0.04794590766852909,8.12391307166217e-05
67,Li6,"(n,Xt)",0.1002651668365363,0.00018456376823628183
67,Li7,"(n,Xt)",0.017281859924492066,1.7083139292285963e-05
