cell,nuclide,score,mean,std. dev.
80,Li6,"(n,Xt)",1.1360951628379596,0.0009938315764416233
80,Li7,"(n,Xt)",0.04652616155319615,9.077839327170447e-05
77,Li6,"(n,Xt)",0.09993720469485592,0.0002630492036061049
77,Li7,"(n,Xt)",0.016944250647970786,1.6260506431334785e-05
