cell,nuclide,score,mean,std. dev.
100,Li6,"(n,Xt)",1.1448134575259203,0.000589749868874271
100,Li7,"(n,Xt)",0.04335657936382283,0.00011428954929726282
97,Li6,"(n,Xt)",0.09865168245436301,0.00012023392873473022
97,Li7,"(n,Xt)",0.016142126960302306,1.648850733269851e-05
