cell,nuclide,score,mean,std. dev.
110,Li6,"(n,Xt)",1.149788495708646,0.001173879046906012
110,Li7,"(n,Xt)",0.04147961670320057,0.00012260089583974678
107,Li6,"(n,Xt)",0.09731750459450136,0.00017581470348251914
107,Li7,"(n,Xt)",0.015648216609729912,1.3621020917871378e-05
