cell,nuclide,score,mean,std. dev.
20,Li6,"(n,Xt)",1.1087273399418576,0.0012380024714581663
20,Li7,"(n,Xt)",0.053352369845016644,6.458165106722706e-05
17,Li6,"(n,Xt)",0.10280205995816398,0.00023989508306888026
17,Li7,"(n,Xt)",0.018557039955273226,1.9543841092660664e-05
