cell,nuclide,score,mean,std. dev.
120,Li6,"(n,Xt)",1.1580979650626417,0.0011970798567157636
120,Li7,"(n,Xt)",0.03933703345627208,9.869917480327287e-05
117,Li6,"(n,Xt)",0.0959045475976292,0.0001314451558411493
117,Li7,"(n,Xt)",0.015099586750275501,1.618504262633917e-05
