cell,nuclide,score,mean,std. dev.
130,Li6,"(n,Xt)",1.1639138623568064,0.0006237657231291832
130,Li7,"(n,Xt)",0.03698838421648441,9.823261211364625e-05
127,Li6,"(n,Xt)",0.09436971336972358,0.0002562059198214936
127,Li7,"(n,Xt)",0.014474102577958345,1.668110015260861e-05
