cell,nuclide,score,mean,std. dev.
140,Li6,"(n,Xt)",1.173413183415876,0.001429863718287282
140,Li7,"(n,Xt)",0.03439135396776664,9.210142794766052e-05
137,Li6,"(n,Xt)",0.09253025986764553,0.00014603435468407122
137,Li7,"(n,Xt)",0.013733691117155547,1.4180898666916566e-05
