cell,nuclide,score,mean,std. dev.
150,Li6,"(n,Xt)",1.1826830814027869,0.0007153265913002549
150,Li7,"(n,Xt)",0.03143812879994033,6.972270279755321e-05
147,Li6,"(n,Xt)",0.09006877528303305,0.00012994838228171609
147,Li7,"(n,Xt)",0.012859865318182012,1.3263716036121942e-05
