cell,nuclide,score,mean,std. dev.
160,Li6,"(n,Xt)",1.1907365180994613,0.0011490065582860168
160,Li7,"(n,Xt)",0.028001871847271802,5.6976934465112364e-05
157,Li6,"(n,Xt)",0.08723628529628066,0.0002244715512143453
157,Li7,"(n,Xt)",0.011793709340501002,1.160647194638824e-05
