cell,nuclide,score,mean,std. dev.
170,Li6,"(n,Xt)",1.1977229265874143,0.001173998687211256
170,Li7,"(n,Xt)",0.024008406031298776,5.112426731870804e-05
167,Li6,"(n,Xt)",0.08277288362530588,0.00013294616448362832
167,Li7,"(n,Xt)",0.010494920382783787,1.1694864472202667e-05
