cell,nuclide,score,mean,std. dev.
180,Li6,"(n,Xt)",1.2009986685638412,0.0015707912126522263
180,Li7,"(n,Xt)",0.01936505191778631,3.259291694201781e-05
177,Li6,"(n,Xt)",0.07616638685355463,0.00014918941696179523
177,Li7,"(n,Xt)",0.008873686296979618,7.431316472479169e-06
