cell,nuclide,score,mean,std. dev.
190,Li6,"(n,Xt)",1.1929386951562664,0.0015087168751858368
190,Li7,"(n,Xt)",0.013927115539678755,2.5959288593773753e-05
187,Li6,"(n,Xt)",0.06650389460516229,5.804065386713259e-05
187,Li7,"(n,Xt)",0.006776740501707237,7.706394001832373e-06
