cell,nuclide,score,mean,std. dev.
40,Li6,"(n,Xt)",1.0078785818691691,0.0011336656181243684
40,Li7,"(n,Xt)",0.06614437400218447,0.00012940060556584132
37,Li6,"(n,Xt)",0.15562910949854583,0.00027601988403583
37,Li7,"(n,Xt)",0.015911075864104406,1.8910344503784586e-05
