cell,nuclide,score,mean,std. dev.
60,Li6,"(n,Xt)",0.9882992560961836,0.0010739056289754024
60,Li7,"(n,Xt)",0.021303401004341617,3.3080532974986995e-05
57,Li6,"(n,Xt)",0.2259689126868488,0.0002892013213104284
57,Li7,"(n,Xt)",0.0053281740724673825,6.288090267020048e-06
