cell,nuclide,score,mean,std. dev.
10,Li6,"(n,Xt)",0.9487277569194885,0.000890623303237594
10,Li7,"(n,Xt)",0.055462052208521476,8.259665344145674e-05
6,Li6,"(n,Xt)",0.2766373116844154,0.0006138975920510782
6,Li7,"(n,Xt)",0.020534675028335413,2.956578460408294e-05
