cell,nuclide,score,mean,std. dev.
30,Li6,"(n,Xt)",0.9533917416785089,0.0013989696210187034
30,Li7,"(n,Xt)",0.053723202077357556,9.548056147598267e-05
27,Li6,"(n,Xt)",0.27607003443924716,0.0007915354243712556
27,Li7,"(n,Xt)",0.020089154240371436,3.0082654772508156e-05
