cell,nuclide,score,mean,std. dev.
40,Li6,"(n,Xt)",0.9545548834137559,0.0011908387957090334
40,Li7,"(n,Xt)",0.05275107132813108,8.457667646328719e-05
37,Li6,"(n,Xt)",0.27598290618224486,0.000606524140706912
37,Li7,"(n,Xt)",0.019853594382323397,2.7491227677228472e-05
