cell,nuclide,score,mean,std. dev.
50,Li6,"(n,Xt)",0.9569392599099231,0.001133653548505751
50,Li7,"(n,Xt)",0.05168040678860627,0.00010540169635834413
47,Li6,"(n,Xt)",0.27613092040252496,0.0006872618181657776
47,Li7,"(n,Xt)",0.01958194771495267,2.8091778816311175e-05
