cell,nuclide,score,mean,std. dev.
60,Li6,"(n,Xt)",0.9586537644575716,0.0006580955190297288
60,Li7,"(n,Xt)",0.0505287695856028,0.00011776258601981312
57,Li6,"(n,Xt)",0.27633452810933606,0.00044033019219965
57,Li7,"(n,Xt)",0.019272501766564643,2.7063886741768228e-05
