cell,nuclide,score,mean,std. dev.
70,Li6,"(n,Xt)",0.9599002933406384,0.0007075358410789337
70,Li7,"(n,Xt)",0.04928004613562119,9.39144004366472e-05
67,Li6,"(n,Xt)",0.27566403726572464,0.00047490058721285077
67,Li7,"(n,Xt)",0.01893492172793191,2.3456207414722466e-05
