cell,nuclide,score,mean,std. dev.
90,Li6,"(n,Xt)",0.9654131501858855,0.0013066834109078638
90,Li7,"(n,Xt)",0.04626079418632132,6.1017528418294746e-05
87,Li6,"(n,Xt)",0.27525079394034657,0.0005391445289651
87,Li7,"(n,Xt)",0.018167115502896212,3.157822355867683e-05
