cell,nuclide,score,mean,std. dev.
100,Li6,"(n,Xt)",0.967698065628966,0.001291843653976612
100,Li7,"(n,Xt)",0.044617388116265276,5.7418927139509444e-05
97,Li6,"(n,Xt)",0.2732659372879135,0.0005503356783225895
97,Li7,"(n,Xt)",0.017698768207975432,2.54819014809851e-05
