cell,nuclide,score,mean,std. dev.
110,Li6,"(n,Xt)",0.9716789856591138,0.0007594656988957148
110,Li7,"(n,Xt)",0.04276662967082511,5.8308924593678324e-05
107,Li6,"(n,Xt)",0.27335278488538595,0.0002845984020356325
107,Li7,"(n,Xt)",0.017163964125992394,2.3569325374792533e-05
