cell,nuclide,score,mean,std. dev.
20,Li6,"(n,Xt)",0.9516319837838484,0.001695473112096087
20,Li7,"(n,Xt)",0.054593491012511465,7.50845508801209e-05
17,Li6,"(n,Xt)",0.27601816668892953,0.0004982233062530524
17,Li7,"(n,Xt)",0.020326735877082218,2.7266410114820816e-05
