cell,nuclide,score,mean,std. dev.
120,Li6,"(n,Xt)",0.9747237270922315,0.0008713615404283384
120,Li7,"(n,Xt)",0.04065654468262242,6.712918493746896e-05
117,Li6,"(n,Xt)",0.27217327783354595,0.0002748538116647993
117,Li7,"(n,Xt)",0.016559685962789998,1.9396788191424412e-05
