cell,nuclide,score,mean,std. dev.
130,Li6,"(n,Xt)",0.979279594688778,0.000756135258896996
130,Li7,"(n,Xt)",0.03832285239883091,6.0267153401234075e-05
127,Li6,"(n,Xt)",0.2708778714058878,0.00033123093907702297
127,Li7,"(n,Xt)",0.01586633939873631,1.8821092041024404e-05
