cell,nuclide,score,mean,std. dev.
140,Li6,"(n,Xt)",0.983202470231906,0.0015093649740067934
140,Li7,"(n,Xt)",0.03564321942466505,6.748087571751598e-05
137,Li6,"(n,Xt)",0.26966220390328927,0.0003835789204864451
137,Li7,"(n,Xt)",0.01504941778739063,1.7910384721687646e-05
