cell,nuclide,score,mean,std. dev.
150,Li6,"(n,Xt)",0.9859078330998539,0.0011006062914834316
150,Li7,"(n,Xt)",0.03266092830737974,6.239666286292884e-05
147,Li6,"(n,Xt)",0.26697705366068825,0.000741785133796632
147,Li7,"(n,Xt)",0.014095660390005588,1.2787346457201972e-05
