cell,nuclide,score,mean,std. dev.
160,Li6,"(n,Xt)",0.9857316612018175,0.0012744891493075973
160,Li7,"(n,Xt)",0.029185518412245936,5.235683763544476e-05
157,Li6,"(n,Xt)",0.2637014312857644,0.0004877211702761438
157,Li7,"(n,Xt)",0.012933590877893711,1.3207695758704138e-05
