cell,nuclide,score,mean,std. dev.
170,Li6,"(n,Xt)",0.985712543275492,0.0010616218216740587
170,Li7,"(n,Xt)",0.025130873853580753,4.160746878215976e-05
167,Li6,"(n,Xt)",0.25839852946049024,0.0005074416132607111
167,Li7,"(n,Xt)",0.011514799849168538,1.2600651472312999e-05
