cell,nuclide,score,mean,std. dev.
180,Li6,"(n,Xt)",0.9806751501877733,0.0011603645610765497
180,Li7,"(n,Xt)",0.0203385407593134,2.186233689614368e-05
177,Li6,"(n,Xt)",0.25053693738371097,0.0006570698190938584
177,Li7,"(n,Xt)",0.009727386027727403,1.2338709765500333e-05
