cell,nuclide,score,mean,std. dev.
190,Li6,"(n,Xt)",0.9544328132129382,0.001292054512132951
190,Li7,"(n,Xt)",0.014700703673629443,1.9883413959928398e-05
187,Li6,"(n,Xt)",0.2356905810506849,0.0004959151546903028
187,Li7,"(n,Xt)",0.007428585472401834,1.124813409124549e-05
