enrichment,bare,22_slry_0_mlt_0.5_ref_0_pp.csv,22_slry_0_mlt_1.5_ref_0_pp.csv,22_slry_0_mlt_1_ref_0_pp.csv,22_slry_0_mlt_2_ref_0_pp.csv
0.01,0.428365167,0.4200072861090193,0.4088090636519094,0.4139887195444541,0.4047756235399992
7.5,1.176862447,1.1714248911968914,1.168016950869898,1.167616423367611,1.167001691337779
15.0,1.209729528,1.2088895174721743,1.2108065657928204,1.2081245224891306,1.2102127273478434
25.0,1.223575556,1.227022956588856,1.2348240797853274,1.2306208462543102,1.2377605083654428
50.0,1.220874813,1.2308588055678913,1.2465355092784098,1.2384600742280565,1.251392668491446
75.0,1.206134367,1.22038064020813,1.239858545794191,1.231047420028282,1.249048818190887
99.99,1.189121384,1.2006065708431206,1.224869244414978,1.2135533195424142,1.234028145743674
