cell,nuclide,score,mean,std. dev.
40,Li6,"(n,Xt)",1.0059835651777873,0.0009077439600891442
40,Li7,"(n,Xt)",0.06388152401720261,0.0001316318263242714
37,Li6,"(n,Xt)",0.17649098127523533,0.0004289597917324064
37,Li7,"(n,Xt)",0.0160492109511364,1.776901784682906e-05
