cell,nuclide,score,mean,std. dev.
30,Li6,"(n,Xt)",1.229911988922298,0.0009944230000447033
30,Li7,"(n,Xt)",0.024670439247748338,5.013974519373793e-05
27,Li6,"(n,Xt)",0.10230193772261983,0.0001501033261127252
27,Li7,"(n,Xt)",0.008844485244549833,8.779001321357817e-06
