cell,nuclide,score,mean,std. dev.
40,Li6,"(n,Xt)",1.2493465717782206,0.0014199057918827696
40,Li7,"(n,Xt)",0.021729898437589112,4.3060468928602326e-05
37,Li6,"(n,Xt)",0.12747756690887707,0.00021555929314657157
37,Li7,"(n,Xt)",0.007817329620928366,7.465578349097786e-06
