cell,nuclide,score,mean,std. dev.
50,Li6,"(n,Xt)",1.2620953405480722,0.0012709792008389672
50,Li7,"(n,Xt)",0.01442941209314055,2.9677506769761165e-05
47,Li6,"(n,Xt)",0.16948539646890617,0.00021831802629909087
47,Li7,"(n,Xt)",0.005231782720010442,4.98328918448316e-06
