cell,nuclide,score,mean,std. dev.
20,Li6,"(n,Xt)",1.186579626566837,0.0015665057462705423
20,Li7,"(n,Xt)",0.02687739982830963,5.783910413470455e-05
17,Li6,"(n,Xt)",0.07362846532572268,0.000124645973032899
17,Li7,"(n,Xt)",0.009613805144029307,1.0625732117791647e-05
