cell,nuclide,score,mean,std. dev.
60,Li6,"(n,Xt)",1.2565299230389528,0.0008338644643057344
60,Li7,"(n,Xt)",0.0071905012786505195,1.538291441719367e-05
57,Li6,"(n,Xt)",0.1996182970181945,0.0003532879950727966
57,Li7,"(n,Xt)",0.0026278216988427777,2.6712366970957693e-06
