cell,nuclide,score,mean,std. dev.
70,Li6,"(n,Xt)",1.2495701054456463,0.0009892968637188536
70,Li7,"(n,Xt)",2.8640876435958627e-06,5.875236638843681e-09
67,Li6,"(n,Xt)",0.22265666134014386,0.00036558988600020017
67,Li7,"(n,Xt)",1.0554827442764736e-06,9.22293644867195e-10
