cell,nuclide,score,mean,std. dev.
30,Li6,"(n,Xt)",0.9927184093256802,0.0008174718278301701
30,Li7,"(n,Xt)",0.07061395264728587,0.00010991760624972587
27,Li6,"(n,Xt)",0.14893187240061545,0.0003439347569096034
27,Li7,"(n,Xt)",0.01964292615575819,2.6982321233894082e-05
