cell,nuclide,score,mean,std. dev.
40,Li6,"(n,Xt)",0.9962189969731717,0.0009011592948735781
40,Li7,"(n,Xt)",0.06931818487517985,0.0001041336367325292
37,Li6,"(n,Xt)",0.14876918715862636,0.00027473971696636597
37,Li7,"(n,Xt)",0.019403849376664103,2.7370636708033885e-05
