cell,nuclide,score,mean,std. dev.
50,Li6,"(n,Xt)",0.9995238158639921,0.001195346351284693
50,Li7,"(n,Xt)",0.06782564077118938,9.184962686959666e-05
47,Li6,"(n,Xt)",0.14862949145890275,0.0002601925496310449
47,Li7,"(n,Xt)",0.019128641446752866,2.5588638076219184e-05
