cell,nuclide,score,mean,std. dev.
60,Li6,"(n,Xt)",1.0048800684412798,0.0016354753889357386
60,Li7,"(n,Xt)",0.06624149820035595,8.839699042737596e-05
57,Li6,"(n,Xt)",0.1484259220373613,0.00027252835341652707
57,Li7,"(n,Xt)",0.01882802514278921,2.543462798822436e-05
