cell,nuclide,score,mean,std. dev.
70,Li6,"(n,Xt)",1.00868872780022,0.0008584253552651082
70,Li7,"(n,Xt)",0.06463586258004869,0.00011750748361392087
67,Li6,"(n,Xt)",0.14855952265844782,0.00037960541695765285
67,Li7,"(n,Xt)",0.0184988435952772,2.7843828499971337e-05
