cell,nuclide,score,mean,std. dev.
90,Li6,"(n,Xt)",1.0203610063010382,0.0009428465574758003
90,Li7,"(n,Xt)",0.06077785971228563,0.00010804427073982436
87,Li6,"(n,Xt)",0.14798050494750475,0.0002954076595249563
87,Li7,"(n,Xt)",0.01772751054942436,1.9178351506083855e-05
