cell,nuclide,score,mean,std. dev.
100,Li6,"(n,Xt)",1.0274008969498702,0.0005701163257087557
100,Li7,"(n,Xt)",0.05847891692467794,0.0001221130168538899
97,Li6,"(n,Xt)",0.14768877630319246,0.00033263527684791603
97,Li7,"(n,Xt)",0.017272040222218506,1.8955990317757375e-05
