cell,nuclide,score,mean,std. dev.
110,Li6,"(n,Xt)",1.031951896327667,0.001313856752871645
110,Li7,"(n,Xt)",0.055992008582544085,9.639285113209775e-05
107,Li6,"(n,Xt)",0.14719391560924677,0.00028370474669055115
107,Li7,"(n,Xt)",0.0167438302765872,1.686892859023878e-05
