cell,nuclide,score,mean,std. dev.
20,Li6,"(n,Xt)",0.9889579413497845,0.0005964095404756111
20,Li7,"(n,Xt)",0.07184920984985597,9.296596867557124e-05
17,Li6,"(n,Xt)",0.14847079086208487,0.00023202733273271114
17,Li7,"(n,Xt)",0.019886506515977703,2.7741553555895645e-05
