cell,nuclide,score,mean,std. dev.
120,Li6,"(n,Xt)",1.0415946898104405,0.0010225815250959034
120,Li7,"(n,Xt)",0.053164119425410626,8.503053075103853e-05
117,Li6,"(n,Xt)",0.14669513247474117,0.00023440753051580583
117,Li7,"(n,Xt)",0.016147262738935582,1.868150759357913e-05
