cell,nuclide,score,mean,std. dev.
130,Li6,"(n,Xt)",1.0475537386717868,0.0011249842511210342
130,Li7,"(n,Xt)",0.050031850735465934,8.56527620112184e-05
127,Li6,"(n,Xt)",0.14550191206979773,0.000273729890349315
127,Li7,"(n,Xt)",0.015466298756139493,2.0248453710566082e-05
