cell,nuclide,score,mean,std. dev.
150,Li6,"(n,Xt)",1.0657239822771118,0.0009950590947808806
150,Li7,"(n,Xt)",0.04248670933423612,5.3591787137509614e-05
147,Li6,"(n,Xt)",0.14295682866558557,0.0003679684062601577
147,Li7,"(n,Xt)",0.013736610333381208,1.7613401208141985e-05
