cell,nuclide,score,mean,std. dev.
170,Li6,"(n,Xt)",1.0801015737581534,0.001094438419129714
170,Li7,"(n,Xt)",0.032567811266961934,5.106946907991205e-05
167,Li6,"(n,Xt)",0.13697789999932575,0.00038522143143895774
167,Li7,"(n,Xt)",0.011190835952878763,1.8097710279520417e-05
