cell,nuclide,score,mean,std. dev.
180,Li6,"(n,Xt)",1.0809777837542325,0.0009956599330286744
180,Li7,"(n,Xt)",0.026269725589067462,3.9662741799431994e-05
177,Li6,"(n,Xt)",0.13123291450394914,0.00020623151926994242
177,Li7,"(n,Xt)",0.009443519258672933,1.2870988749822469e-05
