cell,nuclide,score,mean,std. dev.
190,Li6,"(n,Xt)",1.068680594569948,0.001936839619286503
190,Li7,"(n,Xt)",0.0188910752275695,3.0483351372272623e-05
187,Li6,"(n,Xt)",0.12012698630776701,0.00018273530321162725
187,Li7,"(n,Xt)",0.007204418317149122,1.1548340399758638e-05
