cell,nuclide,score,mean,std. dev.
6,Li6,"(n,Xt)",0.07695736709373596,0.00017350671363476898
6,Li7,"(n,Xt)",0.019238776521730002,2.323073374616691e-05
10,Li6,"(n,Xt)",0.9873194121439408,0.0007173791692439585
10,Li7,"(n,Xt)",0.08694735145953468,0.0001324444164161699
13,Li6,"(n,Xt)",0.003292992421955463,9.431019562341154e-05
13,Li7,"(n,Xt)",5.9820542704926375e-05,3.17757574025421e-06
