cell,nuclide,score,mean,std. dev.
20,Li6,"(n,Xt)",0.07720981662128808,8.355970530455406e-05
20,Li7,"(n,Xt)",0.01903822488791334,2.3389911150975513e-05
23,Li6,"(n,Xt)",0.9925094140126725,0.0011399386446157246
23,Li7,"(n,Xt)",0.08557059322772725,0.00013059260636692055
26,Li6,"(n,Xt)",0.003371444932559993,8.268187985432357e-05
26,Li7,"(n,Xt)",6.0079395681090674e-05,2.4432052683299534e-06
