cell,nuclide,score,mean,std. dev.
30,Li6,"(n,Xt)",0.9956004710381482,0.0013032004057257917
30,Li7,"(n,Xt)",0.07536939937928329,0.0001639048116963964
27,Li6,"(n,Xt)",0.14614873132584855,0.00031966023435789646
27,Li7,"(n,Xt)",0.019035502632745675,2.7391983232732383e-05
