cell,nuclide,score,mean,std. dev.
60,Li6,"(n,Xt)",0.9767874291822183,0.0010894882160178275
60,Li7,"(n,Xt)",0.025659860754884484,5.053032203545398e-05
57,Li6,"(n,Xt)",0.24925046077749574,0.0005327590285762585
57,Li7,"(n,Xt)",0.006770082290886432,8.716333921858224e-06
