cell,nuclide,score,mean,std. dev.
70,Li6,"(n,Xt)",0.9659069164798154,0.0011190287551391877
70,Li7,"(n,Xt)",0.006056675392359568,1.0482938946285422e-05
67,Li6,"(n,Xt)",0.27025118305227863,0.00040937042449587936
67,Li7,"(n,Xt)",0.001628999775469813,2.255160576042107e-06
