cell,nuclide,score,mean,std. dev.
10,Li6,"(n,Xt)",1.1634652726582941,0.001527049576427255
10,Li7,"(n,Xt)",0.027067480867218035,9.443426729183503e-05
6,Li6,"(n,Xt)",0.13539090150500974,0.00023905639421063839
6,Li7,"(n,Xt)",0.018561251628947915,2.216882480434895e-05
