cell,nuclide,score,mean,std. dev.
20,Li6,"(n,Xt)",1.1638736467516053,0.0007298356733496579
20,Li7,"(n,Xt)",0.026635581023808676,9.089629627431313e-05
17,Li6,"(n,Xt)",0.13492762091271918,0.0002486903148401951
17,Li7,"(n,Xt)",0.018372368189374693,2.3287222952331485e-05
