cell,nuclide,score,mean,std. dev.
10,Li6,"(n,Xt)",0.3206916683977742,0.0003918160118164864
10,Li7,"(n,Xt)",0.053507250885275304,6.145777678432858e-05
6,Li6,"(n,Xt)",0.0008170744017149888,2.4029581373205382e-06
6,Li7,"(n,Xt)",0.01899423199936624,2.0438561851747723e-05
