cell,nuclide,score,mean,std. dev.
30,Li6,"(n,Xt)",1.1407919275045368,0.0014659057255634268
30,Li7,"(n,Xt)",0.04504048569908541,6.908950206995014e-05
27,Li6,"(n,Xt)",0.13897359421227598,0.0001960137161613121
27,Li7,"(n,Xt)",0.016180155237376807,1.6760511635836717e-05
