cell,nuclide,score,mean,std. dev.
40,Li6,"(n,Xt)",1.13873450596016,0.0014120564467474336
40,Li7,"(n,Xt)",0.03949276248806119,6.19131098293692e-05
37,Li6,"(n,Xt)",0.1737851620400214,0.00022699863088851104
37,Li7,"(n,Xt)",0.014295620628461844,1.4419277513537327e-05
