cell,nuclide,score,mean,std. dev.
50,Li6,"(n,Xt)",1.1226411077533405,0.0010571193555441154
50,Li7,"(n,Xt)",0.025927472533324697,3.635843839399693e-05
47,Li6,"(n,Xt)",0.23040512041558583,0.0004936299123589368
47,Li7,"(n,Xt)",0.009555830323105419,1.062776772351851e-05
