cell,nuclide,score,mean,std. dev.
20,Li6,"(n,Xt)",1.1258393836377305,0.0012573521307066066
20,Li7,"(n,Xt)",0.04921958488282874,7.088641052543291e-05
17,Li6,"(n,Xt)",0.10064896939329031,0.000227311376988964
17,Li7,"(n,Xt)",0.01759495604862455,1.946222676629297e-05
