cell,nuclide,score,mean,std. dev.
60,Li6,"(n,Xt)",1.1014870019207486,0.0012733013492039565
60,Li7,"(n,Xt)",0.012755797041008123,1.6306866722921385e-05
57,Li6,"(n,Xt)",0.26956171665006645,0.0005388726159105113
57,Li7,"(n,Xt)",0.0047906622826835,5.871991367001509e-06
