cell,nuclide,score,mean,std. dev.
70,Li6,"(n,Xt)",1.0863163954173003,0.001219717804783941
70,Li7,"(n,Xt)",5.027837121174483e-06,9.305749827210633e-09
67,Li6,"(n,Xt)",0.299601422898864,0.0005806465862995778
67,Li7,"(n,Xt)",1.922247806818531e-06,2.1893050848249327e-09
