cell,nuclide,score,mean,std. dev.
30,Li6,"(n,Xt)",1.1505842466664997,0.001280728449386027
30,Li7,"(n,Xt)",0.03702752969953602,0.00011164286947006646
27,Li6,"(n,Xt)",0.11900706400402805,0.0001151012581891911
27,Li7,"(n,Xt)",0.018219059265956565,2.202047105949376e-05
