cell,nuclide,score,mean,std. dev.
40,Li6,"(n,Xt)",1.15076174871755,0.001043189385939371
40,Li7,"(n,Xt)",0.03630403968011315,0.0001238344928397909
37,Li6,"(n,Xt)",0.11828586575712867,0.00020231144621968422
37,Li7,"(n,Xt)",0.017993391795463432,2.3941480402676915e-05
