cell,nuclide,score,mean,std. dev.
50,Li6,"(n,Xt)",1.1548420057345932,0.0011881352395172328
50,Li7,"(n,Xt)",0.03555762754866928,0.00011589397655724576
47,Li6,"(n,Xt)",0.11771397412232583,0.00012061765453173708
47,Li7,"(n,Xt)",0.017743920485639254,2.205285406622337e-05
