cell,nuclide,score,mean,std. dev.
60,Li6,"(n,Xt)",1.1585383079567255,0.0013307685257941285
60,Li7,"(n,Xt)",0.03472132336385506,0.00011057027715969661
57,Li6,"(n,Xt)",0.11702288939813268,0.00017645364714270845
57,Li7,"(n,Xt)",0.017467680626706932,2.2384376234093337e-05
