cell,nuclide,score,mean,std. dev.
70,Li6,"(n,Xt)",1.1616457867037542,0.0011757731709694061
70,Li7,"(n,Xt)",0.03380522450741712,0.0001187376424680243
67,Li6,"(n,Xt)",0.11606205002474843,0.0002415703759935016
67,Li7,"(n,Xt)",0.01716481523601521,2.0213685714057572e-05
