cell,nuclide,score,mean,std. dev.
80,Li6,"(n,Xt)",1.1666123270132567,0.001443543552415088
80,Li7,"(n,Xt)",0.03280440703151879,0.00011143248698524201
77,Li6,"(n,Xt)",0.11522785851896247,0.00021900872080758278
77,Li7,"(n,Xt)",0.016830711343095474,1.8280727990667732e-05
