cell,nuclide,score,mean,std. dev.
100,Li6,"(n,Xt)",1.1730963475410268,0.0013861990080087383
100,Li7,"(n,Xt)",0.030569929943819907,0.00010304994001221916
97,Li6,"(n,Xt)",0.11285171115650375,0.00011347716885292501
97,Li7,"(n,Xt)",0.016039564264589065,1.5277264868853534e-05
