cell,nuclide,score,mean,std. dev.
20,Li6,"(n,Xt)",1.147897747532267,0.0012210475024709243
20,Li7,"(n,Xt)",0.037675578693281156,0.00010560540706413545
17,Li6,"(n,Xt)",0.1194608513699426,0.00019749096094703476
17,Li7,"(n,Xt)",0.01843285530070942,2.3265818041532007e-05
