cell,nuclide,score,mean,std. dev.
120,Li6,"(n,Xt)",1.1827086885856068,0.001256763133532572
120,Li7,"(n,Xt)",0.02780742124212836,8.664404060800317e-05
117,Li6,"(n,Xt)",0.10908843040951158,0.00024607626193296167
117,Li7,"(n,Xt)",0.015013181939247378,2.0470933166846854e-05
