cell,nuclide,score,mean,std. dev.
130,Li6,"(n,Xt)",1.1878594268798612,0.0009317709442318408
130,Li7,"(n,Xt)",0.02616017544314502,6.695469284758946e-05
127,Li6,"(n,Xt)",0.10695845887760509,0.00019122530501943275
127,Li7,"(n,Xt)",0.014384426964200989,1.8394881020585252e-05
