cell,nuclide,score,mean,std. dev.
140,Li6,"(n,Xt)",1.1924123999392324,0.0007738087240605578
140,Li7,"(n,Xt)",0.024336407023071337,6.521913868791634e-05
137,Li6,"(n,Xt)",0.1040711313402076,0.0002011946031363371
137,Li7,"(n,Xt)",0.013659595376996203,1.5974558959672743e-05
