cell,nuclide,score,mean,std. dev.
160,Li6,"(n,Xt)",1.2057057991384614,0.0013207591836641322
160,Li7,"(n,Xt)",0.019807514583709013,5.9555085203357216e-05
157,Li6,"(n,Xt)",0.09718980312232997,0.00013143543152110008
157,Li7,"(n,Xt)",0.011732754725319604,1.3358935302946774e-05
