cell,nuclide,score,mean,std. dev.
170,Li6,"(n,Xt)",1.2080546982938682,0.0012694764064679325
170,Li7,"(n,Xt)",0.016991204742287824,4.5935871543119304e-05
167,Li6,"(n,Xt)",0.09123591263158433,0.00016093604265408781
167,Li7,"(n,Xt)",0.010447129177247199,1.1968727855930723e-05
