cell,nuclide,score,mean,std. dev.
180,Li6,"(n,Xt)",1.2099196414100637,0.0010913517387773973
180,Li7,"(n,Xt)",0.013699052661910766,4.0134022957166976e-05
177,Li6,"(n,Xt)",0.08328029035759474,0.0001295036054495028
177,Li7,"(n,Xt)",0.008837742498867474,8.273158435388915e-06
