cell,nuclide,score,mean,std. dev.
190,Li6,"(n,Xt)",1.1935911792262126,0.0017842566859113784
190,Li7,"(n,Xt)",0.009891283850696415,3.282661823621407e-05
187,Li6,"(n,Xt)",0.0717210954055191,0.00015675271639792874
187,Li7,"(n,Xt)",0.006754616370590313,7.4350858857917815e-06
