cell,nuclide,score,mean,std. dev.
10,Li6,"(n,Xt)",1.1409302005253488,0.0008481067509861125
10,Li7,"(n,Xt)",0.04062629794547772,6.990951387563879e-05
6,Li6,"(n,Xt)",0.11737921297288112,0.00019693451188234145
6,Li7,"(n,Xt)",0.018631549454518816,2.142212447133731e-05
