cell,nuclide,score,mean,std. dev.
30,Li6,"(n,Xt)",1.1449893161440012,0.001101003877873871
30,Li7,"(n,Xt)",0.03929533180630743,9.1855640319186e-05
27,Li6,"(n,Xt)",0.1163705460406798,0.00014555155529888292
27,Li7,"(n,Xt)",0.018227375617275533,1.9489570505920306e-05
