cell,nuclide,score,mean,std. dev.
40,Li6,"(n,Xt)",1.1480999394505695,0.0013410750264073964
40,Li7,"(n,Xt)",0.03851173059830433,9.412922768986058e-05
37,Li6,"(n,Xt)",0.11574077690287934,0.00029389486322213494
37,Li7,"(n,Xt)",0.01800635635542051,2.0427179028839038e-05
