cell,nuclide,score,mean,std. dev.
50,Li6,"(n,Xt)",1.1518230772661258,0.0008494429187520413
50,Li7,"(n,Xt)",0.03772967963328731,9.12596087778381e-05
47,Li6,"(n,Xt)",0.11469361727296705,0.00017067198971374502
47,Li7,"(n,Xt)",0.017757784980051237,1.918119813721154e-05
