cell,nuclide,score,mean,std. dev.
60,Li6,"(n,Xt)",1.153678616931869,0.0010204669700310078
60,Li7,"(n,Xt)",0.03681013254474727,9.511959558769575e-05
57,Li6,"(n,Xt)",0.11451133568418212,0.0002546736575458675
57,Li7,"(n,Xt)",0.017483614657411124,1.9232473053823593e-05
