cell,nuclide,score,mean,std. dev.
70,Li6,"(n,Xt)",1.1570081733482112,0.001181282261631927
70,Li7,"(n,Xt)",0.0358619652080696,0.00010003366894441203
67,Li6,"(n,Xt)",0.11330714053245963,0.00028360806710579046
67,Li7,"(n,Xt)",0.01717187510370944,1.5792841955527583e-05
