cell,nuclide,score,mean,std. dev.
80,Li6,"(n,Xt)",1.161815856144348,0.0012070047236579196
80,Li7,"(n,Xt)",0.03479517816873675,9.786001538998574e-05
77,Li6,"(n,Xt)",0.11245050817773143,0.00025060455644555476
77,Li7,"(n,Xt)",0.01684320895074525,1.6001887679666502e-05
