cell,nuclide,score,mean,std. dev.
100,Li6,"(n,Xt)",1.171879226766356,0.0009189269226200652
100,Li7,"(n,Xt)",0.03241547899029836,8.77772424285325e-05
97,Li6,"(n,Xt)",0.10976592283491533,0.000263082178943024
97,Li7,"(n,Xt)",0.016051569669403604,1.2700978896090074e-05
