cell,nuclide,score,mean,std. dev.
110,Li6,"(n,Xt)",1.1740061391922274,0.0011043325019958067
110,Li7,"(n,Xt)",0.03102909598757054,9.168897382582026e-05
107,Li6,"(n,Xt)",0.10853162176690612,0.00019352412283085265
107,Li7,"(n,Xt)",0.015563760141717864,1.4064478650223057e-05
