cell,nuclide,score,mean,std. dev.
20,Li6,"(n,Xt)",1.145307849623789,0.0012114655331853304
20,Li7,"(n,Xt)",0.039968936252968136,7.537911725726332e-05
17,Li6,"(n,Xt)",0.11709203424551391,0.00019931757629035798
17,Li7,"(n,Xt)",0.01844395875160401,2.0171044043933496e-05
