cell,nuclide,score,mean,std. dev.
120,Li6,"(n,Xt)",1.181742702992267,0.0014900041776903044
120,Li7,"(n,Xt)",0.02943462280090982,8.56138099536084e-05
117,Li6,"(n,Xt)",0.10706046201193602,0.00033340888200357607
117,Li7,"(n,Xt)",0.015022447987176201,1.5891377302474248e-05
