cell,nuclide,score,mean,std. dev.
130,Li6,"(n,Xt)",1.1843330302155315,0.001119890667420959
130,Li7,"(n,Xt)",0.027687133394809438,6.315439235067866e-05
127,Li6,"(n,Xt)",0.10506707629414055,0.0002476196449678495
127,Li7,"(n,Xt)",0.01439747701909649,1.6106638174946666e-05
