cell,nuclide,score,mean,std. dev.
150,Li6,"(n,Xt)",1.1961371860491348,0.0018516742223675501
150,Li7,"(n,Xt)",0.02349662084376615,5.505644732035515e-05
147,Li6,"(n,Xt)",0.09966935708071063,0.00021291877204172085
147,Li7,"(n,Xt)",0.01279439370079893,1.272927371882876e-05
