cell,nuclide,score,mean,std. dev.
160,Li6,"(n,Xt)",1.2020961238481038,0.001219949853477466
160,Li7,"(n,Xt)",0.020930373929898594,5.742911766491321e-05
157,Li6,"(n,Xt)",0.09527142764059514,0.00017046130909249865
157,Li7,"(n,Xt)",0.01173943599170175,1.2243846345707179e-05
