cell,nuclide,score,mean,std. dev.
170,Li6,"(n,Xt)",1.2098774080540706,0.001205818727731262
170,Li7,"(n,Xt)",0.017967610197084965,4.3867518821374675e-05
167,Li6,"(n,Xt)",0.0900860563101138,0.00011489227569103907
167,Li7,"(n,Xt)",0.010454911254524009,1.164033320915808e-05
