cell,nuclide,score,mean,std. dev.
180,Li6,"(n,Xt)",1.2087333049442524,0.0008872106888540811
180,Li7,"(n,Xt)",0.014504750291078922,3.762445133507065e-05
177,Li6,"(n,Xt)",0.08227200616301406,0.00023231625778107328
177,Li7,"(n,Xt)",0.008840967082362946,8.775530637591315e-06
