cell,nuclide,score,mean,std. dev.
190,Li6,"(n,Xt)",1.1958685147567754,0.0010890065313879451
190,Li7,"(n,Xt)",0.010455008171184381,3.426051127564693e-05
187,Li6,"(n,Xt)",0.07086534942151063,7.512477970409244e-05
187,Li7,"(n,Xt)",0.0067567620339016145,7.679108837821585e-06
