cell,nuclide,score,mean,std. dev.
30,Li6,"(n,Xt)",0.9955958236323162,0.0011481280583107319
30,Li7,"(n,Xt)",0.07676314487327054,0.0001557501773466411
27,Li6,"(n,Xt)",0.13719540596212149,0.0002101622569449055
27,Li7,"(n,Xt)",0.01896477831566806,2.856306261688045e-05
