cell,nuclide,score,mean,std. dev.
40,Li6,"(n,Xt)",0.9988618028196358,0.001296177849004192
40,Li7,"(n,Xt)",0.06800191435377619,0.00013343095236181813
37,Li6,"(n,Xt)",0.16468789462649855,0.00035213781157520643
37,Li7,"(n,Xt)",0.01693663836777779,2.352814068642503e-05
