cell,nuclide,score,mean,std. dev.
50,Li6,"(n,Xt)",0.9893564294502347,0.0013068068850832712
50,Li7,"(n,Xt)",0.04675827669735496,7.772413756435299e-05
47,Li6,"(n,Xt)",0.20764721744724146,0.000420222380096348
47,Li7,"(n,Xt)",0.01185121197327495,1.503846075135878e-05
