cell,nuclide,score,mean,std. dev.
20,Li6,"(n,Xt)",0.9811320120723861,0.0011760309091315502
20,Li7,"(n,Xt)",0.08341192110545337,0.00018771698116465122
17,Li6,"(n,Xt)",0.10497202888310178,0.00025982108136583207
17,Li7,"(n,Xt)",0.020477189592863702,3.256729705409226e-05
