cell,nuclide,score,mean,std. dev.
60,Li6,"(n,Xt)",0.9780663676593285,0.0008095121656857698
60,Li7,"(n,Xt)",0.026143159913545367,4.21770868488902e-05
57,Li6,"(n,Xt)",0.23593965650310134,0.0006058409065749428
57,Li7,"(n,Xt)",0.006748290237709731,9.005423930670374e-06
