cell,nuclide,score,mean,std. dev.
70,Li6,"(n,Xt)",0.9663153576583117,0.0012906486647249907
70,Li7,"(n,Xt)",0.006169190767454479,9.65157915340156e-06
67,Li6,"(n,Xt)",0.2567205557763709,0.0003876691100300865
67,Li7,"(n,Xt)",0.0016224878308429846,2.25872033784075e-06
