cell,nuclide,score,mean,std. dev.
40,Li6,"(n,Xt)",1.0073693380062032,0.0012588614261585906
40,Li7,"(n,Xt)",0.06505633004312532,0.00012962163910815308
37,Li6,"(n,Xt)",0.16603403277519538,0.0002739826532736472
37,Li7,"(n,Xt)",0.015988751153498917,2.093213517627642e-05
