cell,nuclide,score,mean,std. dev.
30,Li6,"(n,Xt)",0.7608104463333787,0.0005797447116827086
30,Li7,"(n,Xt)",0.029985338490773138,0.000124681747587997
27,Li6,"(n,Xt)",0.5297878134673847,0.00110628190396316
27,Li7,"(n,Xt)",0.020304649358667763,2.5321770890047046e-05
