cell,nuclide,score,mean,std. dev.
40,Li6,"(n,Xt)",0.7621504861364884,0.0008194922651336225
40,Li7,"(n,Xt)",0.029473992875545762,0.00012511761074465372
37,Li6,"(n,Xt)",0.5296706999913552,0.0009001504869042813
37,Li7,"(n,Xt)",0.020062966755741152,2.6834890342589556e-05
