cell,nuclide,score,mean,std. dev.
50,Li6,"(n,Xt)",0.762217359452265,0.001094207991149562
50,Li7,"(n,Xt)",0.028853315451184518,0.00012436684963462133
47,Li6,"(n,Xt)",0.5288469823304593,0.0008659134996300144
47,Li7,"(n,Xt)",0.019790691833185204,2.244995200326452e-05
