cell,nuclide,score,mean,std. dev.
60,Li6,"(n,Xt)",0.7609651093347927,0.0007359851156667601
60,Li7,"(n,Xt)",0.028255706878096108,0.00011196934775536473
57,Li6,"(n,Xt)",0.5288014253817056,0.0011479046127599961
57,Li7,"(n,Xt)",0.019483455931242046,1.9146127504928876e-05
