cell,nuclide,score,mean,std. dev.
70,Li6,"(n,Xt)",0.7611435336195227,0.0011457807755226022
70,Li7,"(n,Xt)",0.02754565810154872,0.00010349562827134785
67,Li6,"(n,Xt)",0.5268601899518948,0.0009007983516594453
67,Li7,"(n,Xt)",0.019152335572934037,1.9916781340805363e-05
