cell,nuclide,score,mean,std. dev.
80,Li6,"(n,Xt)",0.7625307346781238,0.0008943015565136621
80,Li7,"(n,Xt)",0.026775965295663236,9.841079298402523e-05
77,Li6,"(n,Xt)",0.5263220644554119,0.0006972543185049081
77,Li7,"(n,Xt)",0.018772220793450985,2.3933892719050927e-05
