cell,nuclide,score,mean,std. dev.
90,Li6,"(n,Xt)",0.7635979860809361,0.0015559364504470973
90,Li7,"(n,Xt)",0.02596176386757933,8.85827414499516e-05
87,Li6,"(n,Xt)",0.5247354965548301,0.0006793909070214874
87,Li7,"(n,Xt)",0.018368710389596817,2.4400148514939882e-05
