cell,nuclide,score,mean,std. dev.
100,Li6,"(n,Xt)",0.7627551740328334,0.001460123234110404
100,Li7,"(n,Xt)",0.025045973865926406,6.94028185530267e-05
97,Li6,"(n,Xt)",0.5235936724158929,0.000573934427173683
97,Li7,"(n,Xt)",0.017887293236268954,1.9545401901269677e-05
