cell,nuclide,score,mean,std. dev.
110,Li6,"(n,Xt)",0.7625996507336132,0.0009826894766835682
110,Li7,"(n,Xt)",0.023979643189620297,6.787450235795967e-05
107,Li6,"(n,Xt)",0.521369536398308,0.0005196894848586592
107,Li7,"(n,Xt)",0.017351307587654345,2.0982876855751155e-05
