cell,nuclide,score,mean,std. dev.
20,Li6,"(n,Xt)",0.7598395601948129,0.0009140499529990028
20,Li7,"(n,Xt)",0.03046463782375432,0.00012043183497938567
17,Li6,"(n,Xt)",0.5305655824486808,0.001392053018289284
17,Li7,"(n,Xt)",0.020547633315460646,2.7339243830913265e-05
