cell,nuclide,score,mean,std. dev.
120,Li6,"(n,Xt)",0.7625933021572512,0.0010681223305524668
120,Li7,"(n,Xt)",0.022866932729488355,5.719790412166119e-05
117,Li6,"(n,Xt)",0.5213951969712733,0.0007888914462856584
117,Li7,"(n,Xt)",0.01675081199605289,1.9598474900413185e-05
