cell,nuclide,score,mean,std. dev.
140,Li6,"(n,Xt)",0.7604694785670784,0.0005896595205378754
140,Li7,"(n,Xt)",0.020143942115192794,4.18059117930861e-05
137,Li6,"(n,Xt)",0.5152244631214311,0.000954150397236258
137,Li7,"(n,Xt)",0.015245581756095528,1.4072156473464113e-05
