cell,nuclide,score,mean,std. dev.
150,Li6,"(n,Xt)",0.7586796910286548,0.001109592158745247
150,Li7,"(n,Xt)",0.01851695154840525,4.054667129004276e-05
147,Li6,"(n,Xt)",0.5126540178816127,0.0008150278839599889
147,Li7,"(n,Xt)",0.014283964439026109,1.6207843537898117e-05
