cell,nuclide,score,mean,std. dev.
160,Li6,"(n,Xt)",0.7557580476093768,0.0012217648208859354
160,Li7,"(n,Xt)",0.016587719348189776,3.353795421154549e-05
157,Li6,"(n,Xt)",0.5066678764453479,0.0008154860030446491
157,Li7,"(n,Xt)",0.013097548164797962,1.631670702456128e-05
