cell,nuclide,score,mean,std. dev.
170,Li6,"(n,Xt)",0.7459585302321277,0.0011107868044555901
170,Li7,"(n,Xt)",0.014329643928804758,3.612770774033267e-05
167,Li6,"(n,Xt)",0.49845093282588604,0.0005176661528650421
167,Li7,"(n,Xt)",0.011670353173185231,1.5282627004423273e-05
