cell,nuclide,score,mean,std. dev.
180,Li6,"(n,Xt)",0.7372946063478338,0.001152090395614282
180,Li7,"(n,Xt)",0.01165029654745898,2.212406262310044e-05
177,Li6,"(n,Xt)",0.4840431342948953,0.0008677641241136821
177,Li7,"(n,Xt)",0.009862877041312676,1.1993311642362405e-05
