cell,nuclide,score,mean,std. dev.
190,Li6,"(n,Xt)",0.7119264415746497,0.0012477702715994906
190,Li7,"(n,Xt)",0.008472276371686996,2.144186486627581e-05
187,Li6,"(n,Xt)",0.45819555076663593,0.0006722576509934762
187,Li7,"(n,Xt)",0.007536568610314906,1.1149066471950078e-05
