cell,nuclide,score,mean,std. dev.
40,Li6,"(n,Xt)",0.9824015553395322,0.0007077589966075357
40,Li7,"(n,Xt)",0.07366990685104693,0.00012701634479365422
37,Li6,"(n,Xt)",0.1604557800411785,0.000324314409418147
37,Li7,"(n,Xt)",0.018826749089160082,2.91373780160601e-05
