cell,nuclide,score,mean,std. dev.
50,Li6,"(n,Xt)",0.9730976579960327,0.001196659622234312
50,Li7,"(n,Xt)",0.054719172200061617,8.237691516430176e-05
47,Li6,"(n,Xt)",0.20125409772549122,0.0003403696164827864
47,Li7,"(n,Xt)",0.014223626577614909,2.08533993309225e-05
