cell,nuclide,score,mean,std. dev.
60,Li6,"(n,Xt)",0.960948321566011,0.0010566184543072416
60,Li7,"(n,Xt)",0.03630263958069558,6.005464996980757e-05
57,Li6,"(n,Xt)",0.2288945558785395,0.00039275934484717925
57,Li7,"(n,Xt)",0.00958819322268974,1.3501414633332942e-05
