cell,nuclide,score,mean,std. dev.
40,Li6,"(n,Xt)",0.9838208872048544,0.0013224597250993664
40,Li7,"(n,Xt)",0.07623276737932431,0.00016336655005423414
37,Li6,"(n,Xt)",0.1397531623139007,0.00011718879128762363
37,Li7,"(n,Xt)",0.018635943289802524,2.525296784615095e-05
