cell,nuclide,score,mean,std. dev.
50,Li6,"(n,Xt)",0.9765470835267539,0.0008180660575091737
50,Li7,"(n,Xt)",0.056622767707294665,0.00011702887324476645
47,Li6,"(n,Xt)",0.17698638843474448,0.0002525278474641598
47,Li7,"(n,Xt)",0.014074686728653193,1.8085220818664173e-05
