cell,nuclide,score,mean,std. dev.
20,Li6,"(n,Xt)",0.9678803355477609,0.0009072315310204857
20,Li7,"(n,Xt)",0.09031466286110093,0.00019607816736180313
17,Li6,"(n,Xt)",0.09296111766956025,0.0001774486574698661
17,Li7,"(n,Xt)",0.02182012620315039,3.1779041199630637e-05
