cell,nuclide,score,mean,std. dev.
40,Li6,"(n,Xt)",1.0060017024195829,0.0009248660021715372
40,Li7,"(n,Xt)",0.06388278669346595,0.00013146982710445974
37,Li6,"(n,Xt)",0.17649324857712984,0.00042928381840527625
37,Li7,"(n,Xt)",0.016049207737892097,1.7754467779556294e-05
