cell,nuclide,score,mean,std. dev.
30,Li6,"(n,Xt)",1.0119497637383157,0.0011264547080557113
30,Li7,"(n,Xt)",0.07970360143783463,0.00015456499331820134
27,Li6,"(n,Xt)",0.10549659952749306,0.00021547164516409943
27,Li7,"(n,Xt)",0.01926588071042012,3.106474181374652e-05
