cell,nuclide,score,mean,std. dev.
40,Li6,"(n,Xt)",1.0158513397175029,0.001435136024103745
40,Li7,"(n,Xt)",0.07143580326664199,0.00012726312280125836
37,Li6,"(n,Xt)",0.1274398240631694,0.0003157544841267081
37,Li7,"(n,Xt)",0.01738924750454276,2.4840720006774826e-05
