cell,nuclide,score,mean,std. dev.
50,Li6,"(n,Xt)",1.005836204378254,0.0017702033305863403
50,Li7,"(n,Xt)",0.05115540845083847,9.82456040446496e-05
47,Li6,"(n,Xt)",0.16449555476315952,0.00028784269478602685
47,Li7,"(n,Xt)",0.012674881007096109,1.8275563868125694e-05
