cell,nuclide,score,mean,std. dev.
33,Li6,"(n,Xt)",0.0903617017483573,0.00022900483785367665
33,Li7,"(n,Xt)",0.018501999416498712,2.6145973791812575e-05
36,Li6,"(n,Xt)",1.0490733020369363,0.0009216226086425243
36,Li7,"(n,Xt)",0.06602027313357697,0.00010960711662676801
39,Li6,"(n,Xt)",0.018839297551286834,0.0001839303051733954
39,Li7,"(n,Xt)",0.00034643052685021564,7.37562246295181e-06
