cell,nuclide,score,mean,std. dev.
46,Li6,"(n,Xt)",0.08982449934244288,0.00018117290112971268
46,Li7,"(n,Xt)",0.018277588884077302,2.8571278149766625e-05
49,Li6,"(n,Xt)",1.0538379938526592,0.0009516540214899564
49,Li7,"(n,Xt)",0.06478272499468415,0.00011492863312938694
52,Li6,"(n,Xt)",0.019146816168282375,0.00017262598420546743
52,Li7,"(n,Xt)",0.0003285273472681233,7.601009962035058e-06
