cell,nuclide,score,mean,std. dev.
59,Li6,"(n,Xt)",0.08975597585019149,0.00014887753138616234
59,Li7,"(n,Xt)",0.018028779121669766,2.5062738101317924e-05
62,Li6,"(n,Xt)",1.0588905782405837,0.0018441119212477312
62,Li7,"(n,Xt)",0.06339650222442987,0.00010202763136734148
65,Li6,"(n,Xt)",0.019538459616735237,0.00010229470936249326
65,Li7,"(n,Xt)",0.00031310841724587347,8.154929992185392e-06
