cell,nuclide,score,mean,std. dev.
72,Li6,"(n,Xt)",0.0899164830620394,0.0001837583748080427
72,Li7,"(n,Xt)",0.01774676232301268,2.4172367351250017e-05
75,Li6,"(n,Xt)",1.0636787696964947,0.0017753929502700525
75,Li7,"(n,Xt)",0.06192745867376631,0.00012203094716553678
78,Li6,"(n,Xt)",0.019618004832394252,0.00017976430885958483
78,Li7,"(n,Xt)",0.00030305486798015534,8.885526982895625e-06
