cell,nuclide,score,mean,std. dev.
85,Li6,"(n,Xt)",0.08923632539467181,0.00018469907053478467
85,Li7,"(n,Xt)",0.01742721066986006,2.0876549388815997e-05
88,Li6,"(n,Xt)",1.0686722525153343,0.0013911498085224104
88,Li7,"(n,Xt)",0.06033112166799006,0.0001118567479994906
91,Li6,"(n,Xt)",0.02010027819382982,0.00023557148646247776
91,Li7,"(n,Xt)",0.00027853936850614954,1.0303646813887201e-05
