cell,nuclide,score,mean,std. dev.
98,Li6,"(n,Xt)",0.08910645387714573,0.00013568168274837443
98,Li7,"(n,Xt)",0.017088549694123288,2.0283986890554414e-05
101,Li6,"(n,Xt)",1.0736178957232148,0.0009698442997649954
101,Li7,"(n,Xt)",0.05858359292769488,0.00012371633950085002
104,Li6,"(n,Xt)",0.0205343403539049,0.00021506554055546285
104,Li7,"(n,Xt)",0.00026251481077576937,8.533847852040624e-06
