cell,nuclide,score,mean,std. dev.
111,Li6,"(n,Xt)",0.08862502113514371,0.00015865495073544799
111,Li7,"(n,Xt)",0.016703085234928,1.681741515832001e-05
114,Li6,"(n,Xt)",1.0802113947373504,0.0004941111664895248
114,Li7,"(n,Xt)",0.05662345547192662,0.00011869304327948337
117,Li6,"(n,Xt)",0.020876036565698093,0.00019196814549991297
117,Li7,"(n,Xt)",0.0002451551650322271,7.811559944358714e-06
