cell,nuclide,score,mean,std. dev.
124,Li6,"(n,Xt)",0.08802726368694036,0.0002087104467105627
124,Li7,"(n,Xt)",0.016276609277354446,1.6576048268565067e-05
127,Li6,"(n,Xt)",1.088026072483997,0.0016361698790671366
127,Li7,"(n,Xt)",0.05447829401688509,0.0001293183247547496
130,Li6,"(n,Xt)",0.021728198401982757,0.00015467707556179557
130,Li7,"(n,Xt)",0.0002278282500806,8.122697619717534e-06
