cell,nuclide,score,mean,std. dev.
137,Li6,"(n,Xt)",0.08755993702359231,0.00019622866466605923
137,Li7,"(n,Xt)",0.015774895068026012,1.5071117364556731e-05
140,Li6,"(n,Xt)",1.0937599507736855,0.001213394695335254
140,Li7,"(n,Xt)",0.0520985985480857,0.00011428825892461664
143,Li6,"(n,Xt)",0.022289271198338928,0.00021032725747522512
143,Li7,"(n,Xt)",0.0002142419374110812,6.465399840595469e-06
