cell,nuclide,score,mean,std. dev.
20,Li6,"(n,Xt)",0.09049255744559208,0.0002232938049181291
20,Li7,"(n,Xt)",0.018719618165254113,2.541953762934308e-05
23,Li6,"(n,Xt)",1.0463530478593694,0.0009404775449135223
23,Li7,"(n,Xt)",0.06710610765868723,9.690380629074e-05
26,Li6,"(n,Xt)",0.018632463177413953,0.0001417239309588073
26,Li7,"(n,Xt)",0.0003574585095175591,7.05532435383151e-06
