cell,nuclide,score,mean,std. dev.
150,Li6,"(n,Xt)",0.08695335332001702,0.0001588488408502533
150,Li7,"(n,Xt)",0.015214249360609038,1.6682684499277514e-05
153,Li6,"(n,Xt)",1.1016292381904011,0.0010590428936441741
153,Li7,"(n,Xt)",0.04946951502292814,0.00010610261204607991
156,Li6,"(n,Xt)",0.02318995409109027,0.00017982243418869468
156,Li7,"(n,Xt)",0.00019760762713049132,6.5876236463082165e-06
