cell,nuclide,score,mean,std. dev.
163,Li6,"(n,Xt)",0.08584297956683429,0.00022154599702356797
163,Li7,"(n,Xt)",0.014575144997163466,1.7229743590871542e-05
166,Li6,"(n,Xt)",1.1101993561743275,0.000884542792202874
166,Li7,"(n,Xt)",0.046456294212807114,0.00010294587943014569
169,Li6,"(n,Xt)",0.02453312340243633,0.00020526523759975193
169,Li7,"(n,Xt)",0.00017081378801015568,7.660335984781347e-06
