cell,nuclide,score,mean,std. dev.
176,Li6,"(n,Xt)",0.0845615974954784,0.00018839912545808694
176,Li7,"(n,Xt)",0.013825344327150213,1.4389354510591736e-05
179,Li6,"(n,Xt)",1.1196533332120355,0.001318168027881711
179,Li7,"(n,Xt)",0.04316995891656303,9.419986645670803e-05
182,Li6,"(n,Xt)",0.025818225659927946,0.0002462847842344127
182,Li7,"(n,Xt)",0.00014744163750308106,5.994546147337783e-06
