cell,nuclide,score,mean,std. dev.
189,Li6,"(n,Xt)",0.08251903273753634,0.0001078219821208999
189,Li7,"(n,Xt)",0.012930733057488708,1.3945443448792199e-05
192,Li6,"(n,Xt)",1.1279362947231175,0.0014084557120447856
192,Li7,"(n,Xt)",0.03940217707701217,9.61676208746843e-05
195,Li6,"(n,Xt)",0.02804529419776473,0.0002568061207058326
195,Li7,"(n,Xt)",0.00012356486084395417,4.307141284403045e-06
