cell,nuclide,score,mean,std. dev.
202,Li6,"(n,Xt)",0.08022471479259402,6.865109409065376e-05
202,Li7,"(n,Xt)",0.011860589346076502,1.3491409939599454e-05
205,Li6,"(n,Xt)",1.1365208282908397,0.0008485540283716171
205,Li7,"(n,Xt)",0.03511737287644767,8.667016858009634e-05
208,Li6,"(n,Xt)",0.030980018033847107,0.00022369460956981008
208,Li7,"(n,Xt)",0.00010210073185888066,3.2207477127401368e-06
