cell,nuclide,score,mean,std. dev.
215,Li6,"(n,Xt)",0.07650652389058252,0.0001929103546550378
215,Li7,"(n,Xt)",0.01054462439461976,1.2185218281955087e-05
218,Li6,"(n,Xt)",1.1427239828625175,0.001039352728232022
218,Li7,"(n,Xt)",0.03016111112969518,5.976128592765138e-05
221,Li6,"(n,Xt)",0.036189630860070945,0.00025590711358571856
221,Li7,"(n,Xt)",7.808481589672008e-05,3.978538472414859e-06
