cell,nuclide,score,mean,std. dev.
30,Li6,"(n,Xt)",1.1140155062616093,0.0007814823664938675
30,Li7,"(n,Xt)",0.05376895655648799,0.0001093445911700811
27,Li6,"(n,Xt)",0.1261660031493902,0.00025023988090240514
27,Li7,"(n,Xt)",0.016273270420168552,1.6398498610857295e-05
