cell,nuclide,score,mean,std. dev.
20,Li6,"(n,Xt)",1.0943963793701283,0.001891928989312591
20,Li7,"(n,Xt)",0.05879365558467915,0.00012005561392256539
17,Li6,"(n,Xt)",0.09236086657533225,0.00013905464829799886
17,Li7,"(n,Xt)",0.017692495678015015,1.9247515626440007e-05
