cell,nuclide,score,mean,std. dev.
70,Li6,"(n,Xt)",1.070570873902638,0.0011615186698585517
70,Li7,"(n,Xt)",5.997361692275204e-06,1.4667071252350456e-08
67,Li6,"(n,Xt)",0.2652702006724755,0.0006115639867249636
67,Li7,"(n,Xt)",1.9321252011577657e-06,2.165657939968364e-09
