cell,nuclide,score,mean,std. dev.
10,Li6,"(n,Xt)",0.32648869536086467,0.0002953458816559235
10,Li7,"(n,Xt)",0.07342729215255264,0.00011812165257044167
6,Li6,"(n,Xt)",0.0008517182143855911,2.0256008081318984e-06
6,Li7,"(n,Xt)",0.020225893456172175,2.7310349515481062e-05
