cell,nuclide,score,mean,std. dev.
30,Li6,"(n,Xt)",1.0808270747395894,0.0015569417433262526
30,Li7,"(n,Xt)",0.06176827222169643,9.725812574188812e-05
27,Li6,"(n,Xt)",0.12222936356517573,0.0002107999133446709
27,Li7,"(n,Xt)",0.017219963936078723,2.1858956326300285e-05
