cell,nuclide,score,mean,std. dev.
50,Li6,"(n,Xt)",1.06759587880859,0.0008493144616390333
50,Li7,"(n,Xt)",0.03546312522777117,5.736189005785815e-05
47,Li6,"(n,Xt)",0.19782746589036343,0.0005076043943658763
47,Li7,"(n,Xt)",0.010167950619326384,1.4314925925289113e-05
