cell,nuclide,score,mean,std. dev.
60,Li6,"(n,Xt)",1.053276682785615,0.0013161962611976607
60,Li7,"(n,Xt)",0.017433621878552887,2.721461877350561e-05
57,Li6,"(n,Xt)",0.23078810423512927,0.0004139262121002289
57,Li7,"(n,Xt)",0.0050954061130657246,7.400855967902641e-06
