cell,nuclide,score,mean,std. dev.
70,Li6,"(n,Xt)",1.040553480643581,0.0010308384040652876
70,Li7,"(n,Xt)",6.853060253035224e-06,1.294824921033308e-08
67,Li6,"(n,Xt)",0.2560860450992307,0.0004343693147634401
67,Li7,"(n,Xt)",2.043316837266135e-06,3.0750927922519556e-09
