cell,nuclide,score,mean,std. dev.
10,Li6,"(n,Xt)",0.31211585174574485,0.00043670892429297376
10,Li7,"(n,Xt)",0.08617757600367612,0.00018296604847825563
6,Li6,"(n,Xt)",0.0008315712621760603,2.347140667539963e-06
6,Li7,"(n,Xt)",0.020219501115672632,3.354660639944151e-05
