cell,nuclide,score,mean,std. dev.
30,Li6,"(n,Xt)",1.038628935393666,0.0011703248685594105
30,Li7,"(n,Xt)",0.07251051794547898,0.00015310178864305537
27,Li6,"(n,Xt)",0.1072634668902744,0.00015144787218721305
27,Li7,"(n,Xt)",0.017216500455030644,2.8342149894730448e-05
