cell,nuclide,score,mean,std. dev.
40,Li6,"(n,Xt)",1.0402718938848055,0.000992898740513089
40,Li7,"(n,Xt)",0.0635224702968565,0.0001305626809498599
37,Li6,"(n,Xt)",0.13079141866292104,0.0002481470981864158
37,Li7,"(n,Xt)",0.015206725685898642,2.4407548117165498e-05
