cell,nuclide,score,mean,std. dev.
50,Li6,"(n,Xt)",1.0323620727835265,0.001414999317840738
50,Li7,"(n,Xt)",0.04162214023654271,9.494696773415005e-05
47,Li6,"(n,Xt)",0.1690898032527517,0.00035942778032797075
47,Li7,"(n,Xt)",0.010160949198285276,1.7451038837810924e-05
