cell,nuclide,score,mean,std. dev.
20,Li6,"(n,Xt)",1.0207023912690167,0.0008415848426783028
20,Li7,"(n,Xt)",0.07928566404650571,0.00015888360790387488
17,Li6,"(n,Xt)",0.08048755952424158,0.00014588177870444825
17,Li7,"(n,Xt)",0.018715394077256073,3.100571963737309e-05
