cell,nuclide,score,mean,std. dev.
60,Li6,"(n,Xt)",1.0205207929896634,0.0011355531168373253
60,Li7,"(n,Xt)",0.020467560384003672,4.575565399088097e-05
57,Li6,"(n,Xt)",0.19594880210948398,0.00047380844057722747
57,Li7,"(n,Xt)",0.005087852438213974,8.455254758220041e-06
