cell,nuclide,score,mean,std. dev.
70,Li6,"(n,Xt)",1.0091353494244018,0.0015167416212199657
70,Li7,"(n,Xt)",8.048469016611071e-06,2.0056802210040257e-08
67,Li6,"(n,Xt)",0.2172031647834889,0.0005278121787607303
67,Li7,"(n,Xt)",2.039637159165614e-06,3.1036957804337828e-09
