cell,nuclide,score,mean,std. dev.
40,Li6,"(n,Xt)",1.0059587295209744,0.0009096209185309379
40,Li7,"(n,Xt)",0.06388148784526039,0.00013124647075021738
37,Li6,"(n,Xt)",0.17649764358115566,0.00043060532368351513
37,Li7,"(n,Xt)",0.016049313564052186,1.7795434793516795e-05
