cell,nuclide,score,mean,std. dev.
50,Li6,"(n,Xt)",0.9964480735084601,0.0012790738609748792
50,Li7,"(n,Xt)",0.042627230118589245,7.3309295558889e-05
47,Li6,"(n,Xt)",0.21066942200430616,0.00044467689979062105
47,Li7,"(n,Xt)",0.010681842134086333,1.3423272163503015e-05
