cell,nuclide,score,mean,std. dev.
40,Li6,"(n,Xt)",1.029928767301593,0.001046749731270639
40,Li7,"(n,Xt)",0.06644644910269096,0.00014628042722399643
37,Li6,"(n,Xt)",0.12960885060306915,0.000191883547382725
37,Li7,"(n,Xt)",0.015558769732261968,2.0348372431355018e-05
