cell,nuclide,score,mean,std. dev.
50,Li6,"(n,Xt)",1.0202874696645021,0.0016456580453440993
50,Li7,"(n,Xt)",0.04354305884341116,9.677742546501439e-05
47,Li6,"(n,Xt)",0.1676440501242133,0.00022023690372944413
47,Li7,"(n,Xt)",0.010397204499425711,1.3938574227449601e-05
