cell,nuclide,score,mean,std. dev.
60,Li6,"(n,Xt)",1.0098176939720163,0.0017020831057841675
60,Li7,"(n,Xt)",0.021394287507208763,4.6696828588564014e-05
57,Li6,"(n,Xt)",0.19438681825165335,0.00020455064844487208
57,Li7,"(n,Xt)",0.005210800075166897,6.9250754969540336e-06
