cell,nuclide,score,mean,std. dev.
30,Li6,"(n,Xt)",1.1015670511399824,0.0010936797004555145
30,Li7,"(n,Xt)",0.056936757314489606,0.00011193061253237304
27,Li6,"(n,Xt)",0.12154273752846086,0.0002974962116410785
27,Li7,"(n,Xt)",0.016321993571700756,2.037797122103259e-05
