cell,nuclide,score,mean,std. dev.
40,Li6,"(n,Xt)",1.1050305062918906,0.0010018281984056844
40,Li7,"(n,Xt)",0.049926791062412504,9.204376883897e-05
37,Li6,"(n,Xt)",0.1496365243113307,0.0003117979113873911
37,Li7,"(n,Xt)",0.014414803558397563,1.8250447912176526e-05
