cell,nuclide,score,mean,std. dev.
50,Li6,"(n,Xt)",1.0914748669558247,0.0006850870272519773
50,Li7,"(n,Xt)",0.03277500370737557,7.083705335020988e-05
47,Li6,"(n,Xt)",0.19604367774154852,0.0002813090781086859
47,Li7,"(n,Xt)",0.009634815095789456,1.340329300812027e-05
