cell,nuclide,score,mean,std. dev.
20,Li6,"(n,Xt)",1.0818996767166031,0.0016291526255710483
20,Li7,"(n,Xt)",0.06224879160541491,0.00012827016780279213
17,Li6,"(n,Xt)",0.0900203224780742,0.0001889853744168257
17,Li7,"(n,Xt)",0.017746061503968732,2.3129607263510278e-05
