cell,nuclide,score,mean,std. dev.
60,Li6,"(n,Xt)",1.0758372577363853,0.0005896326982713707
60,Li7,"(n,Xt)",0.01613924228890533,3.5517364398326664e-05
57,Li6,"(n,Xt)",0.2282235824441326,0.0004030874592391696
57,Li7,"(n,Xt)",0.004828219375743381,6.5781476138063055e-06
