cell,nuclide,score,mean,std. dev.
70,Li6,"(n,Xt)",1.0620944329589477,0.0014204964627135717
70,Li7,"(n,Xt)",6.35273431040942e-06,1.4806506420252557e-08
67,Li6,"(n,Xt)",0.25385717464845803,0.0004346408213305927
67,Li7,"(n,Xt)",1.9365822014521334e-06,2.612350477945463e-09
