cell,nuclide,score,mean,std. dev.
40,Li6,"(n,Xt)",1.0140942434602813,0.0012359953327826753
40,Li7,"(n,Xt)",0.06963167143106651,0.00011045493427335043
37,Li6,"(n,Xt)",0.12423115122728548,0.0002813163560200694
37,Li7,"(n,Xt)",0.015618489957953877,1.4038336614608232e-05
