cell,nuclide,score,mean,std. dev.
30,Li6,"(n,Xt)",0.9620608631470462,0.0011682658225825866
30,Li7,"(n,Xt)",0.0861549613043665,0.00018139314140832804
27,Li6,"(n,Xt)",0.13393965492302112,0.0003468452480183952
27,Li7,"(n,Xt)",0.02243270257756283,3.84830861843649e-05
