cell,nuclide,score,mean,std. dev.
60,Li6,"(n,Xt)",0.9498639295898494,0.001169554494814768
60,Li7,"(n,Xt)",0.04639643603493913,9.883054609345563e-05
57,Li6,"(n,Xt)",0.2199396096084098,0.0005494765984557763
57,Li7,"(n,Xt)",0.012501935041658935,1.9213936947866505e-05
