cell,nuclide,score,mean,std. dev.
70,Li6,"(n,Xt)",0.9406266193606185,0.0014084335770770994
70,Li7,"(n,Xt)",0.030494309802186103,6.490188808662087e-05
67,Li6,"(n,Xt)",0.23995008882048124,0.00045758070032715854
67,Li7,"(n,Xt)",0.008329072824808114,1.2661599873847222e-05
