cell,nuclide,score,mean,std. dev.
6,Li6,"(n,Xt)",0.09068520411605847,0.0001967178354680565
6,Li7,"(n,Xt)",0.01892159122833975,2.6610587205543858e-05
10,Li6,"(n,Xt)",0.9822381509971386,0.001741648058393731
10,Li7,"(n,Xt)",0.06598326238893289,0.00010109785405149372
13,Li6,"(n,Xt)",0.08435281961220144,0.0005278087624711672
13,Li7,"(n,Xt)",0.0021644717642750055,1.9879585771643902e-05
