cell,nuclide,score,mean,std. dev.
46,Li6,"(n,Xt)",0.09004167489213503,0.00019828913523512994
46,Li7,"(n,Xt)",0.01827874388392091,2.7695087835505354e-05
49,Li6,"(n,Xt)",0.9905782939310603,0.0011101556002318866
49,Li7,"(n,Xt)",0.06276504020144524,0.00012645283098036128
52,Li6,"(n,Xt)",0.08619872160560896,0.0003162041771208314
52,Li7,"(n,Xt)",0.001989121479412404,2.148218783794421e-05
