cell,nuclide,score,mean,std. dev.
59,Li6,"(n,Xt)",0.08991895526939074,0.00023129470509593671
59,Li7,"(n,Xt)",0.01802776339066696,2.3420729389748062e-05
62,Li6,"(n,Xt)",0.995011851074494,0.0013869158578362153
62,Li7,"(n,Xt)",0.06144364351755146,0.00012164682156308764
65,Li6,"(n,Xt)",0.08777408049054894,0.00044149053444033173
65,Li7,"(n,Xt)",0.00191707268290347,2.0798311346001707e-05
