cell,nuclide,score,mean,std. dev.
72,Li6,"(n,Xt)",0.08997086557183567,0.0001696000612660578
72,Li7,"(n,Xt)",0.017746730946583324,2.3614162480923987e-05
75,Li6,"(n,Xt)",0.9976638223205976,0.0016760669009365549
75,Li7,"(n,Xt)",0.06003428211488705,0.00012725166040412393
78,Li6,"(n,Xt)",0.08985256327731944,0.00032709331428749596
78,Li7,"(n,Xt)",0.0018523504329866047,2.4542723460383313e-05
