cell,nuclide,score,mean,std. dev.
85,Li6,"(n,Xt)",0.08923526013495413,0.0001424973993321583
85,Li7,"(n,Xt)",0.017426115723382297,2.0681242429891538e-05
88,Li6,"(n,Xt)",1.0020206321392466,0.0011306460909783057
88,Li7,"(n,Xt)",0.0585397428280903,0.0001256000849595528
91,Li6,"(n,Xt)",0.09076417559364945,0.00044220420592337923
91,Li7,"(n,Xt)",0.0017718177658991893,1.8875682017141738e-05
