cell,nuclide,score,mean,std. dev.
98,Li6,"(n,Xt)",0.08881959073642029,0.0001211048177348626
98,Li7,"(n,Xt)",0.01708412767959236,2.0156692297014394e-05
101,Li6,"(n,Xt)",1.0048659822298458,0.0007806012391814658
101,Li7,"(n,Xt)",0.05690227820978115,0.00012342817849908845
104,Li6,"(n,Xt)",0.09215309369057374,0.0004013177462914185
104,Li7,"(n,Xt)",0.0017042108550910956,1.2814177674470464e-05
