cell,nuclide,score,mean,std. dev.
111,Li6,"(n,Xt)",0.08863913757690163,0.00021265797175051384
111,Li7,"(n,Xt)",0.016699001125418743,1.804532072211025e-05
114,Li6,"(n,Xt)",1.0101152023492177,0.0008926932284607314
114,Li7,"(n,Xt)",0.05502299868593837,0.00011137521166766626
117,Li6,"(n,Xt)",0.09445997734220714,0.0003406382689820366
117,Li7,"(n,Xt)",0.0016195773660440612,1.4888820559677859e-05
