cell,nuclide,score,mean,std. dev.
124,Li6,"(n,Xt)",0.08803824505943654,0.00022112327989980813
124,Li7,"(n,Xt)",0.016274730413807177,1.7279759820993174e-05
127,Li6,"(n,Xt)",1.0165915907737,0.0013701771542761166
127,Li7,"(n,Xt)",0.05300651170564713,0.00012564031227092938
130,Li6,"(n,Xt)",0.096772514925655,0.0003073910338193456
130,Li7,"(n,Xt)",0.0015106903680261589,9.273313519301848e-06
