cell,nuclide,score,mean,std. dev.
137,Li6,"(n,Xt)",0.08746641209266273,0.00022214751364934697
137,Li7,"(n,Xt)",0.01577266309086589,1.636329995226009e-05
140,Li6,"(n,Xt)",1.0206453190383336,0.0015392829035254963
140,Li7,"(n,Xt)",0.05070127363684387,0.00011870509844354665
143,Li6,"(n,Xt)",0.09961016090542182,0.0004160157187882372
143,Li7,"(n,Xt)",0.0014089128255577565,1.4382873763050073e-05
