cell,nuclide,score,mean,std. dev.
150,Li6,"(n,Xt)",0.08681110614672484,0.00019861234653080029
150,Li7,"(n,Xt)",0.015217583189067069,1.7631542191474963e-05
153,Li6,"(n,Xt)",1.0247427342647861,0.0014395467752676804
153,Li7,"(n,Xt)",0.04816553424488283,0.00010190657293773431
156,Li6,"(n,Xt)",0.10224435328763792,0.0005737128264169371
156,Li7,"(n,Xt)",0.0012842621838710017,2.0220811688041456e-05
