cell,nuclide,score,mean,std. dev.
163,Li6,"(n,Xt)",0.0856328074581409,0.00023732475441531076
163,Li7,"(n,Xt)",0.01457596444089545,1.7127304984276458e-05
166,Li6,"(n,Xt)",1.030055301698856,0.0010461231637133833
166,Li7,"(n,Xt)",0.04530453508434897,0.00011007905521679964
169,Li6,"(n,Xt)",0.10665639425240292,0.0006213824919478633
169,Li7,"(n,Xt)",0.001187009376713854,2.05829158311403e-05
