cell,nuclide,score,mean,std. dev.
176,Li6,"(n,Xt)",0.08454640843147733,0.00021908845305154622
176,Li7,"(n,Xt)",0.013826018909337563,1.4384868252415e-05
179,Li6,"(n,Xt)",1.0357514176183984,0.0014406749594693628
179,Li7,"(n,Xt)",0.042164903185741134,8.913386344904801e-05
182,Li6,"(n,Xt)",0.11233816687070017,0.0004819004601080673
182,Li7,"(n,Xt)",0.0010620886514597042,1.2751006110924164e-05
