cell,nuclide,score,mean,std. dev.
189,Li6,"(n,Xt)",0.08258286714077274,0.00012166282543625472
189,Li7,"(n,Xt)",0.012931916795459616,1.419680239071562e-05
192,Li6,"(n,Xt)",1.0407819215666911,0.0010734997498808715
192,Li7,"(n,Xt)",0.038453751426755355,8.330056052114306e-05
195,Li6,"(n,Xt)",0.119273210520916,0.0003261899606740667
195,Li7,"(n,Xt)",0.0009116557079481023,9.687476140234274e-06
