cell,nuclide,score,mean,std. dev.
202,Li6,"(n,Xt)",0.07990142388739793,0.00013276527396488593
202,Li7,"(n,Xt)",0.01186039025662144,1.333775728552168e-05
205,Li6,"(n,Xt)",1.0413271189969668,0.0009780347189175026
205,Li7,"(n,Xt)",0.034356929679731266,7.602395389691705e-05
208,Li6,"(n,Xt)",0.12890208292264058,0.00043438886241468596
208,Li7,"(n,Xt)",0.0007438946644608079,1.1323992639163457e-05
