cell,nuclide,score,mean,std. dev.
215,Li6,"(n,Xt)",0.07619038635646655,0.00016153570351022626
215,Li7,"(n,Xt)",0.010546676740238875,1.3459153400878532e-05
218,Li6,"(n,Xt)",1.041002592169952,0.0009096146580934725
218,Li7,"(n,Xt)",0.02956054578103487,6.369987408339754e-05
221,Li6,"(n,Xt)",0.1424949329713975,0.0005956235594931809
221,Li7,"(n,Xt)",0.0006155073934988729,8.444470026438219e-06
