cell,nuclide,score,mean,std. dev.
228,Li6,"(n,Xt)",0.07126059831868298,9.779622042868599e-05
228,Li7,"(n,Xt)",0.008909177709256939,8.520694599917612e-06
231,Li6,"(n,Xt)",1.0264306633260847,0.0014458787606602753
231,Li7,"(n,Xt)",0.023891398520714514,4.0627504421726084e-05
234,Li6,"(n,Xt)",0.16537971288472067,0.00041235096023922675
234,Li7,"(n,Xt)",0.0004446460931406378,6.061854575093239e-06
