cell,nuclide,score,mean,std. dev.
241,Li6,"(n,Xt)",0.062499292891222566,0.00013203574063005738
241,Li7,"(n,Xt)",0.006802206068434317,7.904140160373151e-06
244,Li6,"(n,Xt)",0.9848058890945837,0.0009198719774306095
244,Li7,"(n,Xt)",0.017194569940354044,2.770415097016657e-05
247,Li6,"(n,Xt)",0.20478581710789667,0.0005728373336456633
247,Li7,"(n,Xt)",0.0002781038941542398,6.306532375792285e-06
