cell,nuclide,score,mean,std. dev.
30,Li6,"(n,Xt)",1.0058685652751358,0.0013065994708803084
30,Li7,"(n,Xt)",0.0755011659720044,0.00015179499572140725
27,Li6,"(n,Xt)",0.12858970578999035,0.0002184620365403726
27,Li7,"(n,Xt)",0.01801607287565657,2.5148915814422613e-05
