cell,nuclide,score,mean,std. dev.
40,Li6,"(n,Xt)",1.0078075449077852,0.001119485691116454
40,Li7,"(n,Xt)",0.06614548826298694,0.00012879052271216543
37,Li6,"(n,Xt)",0.15563154796658227,0.0002763995199884137
37,Li7,"(n,Xt)",0.015911373371608507,1.896608105181875e-05
