cell,nuclide,score,mean,std. dev.
50,Li6,"(n,Xt)",0.9991503277357611,0.0013095274960957942
50,Li7,"(n,Xt)",0.04335164028679635,7.452796017894784e-05
47,Li6,"(n,Xt)",0.19823621982716966,0.0004815460015297743
47,Li7,"(n,Xt)",0.010630500033229002,1.2750119659669026e-05
