cell,nuclide,score,mean,std. dev.
6,Li6,"(n,Xt)",0.07695894846056006,0.0001679930942938557
6,Li7,"(n,Xt)",0.019239451039663284,2.3432940749223935e-05
10,Li6,"(n,Xt)",0.9871672826126122,0.0007121878725948673
10,Li7,"(n,Xt)",0.08694682450270749,0.00013182323050884106
13,Li6,"(n,Xt)",0.0035395146376604333,7.471597915562219e-05
13,Li7,"(n,Xt)",6.804986242303426e-05,2.6472292236780415e-06
