cell,nuclide,score,mean,std. dev.
30,Li6,"(n,Xt)",1.0165117775772852,0.001045266399977216
30,Li7,"(n,Xt)",0.07437681343386052,0.00016865522498289048
27,Li6,"(n,Xt)",0.1196561120609502,8.927128880858068e-05
27,Li7,"(n,Xt)",0.01753557072501587,2.820961187966569e-05
