cell,nuclide,score,mean,std. dev.
20,Li6,"(n,Xt)",0.998938515853293,0.0007962325703712411
20,Li7,"(n,Xt)",0.08134298601018251,0.0001919984625159964
17,Li6,"(n,Xt)",0.08996050476410695,0.00012745424344156778
17,Li7,"(n,Xt)",0.019066568074010824,2.8842363753683715e-05
