cell,nuclide,score,mean,std. dev.
10,Li6,"(n,Xt)",0.9906647333779139,0.001108416555989883
10,Li7,"(n,Xt)",0.08334824622287815,0.0001506114353777496
6,Li6,"(n,Xt)",0.0932007082362293,0.00015980961297780975
6,Li7,"(n,Xt)",0.019549704661462525,3.2529224109347494e-05
