cell,nuclide,score,mean,std. dev.
30,Li6,"(n,Xt)",0.999258071203759,0.0007279800725505647
30,Li7,"(n,Xt)",0.08067598434121312,0.0001635501447393978
27,Li6,"(n,Xt)",0.09353326651106869,0.00015718948425567597
27,Li7,"(n,Xt)",0.01911745621380112,2.8920206937430073e-05
