cell,nuclide,score,mean,std. dev.
40,Li6,"(n,Xt)",1.0028423084900124,0.0010058691117959195
40,Li7,"(n,Xt)",0.07918004999817324,0.00014735418560604877
37,Li6,"(n,Xt)",0.0933802989758888,0.0001987590527431346
37,Li7,"(n,Xt)",0.018884762196673816,2.9062929174293863e-05
