cell,nuclide,score,mean,std. dev.
50,Li6,"(n,Xt)",1.0086409733800035,0.0012697333191796494
50,Li7,"(n,Xt)",0.07753456855996024,0.00013898949799516866
47,Li6,"(n,Xt)",0.09332785968515636,0.0002730985400762288
47,Li7,"(n,Xt)",0.018613072729034747,2.5320797161922794e-05
