cell,nuclide,score,mean,std. dev.
60,Li6,"(n,Xt)",1.0132442852983714,0.000991439880810452
60,Li7,"(n,Xt)",0.075772771571033,0.0001477830168533811
57,Li6,"(n,Xt)",0.09360436226007483,0.000285169366127278
57,Li7,"(n,Xt)",0.01832272760267001,2.724096797625556e-05
