cell,nuclide,score,mean,std. dev.
70,Li6,"(n,Xt)",1.023181070479932,0.000693520413448838
70,Li7,"(n,Xt)",0.07381926247436763,0.00013166840767110977
67,Li6,"(n,Xt)",0.09320689195655657,0.00021447343203238246
67,Li7,"(n,Xt)",0.01798443110844449,2.3142445964948255e-05
