cell,nuclide,score,mean,std. dev.
80,Li6,"(n,Xt)",1.0281389265904461,0.0012422496818959175
80,Li7,"(n,Xt)",0.07167918730758305,0.00015966660913573538
77,Li6,"(n,Xt)",0.0932953340560039,0.000275821149276889
77,Li7,"(n,Xt)",0.01763554205825308,2.3231135575037533e-05
