cell,nuclide,score,mean,std. dev.
90,Li6,"(n,Xt)",1.037901614683978,0.0009242469092464955
90,Li7,"(n,Xt)",0.06935032214934934,0.00015481662405840974
87,Li6,"(n,Xt)",0.0932526783945402,0.00014793562672063738
87,Li7,"(n,Xt)",0.017229378441314096,2.2418436205968703e-05
