cell,nuclide,score,mean,std. dev.
100,Li6,"(n,Xt)",1.0439058120569604,0.0013084029532660114
100,Li7,"(n,Xt)",0.06666228317634412,0.0001317018060485907
97,Li6,"(n,Xt)",0.09306275217711049,0.00020117600202463514
97,Li7,"(n,Xt)",0.016781282476443733,1.9523279150875913e-05
