cell,nuclide,score,mean,std. dev.
110,Li6,"(n,Xt)",1.0550731190258784,0.0006562228960776429
110,Li7,"(n,Xt)",0.06375533097984555,0.00012382057745185084
107,Li6,"(n,Xt)",0.09327632060634852,0.0002184735331394754
107,Li7,"(n,Xt)",0.016267154858997625,1.6056478643404076e-05
