cell,nuclide,score,mean,std. dev.
20,Li6,"(n,Xt)",0.9951003641898002,0.000823446187004212
20,Li7,"(n,Xt)",0.0820504176072946,0.00013265085163222383
17,Li6,"(n,Xt)",0.09322300598415657,0.0001662300932238749
17,Li7,"(n,Xt)",0.019343285821312714,3.204317768032118e-05
