cell,nuclide,score,mean,std. dev.
120,Li6,"(n,Xt)",1.0637140268857146,0.0010632525027060265
120,Li7,"(n,Xt)",0.06054468307074756,0.00011168278985447973
117,Li6,"(n,Xt)",0.09224763427535891,0.0001927199001836254
117,Li7,"(n,Xt)",0.015685038689691365,1.6198077906479397e-05
