cell,nuclide,score,mean,std. dev.
130,Li6,"(n,Xt)",1.0751749324974647,0.0011640653551853294
130,Li7,"(n,Xt)",0.05696590275162061,0.0001062351671547043
127,Li6,"(n,Xt)",0.09206355044864181,0.00013450631181114117
127,Li7,"(n,Xt)",0.015015638201696515,1.781420724738769e-05
