cell,nuclide,score,mean,std. dev.
140,Li6,"(n,Xt)",1.087127098323084,0.0007263462181352741
140,Li7,"(n,Xt)",0.05287818223341634,0.00010333778351356512
137,Li6,"(n,Xt)",0.09107583392579062,0.00019873631563483522
137,Li7,"(n,Xt)",0.014240865304658257,1.8336920367246515e-05
