cell,nuclide,score,mean,std. dev.
150,Li6,"(n,Xt)",1.1007750787202786,0.0009630059643205287
150,Li7,"(n,Xt)",0.048266021383981714,8.248616125325575e-05
147,Li6,"(n,Xt)",0.09016313505567272,0.0002301480750158086
147,Li7,"(n,Xt)",0.013319807432101255,1.747871349171898e-05
