cell,nuclide,score,mean,std. dev.
160,Li6,"(n,Xt)",1.112605482839745,0.000901882153861106
160,Li7,"(n,Xt)",0.04292977923438555,9.500686417723839e-05
157,Li6,"(n,Xt)",0.08856881509467598,0.00017901186187546634
157,Li7,"(n,Xt)",0.012201401566277368,1.4852069232537295e-05
