cell,nuclide,score,mean,std. dev.
170,Li6,"(n,Xt)",1.128459670446977,0.001425975430807123
170,Li7,"(n,Xt)",0.036822640160236134,6.234133878390548e-05
167,Li6,"(n,Xt)",0.08536038124171724,0.00020212403457306688
167,Li7,"(n,Xt)",0.010841951995687374,1.303357195092723e-05
