cell,nuclide,score,mean,std. dev.
180,Li6,"(n,Xt)",1.1356542987517704,0.0010823067684081738
180,Li7,"(n,Xt)",0.029625231148653793,5.547096147036895e-05
177,Li6,"(n,Xt)",0.08111831422755325,0.0001634421084789158
177,Li7,"(n,Xt)",0.00914527554354896,1.1549547749862829e-05
