cell,nuclide,score,mean,std. dev.
190,Li6,"(n,Xt)",1.1341226549234926,0.0005559607430967849
190,Li7,"(n,Xt)",0.021280811943872602,3.760744063455189e-05
187,Li6,"(n,Xt)",0.07266264567064866,0.00012521990504305388
187,Li7,"(n,Xt)",0.006971279379157006,1.0606890728345836e-05
