cell,nuclide,score,mean,std. dev.
10,Li6,"(n,Xt)",0.3292778843478905,0.00039299664245151837
10,Li7,"(n,Xt)",0.07451539642528497,0.00016569127883609436
6,Li6,"(n,Xt)",0.0008588592821045708,1.125849903305171e-06
6,Li7,"(n,Xt)",0.020432603219728354,2.566363858594459e-05
