cell,nuclide,score,mean,std. dev.
30,Li6,"(n,Xt)",1.076726269933558,0.001207110639718783
30,Li7,"(n,Xt)",0.062669041552415,0.00014444657196093936
27,Li6,"(n,Xt)",0.12221044976702984,0.00016435689792052818
27,Li7,"(n,Xt)",0.017402696251131507,2.0551573480317715e-05
