cell,nuclide,score,mean,std. dev.
40,Li6,"(n,Xt)",1.076625913523222,0.0009772566114743652
40,Li7,"(n,Xt)",0.05488322443522139,0.00012631028586532677
37,Li6,"(n,Xt)",0.15061546362247696,0.0003704427991755109
37,Li7,"(n,Xt)",0.015369919187678504,1.6250177188494524e-05
