cell,nuclide,score,mean,std. dev.
50,Li6,"(n,Xt)",1.0616035815289206,0.001187880352487139
50,Li7,"(n,Xt)",0.035963885335204095,7.4848005106348e-05
47,Li6,"(n,Xt)",0.19823051726394886,0.00038610786660353194
47,Li7,"(n,Xt)",0.010271106060198217,1.0680768148255342e-05
