cell,nuclide,score,mean,std. dev.
20,Li6,"(n,Xt)",0.9980394632169753,0.000997276392825471
20,Li7,"(n,Xt)",0.07459607792937668,0.00013142240565740092
17,Li6,"(n,Xt)",0.0753109942538707,0.00018463295566301287
17,Li7,"(n,Xt)",0.01905515593755642,2.2476925005011863e-05
