cell,nuclide,score,mean,std. dev.
60,Li6,"(n,Xt)",1.015241740706404,0.0012169899379044222
60,Li7,"(n,Xt)",0.019232206840853066,3.2149053025857475e-05
57,Li6,"(n,Xt)",0.20939272220871138,0.00032957011936565734
57,Li7,"(n,Xt)",0.00518214843491858,5.593985218924463e-06
