cell,nuclide,score,mean,std. dev.
60,Li6,"(n,Xt)",1.0481492892825088,0.0011939303828511793
60,Li7,"(n,Xt)",0.01766208422541405,4.0376434666776274e-05
57,Li6,"(n,Xt)",0.2307782663062667,0.0004216987122827895
57,Li7,"(n,Xt)",0.005151881553166148,4.950231191515285e-06
