cell,nuclide,score,mean,std. dev.
70,Li6,"(n,Xt)",1.0310897928046892,0.0014548100320067503
70,Li7,"(n,Xt)",6.953700348179894e-06,1.4507390831397246e-08
67,Li6,"(n,Xt)",0.25478697559524,0.0005206130173950033
67,Li7,"(n,Xt)",2.06537089085648e-06,2.012396846942741e-09
