cell,nuclide,score,mean,std. dev.
50,Li6,"(n,Xt)",1.0332318924677684,0.0013828133123571856
50,Li7,"(n,Xt)",0.04152138942531806,9.22263644721527e-05
47,Li6,"(n,Xt)",0.17492366091394745,0.0003301769933357552
47,Li7,"(n,Xt)",0.010358865717778856,1.4517508284898795e-05
