cell,nuclide,score,mean,std. dev.
60,Li6,"(n,Xt)",1.0197359307291158,0.00134542445088801
60,Li7,"(n,Xt)",0.02039597200415182,4.156018294477097e-05
57,Li6,"(n,Xt)",0.2028131955335178,0.0003753849303764205
57,Li7,"(n,Xt)",0.005194018335851767,7.2448604609892345e-06
