cell,nuclide,score,mean,std. dev.
10,Li6,"(n,Xt)",0.2617898059212501,0.0003263294316332701
10,Li7,"(n,Xt)",0.0506425348453707,0.000141442670835886
6,Li6,"(n,Xt)",0.0007074325661721381,2.535987827435697e-06
6,Li7,"(n,Xt)",0.015741016479908096,1.9895216118011008e-05
