cell,nuclide,score,mean,std. dev.
30,Li6,"(n,Xt)",1.1610519127001335,0.0011062619645996609
30,Li7,"(n,Xt)",0.042771525541553404,0.00011708303643597205
27,Li6,"(n,Xt)",0.11655557446410243,0.0002576126582974666
27,Li7,"(n,Xt)",0.013407787501218293,1.7057613281664475e-05
