cell,nuclide,score,mean,std. dev.
40,Li6,"(n,Xt)",1.1675762189066698,0.0012467898410551388
40,Li7,"(n,Xt)",0.037606673507472224,0.00010174838261330884
37,Li6,"(n,Xt)",0.14396387169339994,0.00023123938851318408
37,Li7,"(n,Xt)",0.011844227727716766,1.4051060630451843e-05
