cell,nuclide,score,mean,std. dev.
50,Li6,"(n,Xt)",1.1625051516437133,0.001528340378479249
50,Li7,"(n,Xt)",0.0248022598626007,6.559242170557732e-05
47,Li6,"(n,Xt)",0.19006592601595526,0.0003712023836781163
47,Li7,"(n,Xt)",0.007921355664530397,9.944251341874598e-06
