cell,nuclide,score,mean,std. dev.
20,Li6,"(n,Xt)",1.1333072531368358,0.0010251767899601763
20,Li7,"(n,Xt)",0.04669711174585216,0.0001247385406318961
17,Li6,"(n,Xt)",0.08591525035489218,0.0002110643732227354
17,Li7,"(n,Xt)",0.014577259073872539,1.7450739666630138e-05
