cell,nuclide,score,mean,std. dev.
60,Li6,"(n,Xt)",1.1508194825998084,0.001677861103750362
60,Li7,"(n,Xt)",0.012269377260822454,3.3195292284794556e-05
57,Li6,"(n,Xt)",0.22146772852874924,0.00043836507429105033
57,Li7,"(n,Xt)",0.003972937617790033,4.989678787985422e-06
