cell,nuclide,score,mean,std. dev.
70,Li6,"(n,Xt)",1.1380632497576115,0.0015739042994101385
70,Li7,"(n,Xt)",4.855499018826643e-06,1.3434917709906753e-08
67,Li6,"(n,Xt)",0.24606515442286175,0.0005176759421637394
67,Li7,"(n,Xt)",1.5952168518820182e-06,2.0089394546160245e-09
