cell,nuclide,score,mean,std. dev.
30,Li6,"(n,Xt)",1.2237651005693537,0.0007536628720337618
30,Li7,"(n,Xt)",0.025727194320387413,5.268925821264492e-05
27,Li6,"(n,Xt)",0.10362626829755184,0.00013327298069098454
27,Li7,"(n,Xt)",0.009146375892535039,1.1616986512530679e-05
