cell,nuclide,score,mean,std. dev.
50,Li6,"(n,Xt)",1.256146189298041,0.0010030165192153378
50,Li7,"(n,Xt)",0.01503851574553861,2.8963929281952154e-05
47,Li6,"(n,Xt)",0.17106841043404653,0.00029037925780636415
47,Li7,"(n,Xt)",0.005410482416904909,5.940179447678189e-06
