cell,nuclide,score,mean,std. dev.
20,Li6,"(n,Xt)",1.1832544642749085,0.0011583731680121054
20,Li7,"(n,Xt)",0.028043549236047034,6.139301595135745e-05
17,Li6,"(n,Xt)",0.07463723293901349,0.00016495731105164868
17,Li7,"(n,Xt)",0.009940695683339742,1.3141992502951547e-05
