cell,nuclide,score,mean,std. dev.
70,Li6,"(n,Xt)",1.2437108109776034,0.0008965295956683465
70,Li7,"(n,Xt)",2.982686818153471e-06,4.918113694264307e-09
67,Li6,"(n,Xt)",0.2245528986783702,0.0004255514634508346
67,Li7,"(n,Xt)",1.091175364668208e-06,1.2084825669882834e-09
