cell,nuclide,score,mean,std. dev.
30,Li6,"(n,Xt)",1.005884475900676,0.0013130399828752573
30,Li7,"(n,Xt)",0.07550076844505914,0.0001521127170068248
27,Li6,"(n,Xt)",0.1285896438405588,0.00021904983817615524
27,Li7,"(n,Xt)",0.018016000101830208,2.5133846525739007e-05
