cell,nuclide,score,mean,std. dev.
40,Li6,"(n,Xt)",1.0078223046884898,0.0011128231507616054
40,Li7,"(n,Xt)",0.06614551361215665,0.00012916561058913892
37,Li6,"(n,Xt)",0.15563040603139197,0.00027687538656231606
37,Li7,"(n,Xt)",0.01591128912981398,1.895376696772933e-05
