cell,nuclide,score,mean,std. dev.
50,Li6,"(n,Xt)",0.9991400306665652,0.0013044608738734685
50,Li7,"(n,Xt)",0.043351085244031105,7.475975238934375e-05
47,Li6,"(n,Xt)",0.19824143108081838,0.00048321410878195977
47,Li7,"(n,Xt)",0.010630474312181764,1.274631287297635e-05
