cell,nuclide,score,mean,std. dev.
60,Li6,"(n,Xt)",0.9882451878880414,0.0010730411761204312
60,Li7,"(n,Xt)",0.021303374085406862,3.3247188693833686e-05
57,Li6,"(n,Xt)",0.2259670860104727,0.0002907751518554852
57,Li7,"(n,Xt)",0.0053282493635459505,6.2998712608175375e-06
