cell,nuclide,score,mean,std. dev.
30,Li6,"(n,Xt)",1.1810840091450694,0.0007489838516725399
30,Li7,"(n,Xt)",0.022510971261777472,7.953845583435793e-05
27,Li6,"(n,Xt)",0.1877049616295592,0.00037020200986183816
27,Li7,"(n,Xt)",0.01602613652677718,1.774169003180616e-05
