cell,nuclide,score,mean,std. dev.
50,Li6,"(n,Xt)",1.1426449159706435,0.0009577758875174774
50,Li7,"(n,Xt)",0.012949331495706862,4.268328287707303e-05
47,Li6,"(n,Xt)",0.32104087768139455,0.0003157642151547095
47,Li7,"(n,Xt)",0.009472433292665592,1.0174191403086824e-05
