cell,nuclide,score,mean,std. dev.
20,Li6,"(n,Xt)",1.173345472238036,0.0013708923378112328
20,Li7,"(n,Xt)",0.0246174826775343,8.738540890336292e-05
17,Li6,"(n,Xt)",0.13158836458224904,0.0001698776795985137
17,Li7,"(n,Xt)",0.01742155380432519,2.0002466662264816e-05
