cell,nuclide,score,mean,std. dev.
60,Li6,"(n,Xt)",1.1115844428392703,0.0010146577770282137
60,Li7,"(n,Xt)",0.0063728060598775465,2.3055726949280403e-05
57,Li6,"(n,Xt)",0.3767173661070777,0.0003643217336673981
57,Li7,"(n,Xt)",0.00474990853088524,5.0438604102643195e-06
