cell,nuclide,score,mean,std. dev.
70,Li6,"(n,Xt)",1.088278029226876,0.0010995409794765656
70,Li7,"(n,Xt)",2.5120690494695285e-06,7.81863902324978e-09
67,Li6,"(n,Xt)",0.41835605892848804,0.0006274684678029751
67,Li7,"(n,Xt)",1.9067628401049944e-06,2.210026958872392e-09
