cell,nuclide,score,mean,std. dev.
6,Li6,"(n,Xt)",0.09066524203269268,0.0001770746128366216
6,Li7,"(n,Xt)",0.01892285834335973,2.672307118799586e-05
10,Li6,"(n,Xt)",1.0454844734716064,0.0014068726984036463
10,Li7,"(n,Xt)",0.06822605060096562,9.271467921852172e-05
13,Li6,"(n,Xt)",0.01742579172609581,0.00016751246143023056
13,Li7,"(n,Xt)",0.00036874136076870377,8.552710075162928e-06
