cell,nuclide,score,mean,std. dev.
33,Li6,"(n,Xt)",0.09037909317688927,0.00022246562866086081
33,Li7,"(n,Xt)",0.01850283596591478,2.6285599506334302e-05
36,Li6,"(n,Xt)",1.0509663027855853,0.0008901352167699679
36,Li7,"(n,Xt)",0.06603297124764437,0.00011069963551902973
39,Li6,"(n,Xt)",0.017780310826511984,0.00011498880060118029
39,Li7,"(n,Xt)",0.0003442639896342836,7.041085358895731e-06
