cell,nuclide,score,mean,std. dev.
59,Li6,"(n,Xt)",0.08975916198124809,0.00014454847289139847
59,Li7,"(n,Xt)",0.01802913932485179,2.5072406942497206e-05
62,Li6,"(n,Xt)",1.0606295863175428,0.0017094339564314583
62,Li7,"(n,Xt)",0.06340493574743357,0.00010251113448181159
65,Li6,"(n,Xt)",0.01828691980011796,0.00015868780257457426
65,Li7,"(n,Xt)",0.00031792097377488437,8.926438469653915e-06
