cell,nuclide,score,mean,std. dev.
72,Li6,"(n,Xt)",0.08991428215947689,0.00018713209363382523
72,Li7,"(n,Xt)",0.01774621652619723,2.4131146692276165e-05
75,Li6,"(n,Xt)",1.0655268103981073,0.0016492096436768596
75,Li7,"(n,Xt)",0.06193255062983218,0.00012498324986647322
78,Li6,"(n,Xt)",0.018566529401139478,0.00019247186095278066
78,Li7,"(n,Xt)",0.00031066598410236954,9.248003643030366e-06
