cell,nuclide,score,mean,std. dev.
85,Li6,"(n,Xt)",0.089238120641036,0.0001899263234901009
85,Li7,"(n,Xt)",0.017427498212550983,2.0631779558488874e-05
88,Li6,"(n,Xt)",1.0700186776461422,0.001212062339910637
88,Li7,"(n,Xt)",0.060327570372443476,0.00011405969137948578
91,Li6,"(n,Xt)",0.01923541907444937,0.0002179222284053173
91,Li7,"(n,Xt)",0.0002872840056443674,1.1471522976012784e-05
