cell,nuclide,score,mean,std. dev.
98,Li6,"(n,Xt)",0.08907207238093819,0.00012905474571974236
98,Li7,"(n,Xt)",0.017089416622702917,2.0338199067405664e-05
101,Li6,"(n,Xt)",1.0755428601172552,0.001020931477772977
101,Li7,"(n,Xt)",0.05859350836992687,0.00012298963867385582
104,Li6,"(n,Xt)",0.019296827695187046,0.00014881796755017015
104,Li7,"(n,Xt)",0.00027185572047337453,1.0075008514021091e-05
