cell,nuclide,score,mean,std. dev.
111,Li6,"(n,Xt)",0.08860567747490597,0.00016066007413584273
111,Li7,"(n,Xt)",0.016703149405931202,1.679174356818422e-05
114,Li6,"(n,Xt)",1.0822681037485444,0.00047153200440957816
114,Li7,"(n,Xt)",0.05663378256717784,0.00011842044863479374
117,Li6,"(n,Xt)",0.019349365432257893,0.0001815514027454042
117,Li7,"(n,Xt)",0.0002539374684110575,8.12786550143383e-06
