cell,nuclide,score,mean,std. dev.
124,Li6,"(n,Xt)",0.08801756337062264,0.00021127452250333897
124,Li7,"(n,Xt)",0.016276194309153152,1.6474137667298258e-05
127,Li6,"(n,Xt)",1.0898606033361893,0.001616514073191507
127,Li7,"(n,Xt)",0.05448471984727073,0.00012597819621810923
130,Li6,"(n,Xt)",0.020044126272482872,0.0001796853979534487
130,Li7,"(n,Xt)",0.0002373696858072254,8.04484124894775e-06
