cell,nuclide,score,mean,std. dev.
137,Li6,"(n,Xt)",0.08758067371887479,0.00019966642875927806
137,Li7,"(n,Xt)",0.015774344747576267,1.5056276401734086e-05
140,Li6,"(n,Xt)",1.0956230397925895,0.0010966498894304203
140,Li7,"(n,Xt)",0.052097859909218905,0.00011535671421736714
143,Li6,"(n,Xt)",0.020640122041222432,0.00018251522510911173
143,Li7,"(n,Xt)",0.0002204549503757756,5.159707235204771e-06
