cell,nuclide,score,mean,std. dev.
150,Li6,"(n,Xt)",0.08695069114210005,0.00015218778478461636
150,Li7,"(n,Xt)",0.015214194441247917,1.6536077050438525e-05
153,Li6,"(n,Xt)",1.1041341453420102,0.001032221828245616
153,Li7,"(n,Xt)",0.049468285402646445,0.00010706112344786536
156,Li6,"(n,Xt)",0.02175265512822892,0.0001722714373079653
156,Li7,"(n,Xt)",0.00020202379299748895,4.937103913374506e-06
