cell,nuclide,score,mean,std. dev.
163,Li6,"(n,Xt)",0.08584202358218587,0.0002160556695588345
163,Li7,"(n,Xt)",0.014575278128350747,1.709267545512303e-05
166,Li6,"(n,Xt)",1.112350584800673,0.0007886886792660336
166,Li7,"(n,Xt)",0.046461579009502145,0.00010438830819409583
169,Li6,"(n,Xt)",0.023138251614889378,0.00015652401948738077
169,Li7,"(n,Xt)",0.00017669615212505407,6.329328609166718e-06
