cell,nuclide,score,mean,std. dev.
176,Li6,"(n,Xt)",0.08457611652123855,0.00018118427133894668
176,Li7,"(n,Xt)",0.013825321225275517,1.4458026679369024e-05
179,Li6,"(n,Xt)",1.121609889346281,0.0012406184143254953
179,Li7,"(n,Xt)",0.043174491534533954,9.44288085166289e-05
182,Li6,"(n,Xt)",0.024672460056928386,0.00020572378117368913
182,Li7,"(n,Xt)",0.00014998160415462443,4.380780210379331e-06
