cell,nuclide,score,mean,std. dev.
189,Li6,"(n,Xt)",0.08253078223781193,0.0001065280788709933
189,Li7,"(n,Xt)",0.01293030685519227,1.3835461320941466e-05
192,Li6,"(n,Xt)",1.1306019496971458,0.0014014018455100507
192,Li7,"(n,Xt)",0.03940027219643692,9.839714564956187e-05
195,Li6,"(n,Xt)",0.02657244877792319,0.0002236096086441642
195,Li7,"(n,Xt)",0.00013150671581664742,5.018083672508817e-06
