cell,nuclide,score,mean,std. dev.
202,Li6,"(n,Xt)",0.08023278929960122,6.913523805166148e-05
202,Li7,"(n,Xt)",0.011860750026438723,1.3467042549294281e-05
205,Li6,"(n,Xt)",1.1397421802607455,0.0009341893657029643
205,Li7,"(n,Xt)",0.03512123159583168,8.703843062912116e-05
208,Li6,"(n,Xt)",0.029511079589430434,0.00019136000954748036
208,Li7,"(n,Xt)",0.00010646056655021804,4.142016594213246e-06
