cell,nuclide,score,mean,std. dev.
215,Li6,"(n,Xt)",0.07655638242206134,0.00018945088748354138
215,Li7,"(n,Xt)",0.010544675582129875,1.220701498683538e-05
218,Li6,"(n,Xt)",1.1459532043846181,0.0011172912869458814
218,Li7,"(n,Xt)",0.030165574246451044,5.9623275151439734e-05
221,Li6,"(n,Xt)",0.03451550761061987,0.00027183472043131084
221,Li7,"(n,Xt)",8.565221346936393e-05,3.5194576920297213e-06
