cell,nuclide,score,mean,std. dev.
228,Li6,"(n,Xt)",0.07153889472854234,0.00013490371644866701
228,Li7,"(n,Xt)",0.008908605752959825,8.59209014940743e-06
231,Li6,"(n,Xt)",1.147521646550051,0.0015918400635424985
231,Li7,"(n,Xt)",0.024304270768313825,3.662713287840783e-05
234,Li6,"(n,Xt)",0.043049282609711234,0.0002279377409323028
234,Li7,"(n,Xt)",6.214124049853004e-05,2.9368546944039445e-06
