cell,nuclide,score,mean,std. dev.
241,Li6,"(n,Xt)",0.06278998670355634,0.0001173427165226857
241,Li7,"(n,Xt)",0.0068019375302655035,7.966960330542274e-06
244,Li6,"(n,Xt)",1.1243866238138145,0.001207765628425418
244,Li7,"(n,Xt)",0.017462102293430766,3.085588041375015e-05
247,Li6,"(n,Xt)",0.06159852208265796,0.0003288656268325365
247,Li7,"(n,Xt)",3.653014686662433e-05,1.6497576647498732e-06
