cell,nuclide,score,mean,std. dev.
10,Li6,"(n,Xt)",0.9710460877453488,0.0011669996579239913
10,Li7,"(n,Xt)",0.0637123245238524,6.997460069159466e-05
6,Li6,"(n,Xt)",0.21131420428954853,0.0005252634559011975
6,Li7,"(n,Xt)",0.02037672806679574,2.5118689496909545e-05
