cell,nuclide,score,mean,std. dev.
30,Li6,"(n,Xt)",0.9777249500547507,0.0005715027939508034
30,Li7,"(n,Xt)",0.061648377168143996,8.240002729155451e-05
27,Li6,"(n,Xt)",0.21067856264318552,0.00034265254232502965
27,Li7,"(n,Xt)",0.01992286789353548,2.5980533755403146e-05
