cell,nuclide,score,mean,std. dev.
50,Li6,"(n,Xt)",0.9828783124576954,0.0014120584991480865
50,Li7,"(n,Xt)",0.05931466817758502,8.565210843585297e-05
47,Li6,"(n,Xt)",0.21084462044886648,0.0004157536575338013
47,Li7,"(n,Xt)",0.01941608298303381,2.6253996016565863e-05
