cell,nuclide,score,mean,std. dev.
60,Li6,"(n,Xt)",0.9869704983477756,0.0016910362639264234
60,Li7,"(n,Xt)",0.05795266944512436,7.332209811039789e-05
57,Li6,"(n,Xt)",0.21009876067577507,0.0003748302414589696
57,Li7,"(n,Xt)",0.019113273587377445,2.4978453582715472e-05
