cell,nuclide,score,mean,std. dev.
80,Li6,"(n,Xt)",0.9943183493123728,0.00114144317618037
80,Li7,"(n,Xt)",0.05480311949700921,6.843332374672179e-05
77,Li6,"(n,Xt)",0.20926578255316558,0.0005074372185552349
77,Li7,"(n,Xt)",0.018405924144621177,2.6747990624299818e-05
