cell,nuclide,score,mean,std. dev.
90,Li6,"(n,Xt)",0.997475743241654,0.0008818664118686019
90,Li7,"(n,Xt)",0.05305389039597301,6.141171940992264e-05
87,Li6,"(n,Xt)",0.20898791478418474,0.00027665225160229125
87,Li7,"(n,Xt)",0.01799257923797823,2.46509596656276e-05
