cell,nuclide,score,mean,std. dev.
110,Li6,"(n,Xt)",1.0078873924378426,0.0011525455510076167
110,Li7,"(n,Xt)",0.04902914622634838,6.877683096207062e-05
107,Li6,"(n,Xt)",0.2082545669536286,0.00029406168059851545
107,Li7,"(n,Xt)",0.016999392437631197,2.147838138256931e-05
