cell,nuclide,score,mean,std. dev.
20,Li6,"(n,Xt)",0.9742826462604821,0.0007508601979930248
20,Li7,"(n,Xt)",0.06278554502777815,7.904263355141456e-05
17,Li6,"(n,Xt)",0.21105208323227925,0.0005102566555497659
17,Li7,"(n,Xt)",0.020166888424801764,2.7935467779665388e-05
