cell,nuclide,score,mean,std. dev.
120,Li6,"(n,Xt)",1.0116421413221763,0.0007853891647405947
120,Li7,"(n,Xt)",0.0465511071663938,6.983746235611782e-05
117,Li6,"(n,Xt)",0.2076173412065637,0.0002688620149347837
117,Li7,"(n,Xt)",0.016400664408317545,1.881812627762757e-05
