cell,nuclide,score,mean,std. dev.
130,Li6,"(n,Xt)",1.017601776892687,0.0009654258785169288
130,Li7,"(n,Xt)",0.04388295873877143,6.09303866882371e-05
127,Li6,"(n,Xt)",0.2065159264163099,0.00045769359251582835
127,Li7,"(n,Xt)",0.015712037690785986,1.8713431156636075e-05
