cell,nuclide,score,mean,std. dev.
140,Li6,"(n,Xt)",1.0231302223764709,0.0018408640556533819
140,Li7,"(n,Xt)",0.04081417816019391,6.882623579726832e-05
137,Li6,"(n,Xt)",0.2048007945621197,0.00043670297869016983
137,Li7,"(n,Xt)",0.014903059352972309,1.6319233344467417e-05
