cell,nuclide,score,mean,std. dev.
160,Li6,"(n,Xt)",1.0335404015303726,0.001010787349274841
160,Li7,"(n,Xt)",0.0333008585475551,2.3668724951839046e-05
157,Li6,"(n,Xt)",0.1998478079030371,0.00034540348683952257
157,Li7,"(n,Xt)",0.012802213210596788,1.699179968438028e-05
