cell,nuclide,score,mean,std. dev.
170,Li6,"(n,Xt)",1.033193892455048,0.0013803382326246013
170,Li7,"(n,Xt)",0.028709835593831345,2.334976379820975e-05
167,Li6,"(n,Xt)",0.1964016298824946,0.0004504493814677023
167,Li7,"(n,Xt)",0.01138532956460574,1.5514865592437934e-05
