cell,nuclide,score,mean,std. dev.
180,Li6,"(n,Xt)",1.0318880244190332,0.0014560784671947065
180,Li7,"(n,Xt)",0.02318434115714174,3.518377222556109e-05
177,Li6,"(n,Xt)",0.18929075797732825,0.00041528955380999504
177,Li7,"(n,Xt)",0.009627042673727585,1.1256125654357564e-05
