cell,nuclide,score,mean,std. dev.
190,Li6,"(n,Xt)",1.013330235099795,0.0011765222370803089
190,Li7,"(n,Xt)",0.01670331600575433,2.79823409363897e-05
187,Li6,"(n,Xt)",0.17619256987942422,0.00031814732295160287
187,Li7,"(n,Xt)",0.007338043275974366,1.0883043520458437e-05
