cell,nuclide,score,mean,std. dev.
30,Li6,"(n,Xt)",1.1491731836889019,0.0012657616552293823
30,Li7,"(n,Xt)",0.045495631549538014,0.00010903774668127064
27,Li6,"(n,Xt)",0.11771214609808087,0.00015355601876121573
27,Li7,"(n,Xt)",0.013994909402192265,1.616361419999732e-05
