cell,nuclide,score,mean,std. dev.
40,Li6,"(n,Xt)",1.1543677680764868,0.001365731675098366
40,Li7,"(n,Xt)",0.039980938368497504,9.252586286677918e-05
37,Li6,"(n,Xt)",0.14547697842422028,0.0002866899152888891
37,Li7,"(n,Xt)",0.012364548306775589,1.4441660283137298e-05
