cell,nuclide,score,mean,std. dev.
50,Li6,"(n,Xt)",1.1502914836972409,0.0014972390844485465
50,Li7,"(n,Xt)",0.0263525913956055,6.741667686841447e-05
47,Li6,"(n,Xt)",0.19170674966597392,0.00048298500710559423
47,Li7,"(n,Xt)",0.008268326124964845,9.91373133932785e-06
