cell,nuclide,score,mean,std. dev.
20,Li6,"(n,Xt)",1.1253053143409288,0.0009072489332271713
20,Li7,"(n,Xt)",0.049682311486898265,0.00012691728847686795
17,Li6,"(n,Xt)",0.08698715206111012,0.0001363863853898248
17,Li7,"(n,Xt)",0.01521689495272236,1.6359114055360422e-05
