cell,nuclide,score,mean,std. dev.
60,Li6,"(n,Xt)",1.1373228934547304,0.002243725292531892
60,Li7,"(n,Xt)",0.013029819273760693,3.216413834131092e-05
57,Li6,"(n,Xt)",0.2234327642403986,0.0004981785661210202
57,Li7,"(n,Xt)",0.004146112363350654,4.3708986715018805e-06
