cell,nuclide,score,mean,std. dev.
70,Li6,"(n,Xt)",1.1226703937637843,0.0016912947072247192
70,Li7,"(n,Xt)",5.151889438607865e-06,1.2665983647268725e-08
67,Li6,"(n,Xt)",0.24819098424218594,0.00035551124020212873
67,Li7,"(n,Xt)",1.6642679451436426e-06,1.6525134655846076e-09
