cell,nuclide,score,mean,std. dev.
10,Li6,"(n,Xt)",1.1603048943762657,0.0016122321467136377
10,Li7,"(n,Xt)",0.021500122660580274,9.720834039587423e-05
6,Li6,"(n,Xt)",0.14628107313021105,0.0002532689665848662
6,Li7,"(n,Xt)",0.018551282465717387,1.96642735775983e-05
