cell,nuclide,score,mean,std. dev.
40,Li6,"(n,Xt)",1.1639514121042913,0.0012863235373980451
40,Li7,"(n,Xt)",0.02040666868418341,8.196926483337456e-05
37,Li6,"(n,Xt)",0.14389921331547068,0.00019978988559348051
37,Li7,"(n,Xt)",0.017927175696678115,2.0015836112557093e-05
