cell,nuclide,score,mean,std. dev.
50,Li6,"(n,Xt)",1.1637326422057703,0.0013966844316228753
50,Li7,"(n,Xt)",0.01999220451179199,9.382299972776681e-05
47,Li6,"(n,Xt)",0.14236894432211616,0.00023894021670245179
47,Li7,"(n,Xt)",0.017683009146484106,1.7566175924351303e-05
