cell,nuclide,score,mean,std. dev.
60,Li6,"(n,Xt)",1.1664541163907283,0.0010448618810437883
60,Li7,"(n,Xt)",0.019542606186768032,9.461667473748934e-05
57,Li6,"(n,Xt)",0.14120496861740497,0.00015596026618508354
57,Li7,"(n,Xt)",0.01741199526484228,1.7408530897643772e-05
