cell,nuclide,score,mean,std. dev.
70,Li6,"(n,Xt)",1.1697551167083327,0.0009687603542263226
70,Li7,"(n,Xt)",0.01905521765208664,8.724216427242211e-05
67,Li6,"(n,Xt)",0.14067359860462963,0.0002280306827160778
67,Li7,"(n,Xt)",0.017103213472567415,1.4612164594270324e-05
