cell,nuclide,score,mean,std. dev.
90,Li6,"(n,Xt)",1.174455555800354,0.0006776779150805095
90,Li7,"(n,Xt)",0.017907948156319263,7.870788537423278e-05
87,Li6,"(n,Xt)",0.13723452737809802,0.000239588221753174
87,Li7,"(n,Xt)",0.016401962426528995,1.2815231689539829e-05
