cell,nuclide,score,mean,std. dev.
100,Li6,"(n,Xt)",1.177553048166493,0.0013737378671034794
100,Li7,"(n,Xt)",0.01721905614412595,7.496172787737079e-05
97,Li6,"(n,Xt)",0.1347879771112538,0.00023883455815282658
97,Li7,"(n,Xt)",0.015984665087331446,1.0831894343615868e-05
