cell,nuclide,score,mean,std. dev.
110,Li6,"(n,Xt)",1.180503098881552,0.0012040130553172435
110,Li7,"(n,Xt)",0.0164671859234381,7.397307079827815e-05
107,Li6,"(n,Xt)",0.1326787766963232,0.00031909294343008713
107,Li7,"(n,Xt)",0.015505337118484886,1.3154825622559182e-05
