cell,nuclide,score,mean,std. dev.
20,Li6,"(n,Xt)",1.1627068058000216,0.001544230848559338
20,Li7,"(n,Xt)",0.02112156598883574,0.00010338866744649477
17,Li6,"(n,Xt)",0.14543868743315314,0.0002612721118001203
17,Li7,"(n,Xt)",0.01835681457146067,2.0367988817259864e-05
