cell,nuclide,score,mean,std. dev.
120,Li6,"(n,Xt)",1.1833055252056859,0.0009825129221428096
120,Li7,"(n,Xt)",0.015637769935173122,6.394286571864021e-05
117,Li6,"(n,Xt)",0.1300613798533717,0.00015899828116774668
117,Li7,"(n,Xt)",0.014967594041069154,1.4379227312174142e-05
