cell,nuclide,score,mean,std. dev.
130,Li6,"(n,Xt)",1.1870099312785705,0.0009967936732662563
130,Li7,"(n,Xt)",0.014738410744197938,6.395327752813257e-05
127,Li6,"(n,Xt)",0.12719807055776144,0.00016795693531022763
127,Li7,"(n,Xt)",0.01435135189502986,1.4996882058571833e-05
