cell,nuclide,score,mean,std. dev.
140,Li6,"(n,Xt)",1.1917004947092757,0.0012562375172630255
140,Li7,"(n,Xt)",0.013680984568091387,5.54623336472965e-05
137,Li6,"(n,Xt)",0.12336655566553674,0.00014319098734011398
137,Li7,"(n,Xt)",0.013625424075252284,1.2882558281363453e-05
