cell,nuclide,score,mean,std. dev.
150,Li6,"(n,Xt)",1.1950138444596565,0.0009432512664760056
150,Li7,"(n,Xt)",0.012494926398262652,4.531995752827781e-05
147,Li6,"(n,Xt)",0.11831309477733216,0.00020314000514309787
147,Li7,"(n,Xt)",0.012757053657384054,1.220437098703001e-05
