cell,nuclide,score,mean,std. dev.
160,Li6,"(n,Xt)",1.1960139885711705,0.0011990254315521478
160,Li7,"(n,Xt)",0.011149578298079402,4.0894144647687015e-05
157,Li6,"(n,Xt)",0.11272226957773863,0.00024185455905052016
157,Li7,"(n,Xt)",0.011709816408175672,1.0616473756040426e-05
