cell,nuclide,score,mean,std. dev.
170,Li6,"(n,Xt)",1.1985214438047787,0.0010208966316336556
170,Li7,"(n,Xt)",0.00957819595454781,3.463174885162044e-05
167,Li6,"(n,Xt)",0.10557669183735001,0.0002726979744072096
167,Li7,"(n,Xt)",0.010427869775433394,1.148707367322258e-05
