cell,nuclide,score,mean,std. dev.
180,Li6,"(n,Xt)",1.194914035875223,0.0007744523779334353
180,Li7,"(n,Xt)",0.00774145386523596,2.901131599600687e-05
177,Li6,"(n,Xt)",0.0947353225139852,0.00016900955399045057
177,Li7,"(n,Xt)",0.00882260679082696,8.702169235523084e-06
