cell,nuclide,score,mean,std. dev.
190,Li6,"(n,Xt)",1.1766594576330929,0.0008242948027331431
190,Li7,"(n,Xt)",0.00557408900850978,1.1452231739866681e-05
187,Li6,"(n,Xt)",0.08002177597432127,9.228898991470982e-05
187,Li7,"(n,Xt)",0.006744874918697926,6.40213695149358e-06
