cell,nuclide,score,mean,std. dev.
10,Li6,"(n,Xt)",0.9918062915728088,0.001023425797956042
10,Li7,"(n,Xt)",0.08713011478728352,0.00011400531388837604
6,Li6,"(n,Xt)",0.0771908629753288,0.00020832537718257834
6,Li7,"(n,Xt)",0.0192392180407058,2.4454847842387673e-05
