cell,nuclide,score,mean,std. dev.
20,Li6,"(n,Xt)",0.9971115831317423,0.0010775783073881306
20,Li7,"(n,Xt)",0.08572810869527794,0.0001111915582234453
17,Li6,"(n,Xt)",0.07723744297119886,9.671090872291913e-05
17,Li7,"(n,Xt)",0.019037847002804958,2.1838132482798186e-05
