,cell,nuclide,score,mean,std. dev.
0,25,Li6,"(n,Xt)",1.0097485355440228,0.0042537201512211
1,25,Li7,"(n,Xt)",0.07935075477547104,0.00046385304954804245
