,cell,nuclide,score,mean,std. dev.
0,9,Li6,"(n,Xt)",0.3117187510182531,0.0016904648985082284
1,9,Li7,"(n,Xt)",0.09440133186754898,0.0005160232589461161
