,cell,nuclide,score,mean,std. dev.
0,17,Li6,"(n,Xt)",0.9949377334281679,0.00392060872977076
1,17,Li7,"(n,Xt)",0.08692858366991382,0.000493313612302737
