,cell,nuclide,score,mean,std. dev.
0,33,Li6,"(n,Xt)",1.0128933299730607,0.004030233584918773
1,33,Li7,"(n,Xt)",0.0694514347296149,0.00041865412920946585
