,cell,nuclide,score,mean,std. dev.
0,49,Li6,"(n,Xt)",0.9718980429327742,0.012829560647082325
1,49,Li7,"(n,Xt)",0.02265641190517957,0.0003044673453454255
