,cell,nuclide,score,mean,std. dev.
0,41,Li6,"(n,Xt)",1.0005333632117135,0.003953960169012466
1,41,Li7,"(n,Xt)",0.04547716233701414,0.0002605648633078596
