,cell,nuclide,score,mean,std. dev.
0,57,Li6,"(n,Xt)",0.9843057203795279,0.011855653220658314
1,57,Li7,"(n,Xt)",8.83179968484104e-06,1.3078439909562441e-07
