cell,nuclide,score,mean,std. dev.
30,Li6,"(n,Xt)",1.0264053694991915,0.0011103508048925256
30,Li7,"(n,Xt)",0.07578743227486738,0.00016968957346957415
27,Li6,"(n,Xt)",0.10616864570015501,0.00019283565920337977
27,Li7,"(n,Xt)",0.017618127875680283,2.627527539428504e-05
