cell,nuclide,score,mean,std. dev.
50,Li6,"(n,Xt)",1.0202443909440662,0.0016471977173144626
50,Li7,"(n,Xt)",0.04354286002535593,9.678035883158186e-05
47,Li6,"(n,Xt)",0.16764612462270095,0.00021914726089591289
47,Li7,"(n,Xt)",0.010397204028030646,1.3938756851894658e-05
