cell,nuclide,score,mean,std. dev.
20,Li6,"(n,Xt)",1.0092745983168643,0.0010635514840715906
20,Li7,"(n,Xt)",0.0829305864300277,0.00019483037365687357
17,Li6,"(n,Xt)",0.07967085146110992,0.0001298084430400202
17,Li7,"(n,Xt)",0.0191584383046133,2.8841477062876078e-05
