cell,nuclide,score,mean,std. dev.
10,Li6,"(n,Xt)",0.9805192053425204,0.0012278116591663188
10,Li7,"(n,Xt)",0.08001793695688313,0.0001394360708842981
6,Li6,"(n,Xt)",0.05181749892516695,0.00014306594858220513
6,Li7,"(n,Xt)",0.023212083754662736,3.283996124702219e-05
