cell,nuclide,score,mean,std. dev.
40,Li6,"(n,Xt)",1.0462575125737947,0.0013886570015863337
40,Li7,"(n,Xt)",0.06458769932015937,0.0001222043094883784
37,Li6,"(n,Xt)",0.14318315988487534,0.00024046512186415308
37,Li7,"(n,Xt)",0.019048424561940346,2.380379396990273e-05
