cell,nuclide,score,mean,std. dev.
50,Li6,"(n,Xt)",1.0385554911842942,0.0011372438676902406
50,Li7,"(n,Xt)",0.04956656489763956,9.203882675977303e-05
47,Li6,"(n,Xt)",0.184589897995648,0.00038455984411351745
47,Li7,"(n,Xt)",0.014853751395261575,1.8381843652678386e-05
