cell,nuclide,score,mean,std. dev.
60,Li6,"(n,Xt)",1.0249283682369768,0.0017069461821652805
60,Li7,"(n,Xt)",0.03492710111782703,7.476685323166575e-05
57,Li6,"(n,Xt)",0.21432539319091096,0.00034285767230706556
57,Li7,"(n,Xt)",0.010626468610575087,1.1514354587844159e-05
