cell,nuclide,score,mean,std. dev.
70,Li6,"(n,Xt)",1.0132736719452313,0.0014667762006799374
70,Li7,"(n,Xt)",0.02064054287194192,4.4132909404320556e-05
67,Li6,"(n,Xt)",0.23783844969124218,0.00042265530583011804
67,Li7,"(n,Xt)",0.006376569500044828,5.742704071414711e-06
