cell,nuclide,score,mean,std. dev.
60,Li6,"(n,Xt)",1.0481492892825006,0.001193930382840847
60,Li7,"(n,Xt)",0.017662084225414047,4.0376434666776274e-05
57,Li6,"(n,Xt)",0.2307782663062652,0.0004216987122800471
57,Li7,"(n,Xt)",0.0051518815531661575,4.950231191363187e-06
