cell,nuclide,score,mean,std. dev.
10,Li6,"(n,Xt)",0.3093345656615647,0.0004022088266351552
10,Li7,"(n,Xt)",0.07797751634205477,0.00016860606287790803
6,Li6,"(n,Xt)",0.0008267392103109821,2.3728137612954796e-06
6,Li7,"(n,Xt)",0.01960626944351087,3.028431530504604e-05
