cell,nuclide,score,mean,std. dev.
30,Li6,"(n,Xt)",1.0683803580336564,0.0008536723410156479
30,Li7,"(n,Xt)",0.06562659472099368,0.0001302895444070175
27,Li6,"(n,Xt)",0.11195659712257042,0.00026334271518113487
27,Li7,"(n,Xt)",0.0166938886638103,2.6211718075304e-05
