cell,nuclide,score,mean,std. dev.
50,Li6,"(n,Xt)",1.0597108206443457,0.0015358350787906658
50,Li7,"(n,Xt)",0.03774102667155449,7.938188520973818e-05
47,Li6,"(n,Xt)",0.1785702961071563,0.0003178063962811476
47,Li7,"(n,Xt)",0.009851011610721536,1.5113892214237966e-05
