cell,nuclide,score,mean,std. dev.
20,Li6,"(n,Xt)",1.0496655256570557,0.0013739070916786668
20,Li7,"(n,Xt)",0.07176200011260837,0.00014865049834541412
17,Li6,"(n,Xt)",0.08333542583649259,0.00014761804792002593
17,Li7,"(n,Xt)",0.018150662526873532,2.925508675515602e-05
