cell,nuclide,score,mean,std. dev.
60,Li6,"(n,Xt)",1.0463595604808176,0.0016660507232689203
60,Li7,"(n,Xt)",0.018569022238239252,4.1680454320978584e-05
57,Li6,"(n,Xt)",0.20753337320263002,0.00020393097940140558
57,Li7,"(n,Xt)",0.004936506854149552,7.863677515389085e-06
