cell,nuclide,score,mean,std. dev.
70,Li6,"(n,Xt)",1.0342955773270928,0.0012388416690025247
70,Li7,"(n,Xt)",7.310302888391375e-06,1.6944591189461576e-08
67,Li6,"(n,Xt)",0.22941414414016878,0.0003626535603891912
67,Li7,"(n,Xt)",1.980097278876854e-06,2.94037207837868e-09
