cell,nuclide,score,mean,std. dev.
30,Li6,"(n,Xt)",1.0084703642835526,0.0013923964035410029
30,Li7,"(n,Xt)",0.07684435593839155,0.00017969533122567957
27,Li6,"(n,Xt)",0.1199750242729301,0.0002957325874943826
27,Li7,"(n,Xt)",0.017921702148936194,2.4224487651079298e-05
