cell,nuclide,score,mean,std. dev.
40,Li6,"(n,Xt)",1.0108112655794197,0.0009085787074195139
40,Li7,"(n,Xt)",0.06734092469440164,0.0001565874506908655
37,Li6,"(n,Xt)",0.145052093576586,0.0003922523013793466
37,Li7,"(n,Xt)",0.01582542850971308,2.0063576152486855e-05
