cell,nuclide,score,mean,std. dev.
50,Li6,"(n,Xt)",1.0012003343142244,0.0010674034970771914
50,Li7,"(n,Xt)",0.04414425913651246,9.658164595857554e-05
47,Li6,"(n,Xt)",0.1849665050543409,0.0002364896858708351
47,Li7,"(n,Xt)",0.010573941436464509,1.2875771670848878e-05
