cell,nuclide,score,mean,std. dev.
10,Li6,"(n,Xt)",0.31242633001727355,0.00027043305352615545
10,Li7,"(n,Xt)",0.016808478816662233,8.780085215316355e-05
6,Li6,"(n,Xt)",0.0007613120486027718,2.122828750575064e-06
6,Li7,"(n,Xt)",0.018796947885414472,1.8489619571437224e-05
