cell,nuclide,score,mean,std. dev.
30,Li6,"(n,Xt)",1.1653231076443797,0.0012939414668917569
30,Li7,"(n,Xt)",0.014164073820889207,6.705379768232148e-05
27,Li6,"(n,Xt)",0.21733214417994798,0.0003229190170749032
27,Li7,"(n,Xt)",0.016008204516946026,1.5531463324950686e-05
