cell,nuclide,score,mean,std. dev.
40,Li6,"(n,Xt)",1.1556898634813944,0.0010130213781353082
40,Li7,"(n,Xt)",0.01243991285174842,6.088881203047067e-05
37,Li6,"(n,Xt)",0.27799839892598727,0.0004187861745155291
37,Li7,"(n,Xt)",0.014145990949357968,1.3467877412605753e-05
