cell,nuclide,score,mean,std. dev.
50,Li6,"(n,Xt)",1.1180091930608327,0.0010639743703420204
50,Li7,"(n,Xt)",0.008164920753244256,4.299189746974114e-05
47,Li6,"(n,Xt)",0.3747177975945866,0.0006358181512879337
47,Li7,"(n,Xt)",0.009462469404881112,8.064020402763207e-06
