cell,nuclide,score,mean,std. dev.
20,Li6,"(n,Xt)",1.1622865622900453,0.0015401095058668365
20,Li7,"(n,Xt)",0.015473402839693543,7.731857114121368e-05
17,Li6,"(n,Xt)",0.15083941693602493,0.0003225909104044417
17,Li7,"(n,Xt)",0.017407247580211952,1.725583773876385e-05
