cell,nuclide,score,mean,std. dev.
60,Li6,"(n,Xt)",1.0856163240268537,0.001416152993595192
60,Li7,"(n,Xt)",0.004020080336301576,2.1239857664154772e-05
57,Li6,"(n,Xt)",0.43810886180954584,0.0005312386352029288
57,Li7,"(n,Xt)",0.0047454522794624435,4.582696163593442e-06
