cell,nuclide,score,mean,std. dev.
70,Li6,"(n,Xt)",1.0557073575557805,0.0010612402735031624
70,Li7,"(n,Xt)",1.583975720620008e-06,8.926120832043852e-09
67,Li6,"(n,Xt)",0.4846245945365714,0.00046944616174148825
67,Li7,"(n,Xt)",1.9054162007271e-06,1.935277853631751e-09
