cell,nuclide,score,mean,std. dev.
30,Li6,"(n,Xt)",1.060223645198098,0.0012145587351275907
30,Li7,"(n,Xt)",0.06704226600972378,0.00013696482834729212
27,Li6,"(n,Xt)",0.1119221683334991,0.00017505323695753418
27,Li7,"(n,Xt)",0.016923455953381843,3.16959274810193e-05
