cell,nuclide,score,mean,std. dev.
40,Li6,"(n,Xt)",1.0641129137761367,0.001345971351097387
40,Li7,"(n,Xt)",0.05873216309576661,0.0001227436642026554
37,Li6,"(n,Xt)",0.13739532864397339,0.00023427803040953165
37,Li7,"(n,Xt)",0.014953030243431115,2.697996061693787e-05
