cell,nuclide,score,mean,std. dev.
50,Li6,"(n,Xt)",1.053131412744728,0.001416376096897446
50,Li7,"(n,Xt)",0.03850039646513757,8.400427044474234e-05
47,Li6,"(n,Xt)",0.17915790001168835,0.0002266670736608718
47,Li7,"(n,Xt)",0.0099932605738802,1.8042379274508722e-05
