cell,nuclide,score,mean,std. dev.
20,Li6,"(n,Xt)",1.0422005284906233,0.0004447521423096085
20,Li7,"(n,Xt)",0.07330486758493593,0.00016360035494505693
17,Li6,"(n,Xt)",0.08327310852546996,0.0001474132556721322
17,Li7,"(n,Xt)",0.01840242310561614,3.302140461561351e-05
