cell,nuclide,score,mean,std. dev.
60,Li6,"(n,Xt)",1.0401285217915701,0.0017443830703879892
60,Li7,"(n,Xt)",0.018940889426045358,4.179196587685731e-05
57,Li6,"(n,Xt)",0.20783406461825832,0.00036435033619707045
57,Li7,"(n,Xt)",0.005005354157135042,9.398620502500905e-06
