cell,nuclide,score,mean,std. dev.
30,Li6,"(n,Xt)",1.002310715598774,0.0014497343307875296
30,Li7,"(n,Xt)",0.08188316067644845,0.0001964333746510355
27,Li6,"(n,Xt)",0.10872690508357692,0.00025129666321546066
27,Li7,"(n,Xt)",0.0217135602390773,3.0511533083513784e-05
