cell,nuclide,score,mean,std. dev.
40,Li6,"(n,Xt)",1.005175962543198,0.0010313193929372274
40,Li7,"(n,Xt)",0.07539158606237042,0.00019209684695934405
37,Li6,"(n,Xt)",0.12835321853854167,0.0002915011903004715
37,Li7,"(n,Xt)",0.020121185373815586,2.7222040190763174e-05
