cell,nuclide,score,mean,std. dev.
50,Li6,"(n,Xt)",0.999951370583615,0.0013643440284184672
50,Li7,"(n,Xt)",0.05956811422600108,0.0001537534488266599
47,Li6,"(n,Xt)",0.16387182797868838,0.0001876566386695368
47,Li7,"(n,Xt)",0.016129089582617304,2.1271444302252846e-05
