cell,nuclide,score,mean,std. dev.
60,Li6,"(n,Xt)",0.9912040028392269,0.0014737938055715612
60,Li7,"(n,Xt)",0.04408836515605254,0.00011422668068071535
57,Li6,"(n,Xt)",0.18957907071702784,0.00023606156591131035
57,Li7,"(n,Xt)",0.012113363607570041,1.5794746714675757e-05
