cell,nuclide,score,mean,std. dev.
30,Li6,"(n,Xt)",1.1491456842702599,0.0010184757427096902
30,Li7,"(n,Xt)",0.04245402389174928,0.00010108606281463431
27,Li6,"(n,Xt)",0.14327527209411403,0.00027972297549773244
27,Li7,"(n,Xt)",0.016144532136473957,1.8325054795600442e-05
