cell,nuclide,score,mean,std. dev.
40,Li6,"(n,Xt)",1.1481480447485013,0.0018611355413932263
40,Li7,"(n,Xt)",0.03723325993571518,8.44138630345163e-05
37,Li6,"(n,Xt)",0.1794545075766773,0.00024011297124347611
37,Li7,"(n,Xt)",0.014265295360195062,1.6273811561728537e-05
