cell,nuclide,score,mean,std. dev.
50,Li6,"(n,Xt)",1.127996350502157,0.0014114550518413008
50,Li7,"(n,Xt)",0.024456773496618497,5.7182965596239104e-05
47,Li6,"(n,Xt)",0.23837335480900576,0.00048647981803334376
47,Li7,"(n,Xt)",0.00953986706396552,1.1191756817989678e-05
