cell,nuclide,score,mean,std. dev.
20,Li6,"(n,Xt)",1.131356047283772,0.0007428194622239427
20,Li7,"(n,Xt)",0.046415205723233814,0.00010479815676302844
17,Li6,"(n,Xt)",0.10369954539640105,0.00023958414645130233
17,Li7,"(n,Xt)",0.01755668729204352,1.95320474244e-05
