cell,nuclide,score,mean,std. dev.
60,Li6,"(n,Xt)",1.1064580194492908,0.0009302360474246116
60,Li7,"(n,Xt)",0.012034758432208316,3.230172059379496e-05
57,Li6,"(n,Xt)",0.2784515784397573,0.00033931943126825996
57,Li7,"(n,Xt)",0.00478116896654181,5.7058051635305e-06
