cell,nuclide,score,mean,std. dev.
70,Li6,"(n,Xt)",1.0885366034791986,0.0011631571290441046
70,Li7,"(n,Xt)",4.744345549775675e-06,1.345757740884433e-08
67,Li6,"(n,Xt)",0.3097541141647223,0.00046730259930118155
67,Li7,"(n,Xt)",1.9188669614908267e-06,2.2747199290861777e-09
