cell,nuclide,score,mean,std. dev.
10,Li6,"(n,Xt)",0.3196676760283879,0.0004778238884638952
10,Li7,"(n,Xt)",0.021215901780415908,0.00010678296781292016
6,Li6,"(n,Xt)",0.0007661225221336111,2.5756888787932216e-06
6,Li7,"(n,Xt)",0.01880429377285235,1.9058107486679286e-05
