cell,nuclide,score,mean,std. dev.
30,Li6,"(n,Xt)",1.174725697293586,0.0012513690643653032
30,Li7,"(n,Xt)",0.01787511164531746,8.834294314531e-05
27,Li6,"(n,Xt)",0.20304782800632534,0.0001603889062226489
27,Li7,"(n,Xt)",0.016014582985350235,1.5382439409896008e-05
