cell,nuclide,score,mean,std. dev.
40,Li6,"(n,Xt)",1.1652028271580432,0.0015997340160276458
40,Li7,"(n,Xt)",0.01567051081614825,7.739396165535724e-05
37,Li6,"(n,Xt)",0.2584135839165836,0.00033509050608889504
37,Li7,"(n,Xt)",0.014150744150078285,1.3521261156891905e-05
