cell,nuclide,score,mean,std. dev.
50,Li6,"(n,Xt)",1.1311896043146976,0.0011879473805617988
50,Li7,"(n,Xt)",0.010289039566199963,4.6987726118866094e-05
47,Li6,"(n,Xt)",0.3492009562033991,0.0004108073608521845
47,Li7,"(n,Xt)",0.009464646322045866,8.546434819354673e-06
