cell,nuclide,score,mean,std. dev.
60,Li6,"(n,Xt)",1.1006324885453074,0.0008730286328467432
60,Li7,"(n,Xt)",0.00506777880757717,2.3798536397547674e-05
57,Li6,"(n,Xt)",0.40806920631315124,0.0003533262623049064
57,Li7,"(n,Xt)",0.004746112633273298,4.354666759628113e-06
