cell,nuclide,score,mean,std. dev.
20,Li6,"(n,Xt)",0.07771850683584,0.00011031384465745873
20,Li7,"(n,Xt)",0.019042137712860962,2.389829901198996e-05
23,Li6,"(n,Xt)",0.6330621400852872,0.0006298135985423627
23,Li7,"(n,Xt)",0.06816145160083895,9.050922652759435e-05
26,Li6,"(n,Xt)",0.36763392524527483,0.0009803051651791437
26,Li7,"(n,Xt)",0.015343878278101918,5.042943265632836e-05
