cell,nuclide,score,mean,std. dev.
40,Li6,"(n,Xt)",1.0425757988479727,0.000777397157524372
40,Li7,"(n,Xt)",0.06338664728130658,0.0001455095150931998
37,Li6,"(n,Xt)",0.13478132820711358,0.00030310555742660826
37,Li7,"(n,Xt)",0.015501613146870522,2.0820213228394787e-05
