cell,nuclide,score,mean,std. dev.
30,Li6,"(n,Xt)",1.010954549638491,0.0005019079460733875
30,Li7,"(n,Xt)",0.075619076180276,0.0001431974288514762
27,Li6,"(n,Xt)",0.11920106801144614,0.00021516397426830667
27,Li7,"(n,Xt)",0.017742743428908025,2.7336079305895622e-05
