cell,nuclide,score,mean,std. dev.
50,Li6,"(n,Xt)",1.0044995757415152,0.0012290922100042078
50,Li7,"(n,Xt)",0.043430180768546746,8.431731207367392e-05
47,Li6,"(n,Xt)",0.1850905048601248,0.0001642226121355634
47,Li7,"(n,Xt)",0.010466877017878753,1.5635552645539488e-05
