cell,nuclide,score,mean,std. dev.
60,Li6,"(n,Xt)",0.9908012778771154,0.0009552113704562924
60,Li7,"(n,Xt)",0.021335412226894664,4.299743415714283e-05
57,Li6,"(n,Xt)",0.21248188403407536,0.0004738837103260991
57,Li7,"(n,Xt)",0.005241265663463425,8.053168378978672e-06
