cell,nuclide,score,mean,std. dev.
40,Li6,"(n,Xt)",0.9731348119170444,0.0010069391829647192
40,Li7,"(n,Xt)",0.07521898721153386,0.00016109499779676782
37,Li6,"(n,Xt)",0.16824707427428107,0.0003755530777117298
37,Li7,"(n,Xt)",0.019877259944301128,3.089114567260479e-05
