cell,nuclide,score,mean,std. dev.
20,Li6,"(n,Xt)",0.9613040850151441,0.0011672452941678014
20,Li7,"(n,Xt)",0.08775480032981,0.00018534513339693012
17,Li6,"(n,Xt)",0.11585363650565769,0.000211762360831227
17,Li7,"(n,Xt)",0.02293335237175715,3.5652354803165774e-05
