cell,nuclide,score,mean,std. dev.
60,Li6,"(n,Xt)",0.9552242895052162,0.0014407473396742412
60,Li7,"(n,Xt)",0.04066463827526854,9.866997088991497e-05
57,Li6,"(n,Xt)",0.2368852179508262,0.00028954119478698525
57,Li7,"(n,Xt)",0.011077353009765891,1.5285670469285323e-05
