cell,nuclide,score,mean,std. dev.
10,Li6,"(n,Xt)",0.3049723032940284,0.00023762825178383926
10,Li7,"(n,Xt)",0.08830543464034377,0.00018671217269004449
6,Li6,"(n,Xt)",0.0009826496753620503,3.617206719506154e-06
6,Li7,"(n,Xt)",0.021281324770734196,2.93024624817193e-05
