cell,nuclide,score,mean,std. dev.
30,Li6,"(n,Xt)",1.0047948158270699,0.0010015384227944747
30,Li7,"(n,Xt)",0.07424755814240387,0.00016013509598099878
27,Li6,"(n,Xt)",0.13778955595017,0.00028404969702606255
27,Li7,"(n,Xt)",0.01811098726107866,2.4447897281879628e-05
