cell,nuclide,score,mean,std. dev.
30,Li6,"(n,Xt)",0.9781659206766212,0.0012220439879936963
30,Li7,"(n,Xt)",0.08000194462624328,0.0001617635454542204
27,Li6,"(n,Xt)",0.14435134029931634,0.00033292272860618383
27,Li7,"(n,Xt)",0.020742824948221154,3.1349064097695285e-05
