cell,nuclide,score,mean,std. dev.
40,Li6,"(n,Xt)",0.9812537200914004,0.0010171943314691676
40,Li7,"(n,Xt)",0.07234493456039733,0.00015426965420093855
37,Li6,"(n,Xt)",0.17049983673068303,0.00041147196163875604
37,Li7,"(n,Xt)",0.018897673215028547,2.78428896433686e-05
