cell,nuclide,score,mean,std. dev.
50,Li6,"(n,Xt)",0.9712577136064432,0.0014731768828836036
50,Li7,"(n,Xt)",0.05373995428427034,0.00010282650148568026
47,Li6,"(n,Xt)",0.2135463458571539,0.0003607641332323408
47,Li7,"(n,Xt)",0.014276140553888891,2.1891846541388222e-05
