cell,nuclide,score,mean,std. dev.
30,Li6,"(n,Xt)",1.0506234489604342,0.0007830467262732497
30,Li7,"(n,Xt)",0.0694263923766695,0.0001235707699161939
27,Li6,"(n,Xt)",0.11249530321547543,0.0003280432916871467
27,Li7,"(n,Xt)",0.017345486774644203,2.957514416508933e-05
