cell,nuclide,score,mean,std. dev.
50,Li6,"(n,Xt)",1.0407101962553953,0.001074446854964114
50,Li7,"(n,Xt)",0.039855765249734,6.98137590082428e-05
47,Li6,"(n,Xt)",0.17932133338961442,0.00032368277584218487
47,Li7,"(n,Xt)",0.010238313981422314,1.806236606714188e-05
