cell,nuclide,score,mean,std. dev.
20,Li6,"(n,Xt)",1.0344603617432526,0.0009383055389556221
20,Li7,"(n,Xt)",0.07596987227434843,0.00014122988504372132
17,Li6,"(n,Xt)",0.08377615559028556,0.00013651955484946424
17,Li7,"(n,Xt)",0.018861811371759067,3.3334688720662765e-05
