cell,nuclide,score,mean,std. dev.
60,Li6,"(n,Xt)",1.0278428459373588,0.0014851622152553708
60,Li7,"(n,Xt)",0.019595665493466162,3.597147859804048e-05
57,Li6,"(n,Xt)",0.20811675946753794,0.000253117348623332
57,Li7,"(n,Xt)",0.005129155629477718,8.934396396198419e-06
