cell,nuclide,score,mean,std. dev.
70,Li6,"(n,Xt)",1.0160261206508758,0.0010177193710497173
70,Li7,"(n,Xt)",7.706000927231238e-06,1.5271318287081334e-08
67,Li6,"(n,Xt)",0.23030135527075352,0.00031773058975101534
67,Li7,"(n,Xt)",2.0560245268367717e-06,3.324060626445234e-09
