cell,nuclide,score,mean,std. dev.
30,Li6,"(n,Xt)",1.0084609699990303,0.0013891301696674584
30,Li7,"(n,Xt)",0.07684349799784952,0.00017984809385129704
27,Li6,"(n,Xt)",0.11997371984713982,0.0002961126315972456
27,Li7,"(n,Xt)",0.01792167759359679,2.421954715290063e-05
