cell,nuclide,score,mean,std. dev.
50,Li6,"(n,Xt)",1.0012099161255006,0.0010556127633144874
50,Li7,"(n,Xt)",0.04414408145567268,9.668392312038473e-05
47,Li6,"(n,Xt)",0.18496983568811956,0.0002360657252282093
47,Li7,"(n,Xt)",0.010573948265660283,1.287147842374277e-05
