cell,nuclide,score,mean,std. dev.
10,Li6,"(n,Xt)",1.0624376786246876,0.0011759293746839777
10,Li7,"(n,Xt)",0.06869966581424239,9.609306655713844e-05
6,Li6,"(n,Xt)",0.09051655115406922,0.00014707342230803214
6,Li7,"(n,Xt)",0.01892641563278837,2.5973049549358262e-05
