cell,nuclide,score,mean,std. dev.
30,Li6,"(n,Xt)",1.0665205105981894,0.0014326772147979993
30,Li7,"(n,Xt)",0.06641467535750083,0.00012603086974911752
27,Li6,"(n,Xt)",0.09034430843936778,0.0002260866251245268
27,Li7,"(n,Xt)",0.01850175044249396,2.477117797848484e-05
