cell,nuclide,score,mean,std. dev.
40,Li6,"(n,Xt)",1.0725248916618721,0.001121793331050028
40,Li7,"(n,Xt)",0.0651389889104066,0.0001358425453950717
37,Li6,"(n,Xt)",0.09006421627818886,0.0002201509041877704
37,Li7,"(n,Xt)",0.018277736213982706,2.6816326440123348e-05
