cell,nuclide,score,mean,std. dev.
50,Li6,"(n,Xt)",1.0768988117858806,0.001587795447323446
50,Li7,"(n,Xt)",0.06372422560368568,0.00011073190366441587
47,Li6,"(n,Xt)",0.08986350716790245,0.00010468259656728388
47,Li7,"(n,Xt)",0.01802697281355916,2.36607155712562e-05
