cell,nuclide,score,mean,std. dev.
60,Li6,"(n,Xt)",1.0818996767166067,0.0016291526255559046
60,Li7,"(n,Xt)",0.062248791605414966,0.00012827016780241648
57,Li6,"(n,Xt)",0.09002032247807415,0.00018898537441631576
57,Li7,"(n,Xt)",0.01774606150396873,2.3129607263510278e-05
