cell,nuclide,score,mean,std. dev.
70,Li6,"(n,Xt)",1.0879579344691799,0.0010267927237539577
70,Li7,"(n,Xt)",0.06066184201084283,0.0001304942820016593
67,Li6,"(n,Xt)",0.0892207666250861,5.8079976512415896e-05
67,Li7,"(n,Xt)",0.017429268160937463,2.101876657064806e-05
