cell,nuclide,score,mean,std. dev.
80,Li6,"(n,Xt)",1.0935682137409344,0.0010805223635641098
80,Li7,"(n,Xt)",0.05889778213125465,0.00013604837131067431
77,Li6,"(n,Xt)",0.08912309896680452,5.415528676432466e-05
77,Li7,"(n,Xt)",0.01708915632532496,2.002990331680664e-05
