cell,nuclide,score,mean,std. dev.
100,Li6,"(n,Xt)",1.1105795835909813,0.0012548550590484012
100,Li7,"(n,Xt)",0.05475405854773422,0.0001447130123838516
97,Li6,"(n,Xt)",0.08788762063376285,0.0002186425441737717
97,Li7,"(n,Xt)",0.016276229213080903,1.7608008247042417e-05
