cell,nuclide,score,mean,std. dev.
110,Li6,"(n,Xt)",1.1155672032192885,0.0014264924477176658
110,Li7,"(n,Xt)",0.05236648222253332,0.0001397571891534088
107,Li6,"(n,Xt)",0.08754580175701984,0.00020405777464162022
107,Li7,"(n,Xt)",0.015775566568867493,1.4874550668823717e-05
