cell,nuclide,score,mean,std. dev.
130,Li6,"(n,Xt)",1.1333072531368273,0.0010251767900203406
130,Li7,"(n,Xt)",0.046697111745852074,0.00012473854063208925
127,Li6,"(n,Xt)",0.0859152503548919,0.00021106437322182216
127,Li7,"(n,Xt)",0.014577259073872495,1.7450739666198686e-05
