cell,nuclide,score,mean,std. dev.
140,Li6,"(n,Xt)",1.1466002076215656,0.0014803694733772196
140,Li7,"(n,Xt)",0.04338639396923051,0.00010774637031353715
137,Li6,"(n,Xt)",0.0845619087870462,0.00015354338809305375
137,Li7,"(n,Xt)",0.013827509132571955,1.4888520861464242e-05
