cell,nuclide,score,mean,std. dev.
150,Li6,"(n,Xt)",1.1560675111732002,0.0011724340941829576
150,Li7,"(n,Xt)",0.03962604749616933,9.313213982055708e-05
147,Li6,"(n,Xt)",0.08254393447138536,0.00013373109781786817
147,Li7,"(n,Xt)",0.012936487464971922,1.3468269898519699e-05
