cell,nuclide,score,mean,std. dev.
160,Li6,"(n,Xt)",1.1669302336928764,0.0007561080155208014
160,Li7,"(n,Xt)",0.03528695278122891,8.827890900440202e-05
157,Li6,"(n,Xt)",0.0799984927698288,9.49976398536816e-05
157,Li7,"(n,Xt)",0.011860544306914937,1.4248324836295044e-05
