cell,nuclide,score,mean,std. dev.
170,Li6,"(n,Xt)",1.1795156627840666,0.0012251900284005472
170,Li7,"(n,Xt)",0.03029564508906534,6.0759023017700436e-05
167,Li6,"(n,Xt)",0.07660604338227028,0.00014906953395853504
167,Li7,"(n,Xt)",0.010546884921637297,1.3521741789644739e-05
