cell,nuclide,score,mean,std. dev.
180,Li6,"(n,Xt)",1.1874377918767072,0.0012261285346245124
180,Li7,"(n,Xt)",0.02440764402407278,4.060160292610423e-05
177,Li6,"(n,Xt)",0.07132888264620178,0.00011242433539391204
177,Li7,"(n,Xt)",0.008907647834887282,8.552223433211423e-06
