cell,nuclide,score,mean,std. dev.
190,Li6,"(n,Xt)",1.1819352312883713,0.0014524478826264259
190,Li7,"(n,Xt)",0.017515646253697618,3.1333424578108057e-05
187,Li6,"(n,Xt)",0.06276784808931721,7.448024211657244e-05
187,Li7,"(n,Xt)",0.006802426261336039,7.495914895517504e-06
