cell,nuclide,score,mean,std. dev.
10,Li6,"(n,Xt)",0.3021374041799666,0.0006560212143682237
10,Li7,"(n,Xt)",0.08082620032822704,0.00015772559809749452
6,Li6,"(n,Xt)",0.0008098905110432474,2.800390403829213e-06
6,Li7,"(n,Xt)",0.019381563838939568,3.00703213514273e-05
