cell,nuclide,score,mean,std. dev.
30,Li6,"(n,Xt)",1.0559237321577961,0.0009630354190176577
30,Li7,"(n,Xt)",0.0680971008185893,0.00012896356027589553
27,Li6,"(n,Xt)",0.10668272436731155,0.00034465626863302743
27,Li7,"(n,Xt)",0.01649686859067946,2.6226724283188542e-05
