cell,nuclide,score,mean,std. dev.
40,Li6,"(n,Xt)",1.06010504906638,0.0011878074510348346
40,Li7,"(n,Xt)",0.059672214494421304,0.00011688924929264421
37,Li6,"(n,Xt)",0.13052959396076785,0.0002750914217086297
37,Li7,"(n,Xt)",0.014566911030156043,2.2776991441809842e-05
