cell,nuclide,score,mean,std. dev.
20,Li6,"(n,Xt)",1.0373772058260482,0.001668609561344671
20,Li7,"(n,Xt)",0.07443508117483688,0.0001530559384898129
17,Li6,"(n,Xt)",0.0801609340021461,0.00015318811837546618
17,Li7,"(n,Xt)",0.01794131123308069,2.9688070431830294e-05
