cell,nuclide,score,mean,std. dev.
60,Li6,"(n,Xt)",1.0412574568661483,0.001145908140906967
60,Li7,"(n,Xt)",0.01926984817599401,4.4887300349485475e-05
57,Li6,"(n,Xt)",0.19630887812316444,0.00039145075133402744
57,Li7,"(n,Xt)",0.004876188021736015,7.39928960585122e-06
