cell,nuclide,score,mean,std. dev.
70,Li6,"(n,Xt)",1.0293608109059615,0.0007362560168861936
70,Li7,"(n,Xt)",7.5883397725179874e-06,1.7620994305141463e-08
67,Li6,"(n,Xt)",0.21718814394877012,0.0003339808695796244
67,Li7,"(n,Xt)",1.9555633854539766e-06,2.866595806615936e-09
