cell,nuclide,score,mean,std. dev.
30,Li6,"(n,Xt)",1.0955536913519295,0.0009402815978234396
30,Li7,"(n,Xt)",0.005685271760287705,2.4786428455643038e-05
27,Li6,"(n,Xt)",0.272915439661775,0.00045925542601354735
27,Li7,"(n,Xt)",0.01598764200877048,1.543443406655971e-05
