cell,nuclide,score,mean,std. dev.
40,Li6,"(n,Xt)",1.0806020741464297,0.001008292816056048
40,Li7,"(n,Xt)",0.004978986318918681,2.1116256721269296e-05
37,Li6,"(n,Xt)",0.34922846107473926,0.000563166016585368
37,Li7,"(n,Xt)",0.014127012704276663,1.4274181570354195e-05
