cell,nuclide,score,mean,std. dev.
50,Li6,"(n,Xt)",1.034051258020817,0.0009204241725443588
50,Li7,"(n,Xt)",0.0032715980836698104,1.4057865018705458e-05
47,Li6,"(n,Xt)",0.46813442043247305,0.0007942934580454804
47,Li7,"(n,Xt)",0.00945042088985375,8.924974784280853e-06
