cell,nuclide,score,mean,std. dev.
20,Li6,"(n,Xt)",1.09685183030366,0.0005432420326596282
20,Li7,"(n,Xt)",0.006217822702697676,2.8922996412248804e-05
17,Li6,"(n,Xt)",0.18761696495727087,0.0003588429115391803
17,Li7,"(n,Xt)",0.017381526832860976,1.7768812506176963e-05
