cell,nuclide,score,mean,std. dev.
60,Li6,"(n,Xt)",0.9961748339779367,0.0014706100374088566
60,Li7,"(n,Xt)",0.001616474959087829,6.230069652739617e-06
57,Li6,"(n,Xt)",0.5432698512755954,0.0006782361815050002
57,Li7,"(n,Xt)",0.00474061761341622,4.694005955413802e-06
