cell,nuclide,score,mean,std. dev.
30,Li6,"(n,Xt)",1.0075717338729127,0.0010768482195542826
30,Li7,"(n,Xt)",0.07824443785112929,0.0001836804433521212
27,Li6,"(n,Xt)",0.11084245357083473,0.00018724946764684888
27,Li7,"(n,Xt)",0.01781453440051394,2.626187535444802e-05
