cell,nuclide,score,mean,std. dev.
60,Li6,"(n,Xt)",0.9067318321610855,0.0014382540295937655
60,Li7,"(n,Xt)",0.1109849733673974,0.00022807820249819323
57,Li6,"(n,Xt)",0.09270888410139458,0.0002524963977069203
57,Li7,"(n,Xt)",0.03619512646512598,4.554428266647501e-05
