cell,nuclide,score,mean,std. dev.
70,Li6,"(n,Xt)",0.9067318321610847,0.0014382540296023424
70,Li7,"(n,Xt)",0.11098497336739736,0.0002280782024977707
67,Li6,"(n,Xt)",0.09270888410139404,0.0002524963977076837
67,Li7,"(n,Xt)",0.03619512646512597,4.5544282665946e-05
