cell,nuclide,score,mean,std. dev.
30,Li6,"(n,Xt)",0.9887007897561519,0.0011122636903987972
30,Li7,"(n,Xt)",0.08322905905408687,0.00018526940513632307
27,Li6,"(n,Xt)",0.10945713426832293,9.28103635746503e-05
27,Li7,"(n,Xt)",0.01949425908913218,3.027148839446068e-05
