cell,nuclide,score,mean,std. dev.
40,Li6,"(n,Xt)",0.9942099740435788,0.0010316855192044753
40,Li7,"(n,Xt)",0.07457058574613937,0.0001682670094021289
37,Li6,"(n,Xt)",0.1314552003783504,0.00014651307615267236
37,Li7,"(n,Xt)",0.017593288522518374,2.4942012217917263e-05
