cell,nuclide,score,mean,std. dev.
50,Li6,"(n,Xt)",0.9854145606275451,0.0013844718788343091
50,Li7,"(n,Xt)",0.05343259792052711,0.0001223443427628942
47,Li6,"(n,Xt)",0.1675001378762325,0.00023286852698203964
47,Li7,"(n,Xt)",0.012822903811013985,1.732196617807544e-05
