cell,nuclide,score,mean,std. dev.
60,Li6,"(n,Xt)",0.9767966579481137,0.0012077224905472806
60,Li7,"(n,Xt)",0.03288774823760638,6.940046023198248e-05
57,Li6,"(n,Xt)",0.19245003520637088,0.0002579376371944788
57,Li7,"(n,Xt)",0.008029417304211382,1.1417958110889876e-05
