cell,nuclide,score,mean,std. dev.
70,Li6,"(n,Xt)",0.9665691323397129,0.001293686824237834
70,Li7,"(n,Xt)",0.012934125999879947,2.5395447706085587e-05
67,Li6,"(n,Xt)",0.2114031079844246,0.0002987294472638105
67,Li7,"(n,Xt)",0.003213242086728908,4.619698225640788e-06
