cell,nuclide,score,mean,std. dev.
10,Li6,"(n,Xt)",1.0759975449353387,0.0013732708717011607
10,Li7,"(n,Xt)",0.06475256974633065,0.00011325691356178354
6,Li6,"(n,Xt)",0.0936447723702559,0.0002203870958832813
6,Li7,"(n,Xt)",0.018860502263516744,1.9452095940585035e-05
