cell,nuclide,score,mean,std. dev.
30,Li6,"(n,Xt)",1.08060404156472,0.0011460082617563492
30,Li7,"(n,Xt)",0.06264384360449854,0.0001274252759497779
27,Li6,"(n,Xt)",0.0931434748464651,0.00019342817954155788
27,Li7,"(n,Xt)",0.018447183087200635,1.890147788344828e-05
