cell,nuclide,score,mean,std. dev.
40,Li6,"(n,Xt)",1.0864059058669973,0.0012494442669908617
40,Li7,"(n,Xt)",0.06146510574859406,0.00015316953608884455
37,Li6,"(n,Xt)",0.09300389786763044,0.0001890828894773708
37,Li7,"(n,Xt)",0.01822133676776669,2.2356661959708735e-05
