cell,nuclide,score,mean,std. dev.
50,Li6,"(n,Xt)",1.0892930273481916,0.0012062320703909136
50,Li7,"(n,Xt)",0.06016701279208503,0.00012286663307480648
47,Li6,"(n,Xt)",0.09251657186505853,0.00018791498732767311
47,Li7,"(n,Xt)",0.017971942591748967,1.9278547837077278e-05
