cell,nuclide,score,mean,std. dev.
60,Li6,"(n,Xt)",1.094396379370122,0.0018919289892930303
60,Li7,"(n,Xt)",0.05879365558467906,0.00012005561392256539
57,Li6,"(n,Xt)",0.09236086657533171,0.00013905464829799886
57,Li7,"(n,Xt)",0.017692495678014977,1.9247515626909416e-05
