cell,nuclide,score,mean,std. dev.
70,Li6,"(n,Xt)",1.1000025771684667,0.0008171402346186489
70,Li7,"(n,Xt)",0.0572604971105667,0.00010751486863049459
67,Li6,"(n,Xt)",0.09193466856026059,0.00018640096272293924
67,Li7,"(n,Xt)",0.017382059322799914,1.7142342589624905e-05
