cell,nuclide,score,mean,std. dev.
80,Li6,"(n,Xt)",1.106915767178221,0.0009135372497809766
80,Li7,"(n,Xt)",0.05558297106900556,0.00011796930705960552
77,Li6,"(n,Xt)",0.09188525810370564,0.00017854929491901647
77,Li7,"(n,Xt)",0.017039570262058344,1.7118796220398124e-05
