cell,nuclide,score,mean,std. dev.
90,Li6,"(n,Xt)",1.1113603243245713,0.0006289856981693033
90,Li7,"(n,Xt)",0.05376990946023029,0.00011743223727870227
87,Li6,"(n,Xt)",0.091195350401683,0.0001404600376003186
87,Li7,"(n,Xt)",0.016658624154296243,1.5772961312619027e-05
