cell,nuclide,score,mean,std. dev.
100,Li6,"(n,Xt)",1.1191709083341312,0.0008719330948460048
100,Li7,"(n,Xt)",0.051684629199006404,0.00014377868316999055
97,Li6,"(n,Xt)",0.09037669173042294,0.00016174933404665585
97,Li7,"(n,Xt)",0.016232046039651393,1.548825481555442e-05
