cell,nuclide,score,mean,std. dev.
20,Li6,"(n,Xt)",1.0777867357489268,0.0011975841429733318
20,Li7,"(n,Xt)",0.06367390502604608,0.00012009313278428359
17,Li6,"(n,Xt)",0.09318279640398061,0.0001976501331771554
17,Li7,"(n,Xt)",0.018663827059959327,2.140487222301051e-05
