cell,nuclide,score,mean,std. dev.
120,Li6,"(n,Xt)",1.134299611541949,0.0007986139499930624
120,Li7,"(n,Xt)",0.04691783748904587,0.00012100096218267658
117,Li6,"(n,Xt)",0.08923675400164366,0.00010304865342738178
117,Li7,"(n,Xt)",0.015180907815364134,1.7367581784865653e-05
