cell,nuclide,score,mean,std. dev.
130,Li6,"(n,Xt)",1.143273148270778,0.0009470974279941437
130,Li7,"(n,Xt)",0.044080798669351565,0.0001173314322305909
127,Li6,"(n,Xt)",0.08784201489797847,0.00018389664312606273
127,Li7,"(n,Xt)",0.014549895761723733,1.5733741687370215e-05
