cell,nuclide,score,mean,std. dev.
140,Li6,"(n,Xt)",1.1552758174482762,0.000849710743432189
140,Li7,"(n,Xt)",0.040947039745720996,8.839390924556913e-05
137,Li6,"(n,Xt)",0.08663455924172171,0.00012980183301699214
137,Li7,"(n,Xt)",0.013803225321106513,1.4182607294391447e-05
