cell,nuclide,score,mean,std. dev.
150,Li6,"(n,Xt)",1.16639863191564,0.0008686964810113701
150,Li7,"(n,Xt)",0.03737647253849694,9.210566441525255e-05
147,Li6,"(n,Xt)",0.0846914454178776,0.00012698619330048678
147,Li7,"(n,Xt)",0.012914254657665486,1.1648680971956371e-05
