cell,nuclide,score,mean,std. dev.
160,Li6,"(n,Xt)",1.1747788653646984,0.0008839000395201644
160,Li7,"(n,Xt)",0.03330009357111098,9.248802993337758e-05
157,Li6,"(n,Xt)",0.08201372682744323,0.00019016474070722005
157,Li7,"(n,Xt)",0.01184325402559256,1.3296273356094963e-05
