cell,nuclide,score,mean,std. dev.
170,Li6,"(n,Xt)",1.1867331962825685,0.0009374551068621523
170,Li7,"(n,Xt)",0.028626840604281178,6.15499517816424e-05
167,Li6,"(n,Xt)",0.07817454878361421,0.00016819795874104906
167,Li7,"(n,Xt)",0.010529657356210302,1.2629395925243309e-05
