cell,nuclide,score,mean,std. dev.
180,Li6,"(n,Xt)",1.1907814067331264,0.001395105083831662
180,Li7,"(n,Xt)",0.02308871530008262,4.7281984169100236e-05
177,Li6,"(n,Xt)",0.07281239414022458,0.00012378694023023522
177,Li7,"(n,Xt)",0.008894629722541361,8.15052117690105e-06
