cell,nuclide,score,mean,std. dev.
190,Li6,"(n,Xt)",1.1872689209004164,0.0009142399041933897
190,Li7,"(n,Xt)",0.01658671792563905,3.601935641641418e-05
187,Li6,"(n,Xt)",0.06365651849585525,0.00012161636050623914
187,Li7,"(n,Xt)",0.006792355068245938,8.001244620467652e-06
