cell,nuclide,score,mean,std. dev.
10,Li6,"(n,Xt)",0.8590262022494283,0.000473202499467339
10,Li7,"(n,Xt)",0.11699341633362943,0.0002467749182085802
6,Li6,"(n,Xt)",0.11669734815953792,0.0003176420220458382
6,Li7,"(n,Xt)",0.037319523194710214,4.929704492065032e-05
