cell,nuclide,score,mean,std. dev.
40,Li6,"(n,Xt)",0.8590262022494282,0.0004732024994543046
40,Li7,"(n,Xt)",0.11699341633362943,0.00024677491820779913
37,Li6,"(n,Xt)",0.11669734815953789,0.0003176420220458382
37,Li7,"(n,Xt)",0.03731952319471024,4.929704492040595e-05
