cell,nuclide,score,mean,std. dev.
20,Li6,"(n,Xt)",0.8590262022494276,0.00047320249941520145
20,Li7,"(n,Xt)",0.11699341633362947,0.00024677491820623696
17,Li6,"(n,Xt)",0.11669734815953788,0.00031764202204523145
17,Li7,"(n,Xt)",0.03731952319471023,4.929704492040595e-05
