cell,nuclide,score,mean,std. dev.
70,Li6,"(n,Xt)",0.8590262022494288,0.00047320249944127023
70,Li7,"(n,Xt)",0.11699341633362954,0.000246774918207018
67,Li6,"(n,Xt)",0.11669734815953772,0.00031764202204492804
67,Li7,"(n,Xt)",0.03731952319471025,4.929704492065032e-05
