cell,nuclide,score,mean,std. dev.
60,Li6,"(n,Xt)",1.0027220778608132,0.0011850062057015781
60,Li7,"(n,Xt)",0.021962228726563254,3.0989933119933506e-05
57,Li6,"(n,Xt)",0.18477498417087942,0.00046492474066992803
57,Li7,"(n,Xt)",0.005138826367706029,4.83862146367418e-06
