cell,nuclide,score,mean,std. dev.
70,Li6,"(n,Xt)",0.9947974906633663,0.0010669491554645767
70,Li7,"(n,Xt)",8.639240065179488e-06,1.3025958521031507e-08
67,Li6,"(n,Xt)",0.2044196074567537,0.0003417477642957531
67,Li7,"(n,Xt)",2.059653154585945e-06,2.124298184477064e-09
