cell,nuclide,score,mean,std. dev.
10,Li6,"(n,Xt)",0.31752629646708563,0.0004217226259714493
10,Li7,"(n,Xt)",0.08901412251838818,0.0002038883250628076
6,Li6,"(n,Xt)",0.0008520442987473761,1.227476959421959e-06
6,Li7,"(n,Xt)",0.020679824021405235,2.954088816985605e-05
