cell,nuclide,score,mean,std. dev.
30,Li6,"(n,Xt)",1.0291646148121862,0.0016168743911284052
30,Li7,"(n,Xt)",0.07486888221436058,0.0001610007702805595
27,Li6,"(n,Xt)",0.10718676757470724,0.00018921118827496924
27,Li7,"(n,Xt)",0.017602435273395573,2.440897598542847e-05
