cell,nuclide,score,mean,std. dev.
40,Li6,"(n,Xt)",1.0189943000777215,0.0007727954633525287
40,Li7,"(n,Xt)",0.06708455215114124,0.00013727934674571382
37,Li6,"(n,Xt)",0.1253650789881467,0.00016693621763109543
37,Li7,"(n,Xt)",0.015579025371846767,1.7001398741529062e-05
