cell,nuclide,score,mean,std. dev.
50,Li6,"(n,Xt)",1.0236193125521116,0.0014051326633005604
50,Li7,"(n,Xt)",0.04298930877091926,9.191977608014271e-05
47,Li6,"(n,Xt)",0.1697393080250549,0.00022495395680545457
47,Li7,"(n,Xt)",0.01039015561144452,1.316493134877842e-05
