cell,nuclide,score,mean,std. dev.
50,Li6,"(n,Xt)",1.012347125095687,0.0010849113144778173
50,Li7,"(n,Xt)",0.04395189878271454,8.826823531304191e-05
47,Li6,"(n,Xt)",0.16415135323471386,0.0003970447472016756
47,Li7,"(n,Xt)",0.010408428454775886,1.1707609815971167e-05
