cell,nuclide,score,mean,std. dev.
20,Li6,"(n,Xt)",1.0133292816775583,0.0012352526433100479
20,Li7,"(n,Xt)",0.0819258548271471,0.00020009882079657937
17,Li6,"(n,Xt)",0.08035853591292128,0.00012634437526158854
17,Li7,"(n,Xt)",0.01914172576277597,2.7404557870088433e-05
