cell,nuclide,score,mean,std. dev.
60,Li6,"(n,Xt)",1.0020962084481253,0.0013792025756776424
60,Li7,"(n,Xt)",0.021598617450204326,3.8556929454198944e-05
57,Li6,"(n,Xt)",0.19146818496238516,0.00038211928237888123
57,Li7,"(n,Xt)",0.005217629347415177,5.709993276762322e-06
