cell,nuclide,score,mean,std. dev.
60,Li6,"(n,Xt)",1.0124290675792302,0.0015306116941585643
60,Li7,"(n,Xt)",0.021126080515432126,4.092928636835063e-05
57,Li6,"(n,Xt)",0.19634540626321778,0.0002467043751047197
57,Li7,"(n,Xt)",0.005207648729966614,6.89903350767471e-06
