cell,nuclide,score,mean,std. dev.
70,Li6,"(n,Xt)",0.9993654526837947,0.001650729264947097
70,Li7,"(n,Xt)",8.310853230150939e-06,1.7286833032460997e-08
67,Li6,"(n,Xt)",0.21677946335309906,0.00017105554014734418
67,Li7,"(n,Xt)",2.0877999532035144e-06,2.579258749416212e-09
