cell,nuclide,score,mean,std. dev.
10,Li6,"(n,Xt)",1.162399212183256,0.0008334777434862054
10,Li7,"(n,Xt)",0.0241179764904286,0.00010654280964024495
6,Li6,"(n,Xt)",0.14089788876651166,0.00031589306619199235
6,Li7,"(n,Xt)",0.018554089778286854,2.1505775429357167e-05
