cell,nuclide,score,mean,std. dev.
30,Li6,"(n,Xt)",1.1638108537383114,0.0006862718420916072
30,Li7,"(n,Xt)",0.023333578770122484,9.851178311016056e-05
27,Li6,"(n,Xt)",0.13979092015357703,0.00031199545188946874
27,Li7,"(n,Xt)",0.01815381707788099,2.017199062641459e-05
