cell,nuclide,score,mean,std. dev.
40,Li6,"(n,Xt)",1.1658999680422284,0.0006766456049809555
40,Li7,"(n,Xt)",0.02290263957428527,0.00010072433341164304
37,Li6,"(n,Xt)",0.13873584842034434,0.00028045639563537055
37,Li7,"(n,Xt)",0.01793391044760342,2.2244812259231354e-05
