cell,nuclide,score,mean,std. dev.
50,Li6,"(n,Xt)",1.1666585153061633,0.001170059715968525
50,Li7,"(n,Xt)",0.022417199811380885,0.00010555764231993524
47,Li6,"(n,Xt)",0.13764361905092898,0.00033604600586779334
47,Li7,"(n,Xt)",0.01769051130416948,1.9515721183678418e-05
