cell,nuclide,score,mean,std. dev.
60,Li6,"(n,Xt)",1.1681313302603848,0.0011024382147283528
60,Li7,"(n,Xt)",0.021906895635033584,0.00011243449840306584
57,Li6,"(n,Xt)",0.13617199182590972,0.0002613551839969355
57,Li7,"(n,Xt)",0.01741651953176995,1.94707194179633e-05
