cell,nuclide,score,mean,std. dev.
70,Li6,"(n,Xt)",1.174051763860273,0.0011893376546321872
70,Li7,"(n,Xt)",0.02136036011317375,0.00010651909192330679
67,Li6,"(n,Xt)",0.13509860743102414,0.0002169143162203078
67,Li7,"(n,Xt)",0.017111650820167478,1.612019796413082e-05
