cell,nuclide,score,mean,std. dev.
80,Li6,"(n,Xt)",1.1739715833730788,0.000985161766697544
80,Li7,"(n,Xt)",0.020734820522988466,9.897447231527823e-05
77,Li6,"(n,Xt)",0.13345142327215925,0.0002475357038129292
77,Li7,"(n,Xt)",0.016779710762333644,1.5766986845418873e-05
