cell,nuclide,score,mean,std. dev.
90,Li6,"(n,Xt)",1.1783510280217024,0.0008530645553493688
90,Li7,"(n,Xt)",0.020072776385887097,9.161848483170656e-05
87,Li6,"(n,Xt)",0.13295198871284566,0.00018585977114459203
87,Li7,"(n,Xt)",0.01640788406330882,1.4161476199726658e-05
