cell,nuclide,score,mean,std. dev.
100,Li6,"(n,Xt)",1.1787897583821287,0.001106256387219978
100,Li7,"(n,Xt)",0.01931829711403383,8.6624588790836e-05
97,Li6,"(n,Xt)",0.13081793387150362,0.00023430658666818632
97,Li7,"(n,Xt)",0.015990067864759625,1.1973208610490482e-05
