cell,nuclide,score,mean,std. dev.
110,Li6,"(n,Xt)",1.1862074789991737,0.0014891134064676278
110,Li7,"(n,Xt)",0.018485313360667166,7.864171279757511e-05
107,Li6,"(n,Xt)",0.12815794191595564,0.00018617912623515915
107,Li7,"(n,Xt)",0.015508455556710743,1.2327067147385788e-05
