cell,nuclide,score,mean,std. dev.
20,Li6,"(n,Xt)",1.1613354974160135,0.0013692970773599093
20,Li7,"(n,Xt)",0.023710636628136737,0.0001086887776417082
17,Li6,"(n,Xt)",0.14040640819494885,0.00046982093900919264
17,Li7,"(n,Xt)",0.01836272248646913,2.1069667541563812e-05
