cell,nuclide,score,mean,std. dev.
120,Li6,"(n,Xt)",1.187910685323129,0.001361654764536001
120,Li7,"(n,Xt)",0.017547012814158786,6.960067096499432e-05
117,Li6,"(n,Xt)",0.1258066339682367,0.00017430517142141567
117,Li7,"(n,Xt)",0.014971095990128424,1.5054343827865108e-05
