cell,nuclide,score,mean,std. dev.
130,Li6,"(n,Xt)",1.191316919828821,0.0010429029911348316
130,Li7,"(n,Xt)",0.01655575521008363,6.327054876949933e-05
127,Li6,"(n,Xt)",0.12336378403433271,0.00022804127668540273
127,Li7,"(n,Xt)",0.0143522457748608,1.5173330971464101e-05
