cell,nuclide,score,mean,std. dev.
140,Li6,"(n,Xt)",1.1938353460708315,0.0007158615670271863
140,Li7,"(n,Xt)",0.015358834035113445,5.706813351375852e-05
137,Li6,"(n,Xt)",0.11943733647638703,0.00021158209543974463
137,Li7,"(n,Xt)",0.013626868860721592,1.4281656771623432e-05
