cell,nuclide,score,mean,std. dev.
150,Li6,"(n,Xt)",1.1978984544213132,0.001975515770660991
150,Li7,"(n,Xt)",0.014033853719555619,4.9788324798816794e-05
147,Li6,"(n,Xt)",0.11497720212350213,0.00018529889005969145
147,Li7,"(n,Xt)",0.012761688364722416,1.2332183139377673e-05
