cell,nuclide,score,mean,std. dev.
160,Li6,"(n,Xt)",1.201649449130665,0.0010282959129950852
160,Li7,"(n,Xt)",0.012508839204653737,3.625443464379531e-05
157,Li6,"(n,Xt)",0.10990298068715217,0.00021364625849744375
157,Li7,"(n,Xt)",0.011711608415192632,1.18719694908001e-05
