cell,nuclide,score,mean,std. dev.
170,Li6,"(n,Xt)",1.201116251677531,0.0013149947191105525
170,Li7,"(n,Xt)",0.010741159405499743,3.527901605909648e-05
167,Li6,"(n,Xt)",0.10222172811889578,0.00019691648298518952
167,Li7,"(n,Xt)",0.010428823071814166,1.1232575511761852e-05
