cell,nuclide,score,mean,std. dev.
180,Li6,"(n,Xt)",1.1995447422503436,0.0012841167203083005
180,Li7,"(n,Xt)",0.00868231429902409,2.4896505920722823e-05
177,Li6,"(n,Xt)",0.09256439466099634,0.00013268298311602895
177,Li7,"(n,Xt)",0.00882364872693328,8.129736185030208e-06
