cell,nuclide,score,mean,std. dev.
190,Li6,"(n,Xt)",1.182553715821521,0.0010802180912154295
190,Li7,"(n,Xt)",0.006255721933956749,1.845470032346384e-05
187,Li6,"(n,Xt)",0.07844364668718525,0.00012207567183212574
187,Li7,"(n,Xt)",0.006746405551587099,6.413492911524068e-06
