cell,nuclide,score,mean,std. dev.
30,Li6,"(n,Xt)",1.0567583818745578,0.0010059137424771984
30,Li7,"(n,Xt)",0.0683464528594768,9.085013889034039e-05
27,Li6,"(n,Xt)",0.10239472834687091,0.0002108855895719236
27,Li7,"(n,Xt)",0.015944844801448654,1.2601805482614227e-05
