cell,nuclide,score,mean,std. dev.
50,Li6,"(n,Xt)",1.0540918929149021,0.0009681164400215311
50,Li7,"(n,Xt)",0.03940322176096718,4.511478920274307e-05
47,Li6,"(n,Xt)",0.16075079579116444,0.0002091470904465857
47,Li7,"(n,Xt)",0.00940921940638581,8.302167069119821e-06
