cell,nuclide,score,mean,std. dev.
60,Li6,"(n,Xt)",1.0471272438851735,0.001074156266982676
60,Li7,"(n,Xt)",0.01942782265463051,2.6338048002795194e-05
57,Li6,"(n,Xt)",0.1858002681818872,0.0002656652187534238
57,Li7,"(n,Xt)",0.004714762467718604,4.455632951846709e-06
