cell,nuclide,score,mean,std. dev.
70,Li6,"(n,Xt)",1.0381685482557799,0.0008140643087230434
70,Li7,"(n,Xt)",7.65996709046077e-06,1.1325801879338287e-08
67,Li6,"(n,Xt)",0.20517757283626697,0.00042970376615269617
67,Li7,"(n,Xt)",1.8907325947820048e-06,1.719208705677047e-09
