cell,nuclide,score,mean,std. dev.
30,Li6,"(n,Xt)",1.090320114901553,0.0011541000730706287
30,Li7,"(n,Xt)",0.05956811022044214,0.00011286117891928576
27,Li6,"(n,Xt)",0.12237627542730212,0.00014773162510844213
27,Li7,"(n,Xt)",0.0168117102678186,2.5595720209538496e-05
