cell,nuclide,score,mean,std. dev.
50,Li6,"(n,Xt)",1.0797428517471053,0.0012982078275631242
50,Li7,"(n,Xt)",0.034254484269278865,6.679172396316142e-05
47,Li6,"(n,Xt)",0.19772302405128633,0.00047059917714589955
47,Li7,"(n,Xt)",0.00992832465566009,1.4752745625492315e-05
