cell,nuclide,score,mean,std. dev.
20,Li6,"(n,Xt)",1.07252489166188,0.0011217933310390313
20,Li7,"(n,Xt)",0.06513898891040662,0.0001358425453950717
17,Li6,"(n,Xt)",0.09006421627818822,0.00022015090418733263
17,Li7,"(n,Xt)",0.018277736213982737,2.6816326440235658e-05
