cell,nuclide,score,mean,std. dev.
60,Li6,"(n,Xt)",1.0633184208962125,0.00119951018723029
60,Li7,"(n,Xt)",0.01684385061173071,3.437208372796015e-05
57,Li6,"(n,Xt)",0.22975520759012658,0.0005515279539589642
57,Li7,"(n,Xt)",0.004974681621023988,8.075639014554572e-06
