cell,nuclide,score,mean,std. dev.
70,Li6,"(n,Xt)",1.0493998782309593,0.0010972475188874519
70,Li7,"(n,Xt)",6.625319402428375e-06,1.5357309568239146e-08
67,Li6,"(n,Xt)",0.2546903371602346,0.0003295420302491973
67,Li7,"(n,Xt)",1.9952627038071425e-06,3.1742113703640447e-09
