cell,nuclide,score,mean,std. dev.
30,Li6,"(n,Xt)",1.0047905443992238,0.001000669617515027
30,Li7,"(n,Xt)",0.07424806147198493,0.00015978148332520772
27,Li6,"(n,Xt)",0.13778910039693698,0.0002835083911313878
27,Li7,"(n,Xt)",0.018111043671240452,2.446488657757364e-05
