cell,nuclide,score,mean,std. dev.
60,Li6,"(n,Xt)",0.9858500115166633,0.001453470403602711
60,Li7,"(n,Xt)",0.020944190878133782,3.401292785868569e-05
57,Li6,"(n,Xt)",0.23907340244468425,0.0004402307492402429
57,Li7,"(n,Xt)",0.005352256309028956,6.857487627126488e-06
