cell,nuclide,score,mean,std. dev.
70,Li6,"(n,Xt)",0.9727911751059042,0.0013490370356493103
70,Li7,"(n,Xt)",8.232317901667888e-06,1.444495318693273e-08
67,Li6,"(n,Xt)",0.2609758622046366,0.0002561439805701527
67,Li7,"(n,Xt)",2.1435003725053364e-06,2.94008643503601e-09
