cell,nuclide,score,mean,std. dev.
10,Li6,"(n,Xt)",0.9654107823897509,0.0011539546975295452
10,Li7,"(n,Xt)",0.060797929157218045,7.922843552615218e-05
6,Li6,"(n,Xt)",0.23138889024855408,0.00037170270001113544
6,Li7,"(n,Xt)",0.020448419520904888,2.7578473088543213e-05
