cell,nuclide,score,mean,std. dev.
30,Li6,"(n,Xt)",0.96857824713997,0.0007415133226650777
30,Li7,"(n,Xt)",0.058915257014315645,7.057828504457123e-05
27,Li6,"(n,Xt)",0.23181049960197714,0.0005707340746195082
27,Li7,"(n,Xt)",0.01998246265799187,2.4503274223808814e-05
