cell,nuclide,score,mean,std. dev.
40,Li6,"(n,Xt)",0.9715035264884536,0.0008159729942648072
40,Li7,"(n,Xt)",0.057873593910962584,9.217066447001854e-05
37,Li6,"(n,Xt)",0.2318659329942943,0.00035371591129769225
37,Li7,"(n,Xt)",0.019763303598318016,2.2611635962578078e-05
