cell,nuclide,score,mean,std. dev.
50,Li6,"(n,Xt)",0.9735765624654785,0.0006441702209141444
50,Li7,"(n,Xt)",0.056660432385991034,8.163399100768335e-05
47,Li6,"(n,Xt)",0.2317826142837019,0.0003649538360830088
47,Li7,"(n,Xt)",0.019482013095210693,2.2842824065087e-05
