cell,nuclide,score,mean,std. dev.
60,Li6,"(n,Xt)",0.9791607269973408,0.0007881511605779551
60,Li7,"(n,Xt)",0.055404841619980535,7.360004350009272e-05
57,Li6,"(n,Xt)",0.23206385481410252,0.0004912363367441763
57,Li7,"(n,Xt)",0.019174275257893357,2.2894245536889955e-05
