cell,nuclide,score,mean,std. dev.
70,Li6,"(n,Xt)",0.9830863792112134,0.0007106571916564292
70,Li7,"(n,Xt)",0.05398623684408693,5.4596141214972045e-05
67,Li6,"(n,Xt)",0.23083748549962851,0.00034867159791794416
67,Li7,"(n,Xt)",0.018844490309050842,2.474226456526689e-05
