cell,nuclide,score,mean,std. dev.
80,Li6,"(n,Xt)",0.9858754336903104,0.0011306162379810887
80,Li7,"(n,Xt)",0.05239648619801366,5.54824002173997e-05
77,Li6,"(n,Xt)",0.23087450315807265,0.0005071651344584833
77,Li7,"(n,Xt)",0.018480273054358898,2.379851271172524e-05
