cell,nuclide,score,mean,std. dev.
90,Li6,"(n,Xt)",0.9890930333091191,0.0014891610964318446
90,Li7,"(n,Xt)",0.05068172609625625,7.792409949010811e-05
87,Li6,"(n,Xt)",0.2303255734338038,0.0002793907543741249
87,Li7,"(n,Xt)",0.01806042881295559,2.0984781369317645e-05
