cell,nuclide,score,mean,std. dev.
100,Li6,"(n,Xt)",0.9923727366075126,0.0007543351292121738
100,Li7,"(n,Xt)",0.0489451691905367,6.808849647454732e-05
97,Li6,"(n,Xt)",0.23000573733936486,0.00034574077758453857
97,Li7,"(n,Xt)",0.01759330820035177,2.3047537297494468e-05
