cell,nuclide,score,mean,std. dev.
110,Li6,"(n,Xt)",0.996997781697851,0.0008882906505023396
110,Li7,"(n,Xt)",0.046892261933932096,8.380597351318366e-05
107,Li6,"(n,Xt)",0.22869394084204067,0.00043100020296444897
107,Li7,"(n,Xt)",0.01706105407245463,2.1102903647390828e-05
