cell,nuclide,score,mean,std. dev.
20,Li6,"(n,Xt)",0.9673800869777489,0.0010373272798454016
20,Li7,"(n,Xt)",0.059903178204906024,6.9370878508725e-05
17,Li6,"(n,Xt)",0.23169460610486547,0.0005642557839801267
17,Li7,"(n,Xt)",0.020240020604165722,2.704615307519631e-05
