cell,nuclide,score,mean,std. dev.
120,Li6,"(n,Xt)",1.000202201829421,0.0008983155479256944
120,Li7,"(n,Xt)",0.04454695204948165,7.201421458115022e-05
117,Li6,"(n,Xt)",0.2294812150997223,0.00041953357367367896
117,Li7,"(n,Xt)",0.01647418218520843,1.6501249125266308e-05
