cell,nuclide,score,mean,std. dev.
130,Li6,"(n,Xt)",1.003985549055717,0.0007962219235142718
130,Li7,"(n,Xt)",0.04196170747187932,6.264630668620658e-05
127,Li6,"(n,Xt)",0.22685557678552706,0.0002607695211304121
127,Li7,"(n,Xt)",0.01577382999677601,1.938699988872133e-05
