cell,nuclide,score,mean,std. dev.
140,Li6,"(n,Xt)",1.0105969405191135,0.0011333458698871196
140,Li7,"(n,Xt)",0.03906032850987753,6.098460187733668e-05
137,Li6,"(n,Xt)",0.22689286405718376,0.0005155231789764852
137,Li7,"(n,Xt)",0.014974114076636671,1.6212198267020884e-05
