cell,nuclide,score,mean,std. dev.
150,Li6,"(n,Xt)",1.0160142631751792,0.001022323820686019
150,Li7,"(n,Xt)",0.03576776590904396,4.062222591956015e-05
147,Li6,"(n,Xt)",0.2240784468593245,0.00038255960886946036
147,Li7,"(n,Xt)",0.014016003746770759,1.6871596154092012e-05
