cell,nuclide,score,mean,std. dev.
160,Li6,"(n,Xt)",1.0191306307895034,0.0013442041770239967
160,Li7,"(n,Xt)",0.0319254626968325,3.5013246951292306e-05
157,Li6,"(n,Xt)",0.22106966468838646,0.000495838710477387
157,Li7,"(n,Xt)",0.01285853705678568,1.6476462968480182e-05
