cell,nuclide,score,mean,std. dev.
170,Li6,"(n,Xt)",1.0204241311738826,0.0012011209514491404
170,Li7,"(n,Xt)",0.0275333313073891,3.5165807805821386e-05
167,Li6,"(n,Xt)",0.2170577718273881,0.00038264324388377375
167,Li7,"(n,Xt)",0.011440165420589227,1.6234813070936714e-05
