cell,nuclide,score,mean,std. dev.
180,Li6,"(n,Xt)",1.014415582149576,0.0011262779645023488
180,Li7,"(n,Xt)",0.02223348674331792,4.1920943721366405e-05
177,Li6,"(n,Xt)",0.20965824959870377,0.00035306303150501933
177,Li7,"(n,Xt)",0.00966900141943686,1.1932061022997763e-05
