cell,nuclide,score,mean,std. dev.
190,Li6,"(n,Xt)",0.9947161797171431,0.001142761684133685
190,Li7,"(n,Xt)",0.016021778143001465,3.1394983469610835e-05
187,Li6,"(n,Xt)",0.19614105091684442,0.00022370093803796476
187,Li7,"(n,Xt)",0.007383275884911574,9.944071630478153e-06
