cell,nuclide,score,mean,std. dev.
40,Li6,"(n,Xt)",0.9736452424364508,0.0016359148615352392
40,Li7,"(n,Xt)",0.0778657388225351,0.00013103754359038118
37,Li6,"(n,Xt)",0.1482167200189988,0.00027844560604726537
37,Li7,"(n,Xt)",0.01970743046055424,3.297646890780094e-05
