cell,nuclide,score,mean,std. dev.
20,Li6,"(n,Xt)",0.9601667498245167,0.0009833712395032896
20,Li7,"(n,Xt)",0.09083522358492449,0.00014292852123202248
17,Li6,"(n,Xt)",0.10090408870234557,0.00025368798180940336
17,Li7,"(n,Xt)",0.022727644072936697,3.493136341682077e-05
