cell,nuclide,score,mean,std. dev.
60,Li6,"(n,Xt)",0.956157538298409,0.001519612442358931
60,Li7,"(n,Xt)",0.042095567118954506,7.06760120192179e-05
57,Li6,"(n,Xt)",0.21237984313835856,0.0004963998437874545
57,Li7,"(n,Xt)",0.010984564453283711,1.373170201563048e-05
