cell,nuclide,score,mean,std. dev.
70,Li6,"(n,Xt)",0.9482105078606091,0.0011028823328366548
70,Li7,"(n,Xt)",0.02486775509337224,4.0129832109778374e-05
67,Li6,"(n,Xt)",0.23168833010216808,0.0004014729043074682
67,Li7,"(n,Xt)",0.0065878094077014004,7.564776750144672e-06
