cell,nuclide,score,mean,std. dev.
6,Li6,"(n,Xt)",0.09052466085450753,0.0001082491967879142
6,Li7,"(n,Xt)",0.01892519848891622,2.7117321308217647e-05
10,Li6,"(n,Xt)",1.060962921570493,0.0011653330692179757
10,Li7,"(n,Xt)",0.06868681724186083,7.77342772066825e-05
13,Li6,"(n,Xt)",0.0005434281761672161,2.2213832702177294e-05
13,Li7,"(n,Xt)",7.70413386392057e-06,1.4343470116815519e-06
