cell,nuclide,score,mean,std. dev.
46,Li6,"(n,Xt)",0.0899923027659202,0.00013271342186623199
46,Li7,"(n,Xt)",0.01827739465417968,2.7830650056712804e-05
49,Li6,"(n,Xt)",1.072298659220211,0.0014326729589250325
49,Li7,"(n,Xt)",0.06515359587384201,0.00010397244234527842
52,Li6,"(n,Xt)",0.00046252307652726196,1.796554553909966e-05
52,Li7,"(n,Xt)",6.099256681215981e-06,1.0335085481652386e-06
