cell,nuclide,score,mean,std. dev.
59,Li6,"(n,Xt)",0.08986255285557179,0.00015820427523981546
59,Li7,"(n,Xt)",0.018026803270201425,2.3816042756471886e-05
62,Li6,"(n,Xt)",1.0776607233425513,0.001609958707885936
62,Li7,"(n,Xt)",0.06374744481105052,9.590224531707115e-05
65,Li6,"(n,Xt)",0.0004995510426202924,3.151950195987413e-05
65,Li7,"(n,Xt)",6.098041571089122e-06,9.502120742238427e-07
