cell,nuclide,score,mean,std. dev.
72,Li6,"(n,Xt)",0.08986687335767789,0.00022693832553107184
72,Li7,"(n,Xt)",0.017744997717607965,2.4363103513781663e-05
75,Li6,"(n,Xt)",1.0829924908835582,0.0016026404484756468
75,Li7,"(n,Xt)",0.06225607277695724,0.00010416925333241468
78,Li6,"(n,Xt)",0.0004975425202366302,2.7500599305454158e-05
78,Li7,"(n,Xt)",5.715913895017646e-06,8.819234898979363e-07
