cell,nuclide,score,mean,std. dev.
85,Li6,"(n,Xt)",0.08902370715125509,0.00017353407528359976
85,Li7,"(n,Xt)",0.01742975682989268,2.160051167834874e-05
88,Li6,"(n,Xt)",1.0894211465637669,0.0010028309783808743
88,Li7,"(n,Xt)",0.06066155590164313,9.427739174123718e-05
91,Li6,"(n,Xt)",0.0005692911616287643,2.5999542667996324e-05
91,Li7,"(n,Xt)",5.2967673346791884e-06,8.430302314054004e-07
