cell,nuclide,score,mean,std. dev.
111,Li6,"(n,Xt)",0.08852302801130166,0.00017189313263188584
111,Li7,"(n,Xt)",0.016700382013564514,1.7777717764621098e-05
114,Li6,"(n,Xt)",1.100158083543507,0.0006815462980613938
114,Li7,"(n,Xt)",0.05696252741004848,8.651433141756045e-05
117,Li6,"(n,Xt)",0.0005273451596040593,3.514145268364318e-05
117,Li7,"(n,Xt)",5.082877625031589e-06,9.302021141440804e-07
