cell,nuclide,score,mean,std. dev.
124,Li6,"(n,Xt)",0.08793998099239504,0.00022475750623444192
124,Li7,"(n,Xt)",0.01627296816802864,1.7366548340975405e-05
127,Li6,"(n,Xt)",1.108497894421537,0.0015992447125648503
127,Li7,"(n,Xt)",0.054826139974878396,9.923801947758103e-05
130,Li6,"(n,Xt)",0.0005672693111581454,3.686389349090231e-05
130,Li7,"(n,Xt)",6.077991406221319e-06,1.0870396823373642e-06
