cell,nuclide,score,mean,std. dev.
137,Li6,"(n,Xt)",0.08752558313334693,0.00019548899073059824
137,Li7,"(n,Xt)",0.015775129987527177,1.4862635223981201e-05
140,Li6,"(n,Xt)",1.115615231641857,0.001154483694783356
140,Li7,"(n,Xt)",0.05243110561568341,0.00010946186412768855
143,Li6,"(n,Xt)",0.0005773316684048726,2.6830820293861742e-05
143,Li7,"(n,Xt)",5.495699826718253e-06,8.767873366686472e-07
