cell,nuclide,score,mean,std. dev.
20,Li6,"(n,Xt)",0.09046668274658062,0.00013629647800261156
20,Li7,"(n,Xt)",0.018723555993542206,2.464792510105481e-05
23,Li6,"(n,Xt)",1.0629205267235164,0.0010737371240435254
23,Li7,"(n,Xt)",0.06758139075956957,8.210205820411723e-05
26,Li6,"(n,Xt)",0.0004943844887570482,2.428822418420779e-05
26,Li7,"(n,Xt)",6.9530089444171176e-06,1.35585786104657e-06
