cell,nuclide,score,mean,std. dev.
150,Li6,"(n,Xt)",0.08692629824467397,0.00015668862304666682
150,Li7,"(n,Xt)",0.015216977625076598,1.7593973524586828e-05
153,Li6,"(n,Xt)",1.12439886889996,0.0014475948887514548
153,Li7,"(n,Xt)",0.049762937974893465,9.484612253595182e-05
156,Li6,"(n,Xt)",0.0005298159346755925,3.291083163193905e-05
156,Li7,"(n,Xt)",4.573674102381837e-06,4.5217343123648346e-07
