cell,nuclide,score,mean,std. dev.
163,Li6,"(n,Xt)",0.08584662614234848,0.00019616838508356623
163,Li7,"(n,Xt)",0.014576501190873439,1.689314925858967e-05
166,Li6,"(n,Xt)",1.1330725858141195,0.0008942686940717825
166,Li7,"(n,Xt)",0.04674430842623232,0.00010097785760009855
169,Li6,"(n,Xt)",0.0006429313671144422,3.4746524503504244e-05
169,Li7,"(n,Xt)",3.986739279122676e-06,2.901411046860688e-07
