cell,nuclide,score,mean,std. dev.
176,Li6,"(n,Xt)",0.08441834033504776,0.00017010501112191777
176,Li7,"(n,Xt)",0.013826339486009054,1.3605855512364477e-05
179,Li6,"(n,Xt)",1.1453869800820982,0.0010034670648626197
179,Li7,"(n,Xt)",0.043415119991579806,9.468517703270918e-05
182,Li6,"(n,Xt)",0.0007055628174328788,2.6215912656108892e-05
182,Li7,"(n,Xt)",3.035950320477185e-06,5.412276745121509e-07
