cell,nuclide,score,mean,std. dev.
189,Li6,"(n,Xt)",0.08261069218421464,0.00012266347320663936
189,Li7,"(n,Xt)",0.012933157954930077,1.3619437577389304e-05
192,Li6,"(n,Xt)",1.1561676063685473,0.0008800646770870094
192,Li7,"(n,Xt)",0.039611961068856824,8.674388887476915e-05
195,Li6,"(n,Xt)",0.0006991066006821198,3.203835370441557e-05
195,Li7,"(n,Xt)",2.409913454607671e-06,4.6438502649785066e-07
