cell,nuclide,score,mean,std. dev.
202,Li6,"(n,Xt)",0.07999965271193882,0.0001533788707815966
202,Li7,"(n,Xt)",0.011860015575332237,1.3963953128961924e-05
205,Li6,"(n,Xt)",1.167359838565279,0.0011778313712769407
205,Li7,"(n,Xt)",0.035292402613650804,8.029306586120601e-05
208,Li6,"(n,Xt)",0.0008710628582995472,4.7159067581319996e-05
208,Li7,"(n,Xt)",1.8255355368086358e-06,4.7483029315846645e-07
