cell,nuclide,score,mean,std. dev.
215,Li6,"(n,Xt)",0.07649002625249891,0.00014603797714749889
215,Li7,"(n,Xt)",0.01054487689702676,1.327257559292181e-05
218,Li6,"(n,Xt)",1.1780109144610555,0.0006854041711451748
218,Li7,"(n,Xt)",0.030300721649964966,5.009274558023024e-05
221,Li6,"(n,Xt)",0.0011402314039961562,2.033474496656456e-05
221,Li7,"(n,Xt)",1.3728544613538833e-06,3.676529379512305e-07
