cell,nuclide,score,mean,std. dev.
228,Li6,"(n,Xt)",0.0714422742895493,0.00010821372260447467
228,Li7,"(n,Xt)",0.008909388612438182,8.707098387847938e-06
231,Li6,"(n,Xt)",1.1862744810704966,0.0015211171580000876
231,Li7,"(n,Xt)",0.024410010585192737,3.5462194044685214e-05
234,Li6,"(n,Xt)",0.0014958497858234719,3.0643378617526204e-05
234,Li7,"(n,Xt)",9.81373911296509e-07,2.5286321951331227e-07
