cell,nuclide,score,mean,std. dev.
241,Li6,"(n,Xt)",0.06274267479985587,0.00011669293001640913
241,Li7,"(n,Xt)",0.006801713016480996,7.545154555065481e-06
244,Li6,"(n,Xt)",1.180129887641962,0.0007167803731859665
244,Li7,"(n,Xt)",0.017514710753866403,2.7918587481951717e-05
247,Li6,"(n,Xt)",0.002729760952137489,4.0918601228934704e-05
247,Li7,"(n,Xt)",6.873149851449285e-07,2.2244434771013516e-07
