cell,nuclide,score,mean,std. dev.
40,Li6,"(n,Xt)",1.0078005375174246,0.0011193164367710913
40,Li7,"(n,Xt)",0.06614522766114597,0.0001292371892810777
37,Li6,"(n,Xt)",0.15562980675716592,0.00027711091029718985
37,Li7,"(n,Xt)",0.015911289563373895,1.895389891333363e-05
