cell,nuclide,score,mean,std. dev.
50,Li6,"(n,Xt)",0.9991519747163544,0.0013070076665313512
50,Li7,"(n,Xt)",0.04335151370985828,7.481400981063331e-05
47,Li6,"(n,Xt)",0.19824043680005587,0.0004836744671916897
47,Li7,"(n,Xt)",0.010630474312181778,1.274631287297635e-05
