cell,nuclide,score,mean,std. dev.
20,Li6,"(n,Xt)",0.990890859114525,0.0011712394255975604
20,Li7,"(n,Xt)",0.08259811417707878,0.00017247878889789202
17,Li6,"(n,Xt)",0.09676970978860974,0.0002200508395750884
17,Li7,"(n,Xt)",0.019595744716634115,2.663792043765624e-05
