cell,nuclide,score,mean,std. dev.
60,Li6,"(n,Xt)",0.9882492992581684,0.0010747978370857071
60,Li7,"(n,Xt)",0.02130340592602407,3.3304743707378916e-05
57,Li6,"(n,Xt)",0.22596608315590339,0.0002895867753483273
57,Li7,"(n,Xt)",0.0053282493154664925,6.299868332891288e-06
