cell,nuclide,score,mean,std. dev.
10,Li6,"(n,Xt)",0.32167572432078984,0.00040949214863346124
10,Li7,"(n,Xt)",0.08389997846410926,0.00022087624189861526
6,Li6,"(n,Xt)",0.0008505058206726632,2.1453100449576974e-06
6,Li7,"(n,Xt)",0.020595506745979084,3.0089367563638258e-05
