cell,nuclide,score,mean,std. dev.
30,Li6,"(n,Xt)",1.0455101815519579,0.0006596945783542669
30,Li7,"(n,Xt)",0.07056902058636882,0.0001898579717292905
27,Li6,"(n,Xt)",0.11254420161253771,0.00025454211278288954
27,Li7,"(n,Xt)",0.01752936322052248,2.4991367176279102e-05
