cell,nuclide,score,mean,std. dev.
40,Li6,"(n,Xt)",1.0486346206121138,0.0010555462166178715
40,Li7,"(n,Xt)",0.06183381118193478,0.00015532351814567065
37,Li6,"(n,Xt)",0.137713433406321,0.0003467641291713476
37,Li7,"(n,Xt)",0.015481861466396624,2.0499185597512573e-05
