cell,nuclide,score,mean,std. dev.
50,Li6,"(n,Xt)",1.0391395725047292,0.0013755374746714116
50,Li7,"(n,Xt)",0.04049683736138236,0.00010199690756482049
47,Li6,"(n,Xt)",0.1792603633231231,0.0005288925160536202
47,Li7,"(n,Xt)",0.010345637097906889,1.3349708725471082e-05
