cell,nuclide,score,mean,std. dev.
50,Li6,"(n,Xt)",1.0170740333287418,0.0010467737482220702
50,Li7,"(n,Xt)",0.042290421276167965,9.601401070862182e-05
47,Li6,"(n,Xt)",0.16870713694313239,0.00030951376834842864
47,Li7,"(n,Xt)",0.010388482680014518,1.223815550148024e-05
