cell,nuclide,score,mean,std. dev.
20,Li6,"(n,Xt)",1.029440279811293,0.0014688455542377517
20,Li7,"(n,Xt)",0.07722583751554071,0.00021591909504191544
17,Li6,"(n,Xt)",0.08406542355335345,0.0002281683179476707
17,Li7,"(n,Xt)",0.019062028869452585,2.5757388245552658e-05
