cell,nuclide,score,mean,std. dev.
60,Li6,"(n,Xt)",1.0263121229716892,0.0007860192975467396
60,Li7,"(n,Xt)",0.019898050054731387,4.797600798246055e-05
57,Li6,"(n,Xt)",0.20795419706627555,0.0002995899982977585
57,Li7,"(n,Xt)",0.005186903119459796,7.3829101121383505e-06
