cell,nuclide,score,mean,std. dev.
70,Li6,"(n,Xt)",1.0125233111070278,0.0013518943064193853
70,Li7,"(n,Xt)",7.830267842663111e-06,1.8378182706589448e-08
67,Li6,"(n,Xt)",0.23021725495085196,0.0003390131452797376
67,Li7,"(n,Xt)",2.0786683874828087e-06,2.649323201009148e-09
