cell,nuclide,score,mean,std. dev.
10,Li6,"(n,Xt)",1.0315294641010322,0.0013998559364819454
10,Li7,"(n,Xt)",0.07719177049004572,0.00015450477672363766
6,Li6,"(n,Xt)",0.08379158247442241,0.00014737779259790828
6,Li7,"(n,Xt)",0.01906339111414009,3.264859212834305e-05
