cell,nuclide,score,mean,std. dev.
30,Li6,"(n,Xt)",1.038168605747608,0.0006510620730015937
30,Li7,"(n,Xt)",0.07466310449950098,0.00017193665842048757
27,Li6,"(n,Xt)",0.08386112161359568,0.00014692011611239908
27,Li7,"(n,Xt)",0.018636143204287015,3.273584959079511e-05
