cell,nuclide,score,mean,std. dev.
50,Li6,"(n,Xt)",1.0496655256570486,0.0013739070916786668
50,Li7,"(n,Xt)",0.07176200011260847,0.00014865049834638663
47,Li6,"(n,Xt)",0.08333542583649291,0.00014761804791937305
47,Li7,"(n,Xt)",0.01815066252687353,2.9255086755258966e-05
