cell,nuclide,score,mean,std. dev.
60,Li6,"(n,Xt)",1.0547157374607017,0.0010634618619310145
60,Li7,"(n,Xt)",0.07011904124836167,0.0001646408246526875
57,Li6,"(n,Xt)",0.08321510259558046,0.00012966040016017374
57,Li7,"(n,Xt)",0.01787181823877296,3.0059813945924764e-05
