cell,nuclide,score,mean,std. dev.
70,Li6,"(n,Xt)",1.0625717239622348,0.0014665920605247019
70,Li7,"(n,Xt)",0.068313400643682,0.0001658328516052714
67,Li6,"(n,Xt)",0.08336233290843745,0.00019932939897516106
67,Li7,"(n,Xt)",0.017547741494764617,2.598900756244339e-05
