cell,nuclide,score,mean,std. dev.
80,Li6,"(n,Xt)",1.0675433784552308,0.0008858377357674747
80,Li7,"(n,Xt)",0.06633396701090372,0.0001700158246000354
77,Li6,"(n,Xt)",0.08305752663635449,0.00011527365518308164
77,Li7,"(n,Xt)",0.01719699164514627,2.5391235115112924e-05
