cell,nuclide,score,mean,std. dev.
90,Li6,"(n,Xt)",1.0746114118340417,0.0012999855493867466
90,Li7,"(n,Xt)",0.0642026365201475,0.0001618442589145213
87,Li6,"(n,Xt)",0.08245399759259452,0.00017951068341812612
87,Li7,"(n,Xt)",0.01680432753175052,2.268546089051587e-05
