cell,nuclide,score,mean,std. dev.
100,Li6,"(n,Xt)",1.0829375668157144,0.0016097111807359889
100,Li7,"(n,Xt)",0.06170828581916947,0.00014191541151189547
97,Li6,"(n,Xt)",0.08255362766877583,0.0002148946847249174
97,Li7,"(n,Xt)",0.016368404537051025,2.1197363346386487e-05
