cell,nuclide,score,mean,std. dev.
110,Li6,"(n,Xt)",1.0911379091231912,0.0012212144090312505
110,Li7,"(n,Xt)",0.059009958000528905,0.00013300375870429855
107,Li6,"(n,Xt)",0.08197519386608731,0.000101181219289913
107,Li7,"(n,Xt)",0.015866677199315657,1.909041779840615e-05
