cell,nuclide,score,mean,std. dev.
20,Li6,"(n,Xt)",1.0344603617432635,0.0009383055389556221
20,Li7,"(n,Xt)",0.0759698722743485,0.00014122988504406252
17,Li6,"(n,Xt)",0.08377615559028548,0.00013651955485158204
17,Li7,"(n,Xt)",0.01886181137175906,3.333468872030138e-05
