cell,nuclide,score,mean,std. dev.
120,Li6,"(n,Xt)",1.1015569539555743,0.0011505030009487066
120,Li7,"(n,Xt)",0.05601293778387787,0.00012178854687452179
117,Li6,"(n,Xt)",0.08140797208228245,0.00026005097704475733
117,Li7,"(n,Xt)",0.015298333482215282,2.1108021357850254e-05
