cell,nuclide,score,mean,std. dev.
130,Li6,"(n,Xt)",1.1121876606149699,0.001166653931934225
130,Li7,"(n,Xt)",0.0526732470260509,0.00012652526717120757
127,Li6,"(n,Xt)",0.08063825696551823,0.00016825921514146088
127,Li7,"(n,Xt)",0.014654373266384135,2.379452751053769e-05
