cell,nuclide,score,mean,std. dev.
140,Li6,"(n,Xt)",1.1262581347124228,0.0008775383449769721
140,Li7,"(n,Xt)",0.04890426104340475,0.00011042544714440213
137,Li6,"(n,Xt)",0.0794956061590609,0.00017046420291610867
137,Li7,"(n,Xt)",0.013899458830967057,1.896238176547596e-05
