cell,nuclide,score,mean,std. dev.
150,Li6,"(n,Xt)",1.1367328045971297,0.0007176211300045905
150,Li7,"(n,Xt)",0.04466982866192686,9.367797225387443e-05
147,Li6,"(n,Xt)",0.07830237444267249,0.0001338943497771304
147,Li7,"(n,Xt)",0.01299994980957526,1.7815743689790768e-05
