cell,nuclide,score,mean,std. dev.
160,Li6,"(n,Xt)",1.1534018173107194,0.001473250147506744
160,Li7,"(n,Xt)",0.039735328970656986,0.00011582646568702942
157,Li6,"(n,Xt)",0.07665594173807143,0.00017830551181560172
157,Li7,"(n,Xt)",0.011915206965472741,1.690390156785732e-05
