cell,nuclide,score,mean,std. dev.
180,Li6,"(n,Xt)",1.174849444595057,0.0012934362989360877
180,Li7,"(n,Xt)",0.027465811665674317,5.7879981840458484e-05
177,Li6,"(n,Xt)",0.06884133209310703,8.12041306446753e-05
177,Li7,"(n,Xt)",0.008938518710356018,1.0687696930690785e-05
