cell,nuclide,score,mean,std. dev.
190,Li6,"(n,Xt)",1.1734121309245737,0.0013753900036426801
190,Li7,"(n,Xt)",0.019705082285405594,3.782782319594168e-05
187,Li6,"(n,Xt)",0.0609969257416238,7.096356948543695e-05
187,Li7,"(n,Xt)",0.006819408449860632,1.0708799986471418e-05
