cell,nuclide,score,mean,std. dev.
10,Li6,"(n,Xt)",0.324634649650556,0.0004812771614829152
10,Li7,"(n,Xt)",0.031785034195298836,0.00011418963739814617
6,Li6,"(n,Xt)",0.0007909087925627703,2.846182883003957e-06
6,Li7,"(n,Xt)",0.018833558372978513,2.1677348430050385e-05
