cell,nuclide,score,mean,std. dev.
30,Li6,"(n,Xt)",1.1785919498935828,0.0012995320860909845
30,Li7,"(n,Xt)",0.026776094558588443,9.547535705300819e-05
27,Li6,"(n,Xt)",0.17638779183235004,0.00032797586978102123
27,Li7,"(n,Xt)",0.016046975501485036,1.769818147210132e-05
