cell,nuclide,score,mean,std. dev.
60,Li6,"(n,Xt)",1.1179677752433377,0.0009542708417071301
60,Li7,"(n,Xt)",0.0075930860017687455,2.4626741085422966e-05
57,Li6,"(n,Xt)",0.3510945200000853,0.0005018518948251841
57,Li7,"(n,Xt)",0.004753219149575426,5.346919071767742e-06
