cell,nuclide,score,mean,std. dev.
10,Li6,"(n,Xt)",0.911083938480312,0.0009333092429725758
10,Li7,"(n,Xt)",0.09803344564749632,0.000182655867086141
6,Li6,"(n,Xt)",0.06356936733080248,0.00012607738025272733
6,Li7,"(n,Xt)",0.024770483633036668,4.163643711475311e-05
