cell,nuclide,score,mean,std. dev.
30,Li6,"(n,Xt)",0.9621356656919129,0.001443911165004768
30,Li7,"(n,Xt)",0.08759259609466134,0.00016808857237088
27,Li6,"(n,Xt)",0.12461598761208663,0.0002803702410401046
27,Li7,"(n,Xt)",0.02232955346639769,3.839542388955653e-05
