cell,nuclide,score,mean,std. dev.
60,Li6,"(n,Xt)",0.9505407240536904,0.0007763110422015875
60,Li7,"(n,Xt)",0.047184176784154916,8.497757565917394e-05
57,Li6,"(n,Xt)",0.20809429456114165,0.00035085771021844817
57,Li7,"(n,Xt)",0.012442687533247202,1.7519962780945134e-05
