cell,nuclide,score,mean,std. dev.
10,Li6,"(n,Xt)",0.32494289580309393,0.0003098124358818581
10,Li7,"(n,Xt)",0.04229689158424097,7.960562014468132e-05
6,Li6,"(n,Xt)",0.0008053524698832509,5.012806194363798e-06
6,Li7,"(n,Xt)",0.01889848486155697,2.3069631335209347e-05
