cell,nuclide,score,mean,std. dev.
30,Li6,"(n,Xt)",1.1644283840504746,0.0009881907878523666
30,Li7,"(n,Xt)",0.03562608748163752,7.619885268436506e-05
27,Li6,"(n,Xt)",0.15674214491304045,0.00015349216306976654
27,Li7,"(n,Xt)",0.016094237408860533,1.8812916682196153e-05
