cell,nuclide,score,mean,std. dev.
40,Li6,"(n,Xt)",1.1628585657563053,0.001524149382590289
40,Li7,"(n,Xt)",0.03123815285820214,6.629371061862793e-05
37,Li6,"(n,Xt)",0.1963536393802216,0.00031501931983922226
37,Li7,"(n,Xt)",0.014222270369579581,1.6023020344233794e-05
