cell,nuclide,score,mean,std. dev.
50,Li6,"(n,Xt)",1.1402689727443334,0.0011605676020242015
50,Li7,"(n,Xt)",0.020526516859793335,4.968830513456335e-05
47,Li6,"(n,Xt)",0.262367344737856,0.0006099885106234266
47,Li7,"(n,Xt)",0.009511883271246692,1.0698351857479779e-05
