cell,nuclide,score,mean,std. dev.
60,Li6,"(n,Xt)",1.1162548533672976,0.0010360017425042382
60,Li7,"(n,Xt)",0.010110071986519661,2.8413577426090687e-05
57,Li6,"(n,Xt)",0.3075951467604701,0.0006454288123136621
57,Li7,"(n,Xt)",0.004767939095413422,5.480179108122301e-06
