cell,nuclide,score,mean,std. dev.
70,Li6,"(n,Xt)",1.095147401902608,0.0006958504877879673
70,Li7,"(n,Xt)",3.983004450688224e-06,1.2067725801812883e-08
67,Li6,"(n,Xt)",0.342539421834336,0.0004903164953745644
67,Li7,"(n,Xt)",1.913417601163857e-06,2.2229579960823247e-09
