cell,nuclide,score,mean,std. dev.
40,Li6,"(n,Xt)",1.0908560851497362,0.0016002668541470033
40,Li7,"(n,Xt)",0.053011390099912736,0.00013407932225699965
37,Li6,"(n,Xt)",0.14362785644609996,0.0002668442345091076
37,Li7,"(n,Xt)",0.014464644442347985,2.184144536506087e-05
