cell,nuclide,score,mean,std. dev.
60,Li6,"(n,Xt)",1.066410752622566,0.0010913532260454913
60,Li7,"(n,Xt)",0.017142186971059962,4.9637699227925126e-05
57,Li6,"(n,Xt)",0.21847230980414234,0.00034903730888407236
57,Li7,"(n,Xt)",0.00484361576951514,7.547220544490712e-06
