cell,nuclide,score,mean,std. dev.
10,Li6,"(n,Xt)",0.2696710041776787,0.00040563503826878826
10,Li7,"(n,Xt)",0.005374417004656457,3.861627270641875e-05
6,Li6,"(n,Xt)",0.0007668933290561895,2.3595374394993556e-06
6,Li7,"(n,Xt)",0.018774915123778536,2.1651069141224918e-05
