cell,nuclide,score,mean,std. dev.
30,Li6,"(n,Xt)",1.0731678154712287,0.0009328043621943063
30,Li7,"(n,Xt)",0.004540580918573557,3.1766866600195955e-05
27,Li6,"(n,Xt)",0.286048816795873,0.00030217161413198735
27,Li7,"(n,Xt)",0.015994132691149847,1.7932102156210273e-05
