cell,nuclide,score,mean,std. dev.
40,Li6,"(n,Xt)",1.0572118291896164,0.0011297262145049925
40,Li7,"(n,Xt)",0.003976515931191475,2.920218554466675e-05
37,Li6,"(n,Xt)",0.36588042875710836,0.0006693994205552559
37,Li7,"(n,Xt)",0.014131767263271453,1.4157824017022734e-05
