cell,nuclide,score,mean,std. dev.
50,Li6,"(n,Xt)",1.0097517287936428,0.0013584016487260436
50,Li7,"(n,Xt)",0.0026117019955805973,1.9609402403862332e-05
47,Li6,"(n,Xt)",0.48751257047204105,0.0004396140077930466
47,Li7,"(n,Xt)",0.009453609325205331,9.50436722362837e-06
