cell,nuclide,score,mean,std. dev.
20,Li6,"(n,Xt)",1.0758300427916236,0.0014398486247175113
20,Li7,"(n,Xt)",0.004950882101172127,3.595547575520691e-05
17,Li6,"(n,Xt)",0.19620781673682372,0.00020699369447602035
17,Li7,"(n,Xt)",0.017387717747869364,2.024925514750968e-05
