cell,nuclide,score,mean,std. dev.
70,Li6,"(n,Xt)",0.9436507145185791,0.0006607442250359103
70,Li7,"(n,Xt)",5.065517621607714e-07,3.773641701039826e-09
67,Li6,"(n,Xt)",0.6205221733265758,0.00046263650675079643
67,Li7,"(n,Xt)",1.9035064514318668e-06,1.981838198499049e-09
