cell,nuclide,score,mean,std. dev.
10,Li6,"(n,Xt)",0.846653018218173,0.0011325818085086363
10,Li7,"(n,Xt)",0.039526245430689826,0.00010556034079458338
6,Li6,"(n,Xt)",0.4302098385572471,0.0008866886022660538
6,Li7,"(n,Xt)",0.020720714487107408,2.6106909006576486e-05
