cell,nuclide,score,mean,std. dev.
30,Li6,"(n,Xt)",0.8505934874203225,0.0011545050279931246
30,Li7,"(n,Xt)",0.03833019690485716,9.760456854044729e-05
27,Li6,"(n,Xt)",0.4294203654594774,0.000954081908236172
27,Li7,"(n,Xt)",0.020269585349871673,2.4991084616182918e-05
