cell,nuclide,score,mean,std. dev.
40,Li6,"(n,Xt)",0.850704736697239,0.001042280008354123
40,Li7,"(n,Xt)",0.03766189416943083,9.523423681880718e-05
37,Li6,"(n,Xt)",0.42844362796548846,0.0008083822613906115
37,Li7,"(n,Xt)",0.020021492974020793,2.551667656300266e-05
