cell,nuclide,score,mean,std. dev.
50,Li6,"(n,Xt)",0.8524439134327857,0.0011953674418814157
50,Li7,"(n,Xt)",0.03691594326380328,9.817166230635709e-05
47,Li6,"(n,Xt)",0.4282900095782819,0.0007678357659294852
47,Li7,"(n,Xt)",0.019746158058122666,2.704120899477554e-05
