cell,nuclide,score,mean,std. dev.
70,Li6,"(n,Xt)",0.8522209095512533,0.0011033696527322022
70,Li7,"(n,Xt)",0.03521592811068419,8.765742306441978e-05
67,Li6,"(n,Xt)",0.42795043977667213,0.0006180554520518374
67,Li7,"(n,Xt)",0.01910700076507097,2.2819438761538518e-05
