cell,nuclide,score,mean,std. dev.
80,Li6,"(n,Xt)",0.856143566430753,0.0016109970563782062
80,Li7,"(n,Xt)",0.034228093844806406,8.416472034820657e-05
77,Li6,"(n,Xt)",0.42695589465795303,0.0004429233408644739
77,Li7,"(n,Xt)",0.018738174602788454,2.5268862037342593e-05
