cell,nuclide,score,mean,std. dev.
90,Li6,"(n,Xt)",0.8558964024460082,0.0009179633804284915
90,Li7,"(n,Xt)",0.0332093533324299,6.361531160908282e-05
87,Li6,"(n,Xt)",0.42509224538982104,0.00046092400682280256
87,Li7,"(n,Xt)",0.018330057351328054,2.5812934209710065e-05
