cell,nuclide,score,mean,std. dev.
110,Li6,"(n,Xt)",0.8548191845267918,0.0006842250779206808
110,Li7,"(n,Xt)",0.030635868855094218,5.759189292847275e-05
107,Li6,"(n,Xt)",0.4249507354877212,0.0006031308529208363
107,Li7,"(n,Xt)",0.01731397468745191,2.0162303254295062e-05
