cell,nuclide,score,mean,std. dev.
20,Li6,"(n,Xt)",0.8483576061401935,0.0011102918234031243
20,Li7,"(n,Xt)",0.03897129982648516,0.00011776138974560687
17,Li6,"(n,Xt)",0.4296331568406903,0.0005733684513932664
17,Li7,"(n,Xt)",0.020518749793803255,2.6092166346316177e-05
