cell,nuclide,score,mean,std. dev.
120,Li6,"(n,Xt)",0.8574904234562165,0.0010447227274735273
120,Li7,"(n,Xt)",0.029213861518174178,4.17234044107397e-05
117,Li6,"(n,Xt)",0.42372110024362797,0.0008465691433530385
117,Li7,"(n,Xt)",0.01670907004647273,2.168175444098344e-05
