cell,nuclide,score,mean,std. dev.
140,Li6,"(n,Xt)",0.8597233963100661,0.001100765625167957
140,Li7,"(n,Xt)",0.025644863024765718,4.3588026487813526e-05
137,Li6,"(n,Xt)",0.4181943156863525,0.0005575857626507046
137,Li7,"(n,Xt)",0.015209433133061983,1.8176669112794265e-05
