cell,nuclide,score,mean,std. dev.
150,Li6,"(n,Xt)",0.858268485174394,0.000780086311116842
150,Li7,"(n,Xt)",0.023567398637374486,3.937262853904002e-05
147,Li6,"(n,Xt)",0.4149386625214892,0.0007653527774266468
147,Li7,"(n,Xt)",0.014248026423757679,1.7281892700382216e-05
