cell,nuclide,score,mean,std. dev.
160,Li6,"(n,Xt)",0.8567875578433723,0.0007845621755271929
160,Li7,"(n,Xt)",0.021089309291194167,4.139969980976757e-05
157,Li6,"(n,Xt)",0.41103298466080035,0.0006302448896132836
157,Li7,"(n,Xt)",0.013070087620949236,1.9388174338010606e-05
