cell,nuclide,score,mean,std. dev.
170,Li6,"(n,Xt)",0.8492685171652438,0.0013800046885319892
170,Li7,"(n,Xt)",0.018213414992679457,3.170324358824395e-05
167,Li6,"(n,Xt)",0.40400601666829583,0.0005404181142046908
167,Li7,"(n,Xt)",0.01164239177729678,1.618369159398211e-05
