cell,nuclide,score,mean,std. dev.
180,Li6,"(n,Xt)",0.8392683843980023,0.0013000007446908454
180,Li7,"(n,Xt)",0.01477707906718571,2.9489345670556254e-05
177,Li6,"(n,Xt)",0.39196466785963463,0.0007680061412334155
177,Li7,"(n,Xt)",0.00984356390576594,1.2316964549152862e-05
