cell,nuclide,score,mean,std. dev.
190,Li6,"(n,Xt)",0.8106573894731003,0.0009690007279470464
190,Li7,"(n,Xt)",0.010711274780743471,2.9336142277495458e-05
187,Li6,"(n,Xt)",0.37186178207082554,0.0006136087117097573
187,Li7,"(n,Xt)",0.007512367191169905,1.1904726538357329e-05
