cell,nuclide,score,mean,std. dev.
30,Li6,"(n,Xt)",1.026487479499991,0.0011269470236471275
30,Li7,"(n,Xt)",0.07578817554694654,0.00017008894508890486
27,Li6,"(n,Xt)",0.10616611301008012,0.0001912399343208432
27,Li7,"(n,Xt)",0.01761814226804636,2.632500016186437e-05
