cell,nuclide,score,mean,std. dev.
40,Li6,"(n,Xt)",1.0299913286052473,0.0010521678586370626
40,Li7,"(n,Xt)",0.06644734502912056,0.0001466210010393593
37,Li6,"(n,Xt)",0.1296094478552907,0.00019322329908921503
37,Li7,"(n,Xt)",0.015558757872046905,2.0352339424051654e-05
