cell,nuclide,score,mean,std. dev.
20,Li6,"(n,Xt)",1.0093068714140343,0.0010333100497240733
20,Li7,"(n,Xt)",0.08293353288835632,0.00019646017553211486
17,Li6,"(n,Xt)",0.07967263300177295,0.00012846678789162403
17,Li7,"(n,Xt)",0.0191584173562075,2.8850007931229983e-05
