cell,nuclide,score,mean,std. dev.
10,Li6,"(n,Xt)",0.2590931622866004,0.00034904999115300433
10,Li7,"(n,Xt)",0.004290680246091789,2.7655800483629545e-05
6,Li6,"(n,Xt)",0.0007703690338269774,1.8387785303293503e-06
6,Li7,"(n,Xt)",0.01877868944726394,2.005001524034644e-05
