cell,nuclide,score,mean,std. dev.
30,Li6,"(n,Xt)",1.0496601730581347,0.0004024236147042382
30,Li7,"(n,Xt)",0.0036150035730165946,2.5545395310635514e-05
27,Li6,"(n,Xt)",0.2996802556830556,0.00043455227132513174
27,Li7,"(n,Xt)",0.015994760199396794,1.682694686575965e-05
