cell,nuclide,score,mean,std. dev.
40,Li6,"(n,Xt)",1.0309701410452912,0.0011429998326062973
40,Li7,"(n,Xt)",0.0031654781390523744,2.4042123653280684e-05
37,Li6,"(n,Xt)",0.38155123057852347,0.00042152527539052154
37,Li7,"(n,Xt)",0.014133401052036833,1.5555003017520156e-05
