cell,nuclide,score,mean,std. dev.
50,Li6,"(n,Xt)",0.9843227847091146,0.001311835554143726
50,Li7,"(n,Xt)",0.0020845274839041633,1.6346414103337066e-05
47,Li6,"(n,Xt)",0.5077797358123555,0.0006326336261002017
47,Li7,"(n,Xt)",0.009452082698520414,9.728818086904676e-06
