cell,nuclide,score,mean,std. dev.
20,Li6,"(n,Xt)",1.0535005067291996,0.000982288719535837
20,Li7,"(n,Xt)",0.003946377204016681,2.6355935029514004e-05
17,Li6,"(n,Xt)",0.2049163888528054,0.00029271218761740765
17,Li7,"(n,Xt)",0.017388016566738423,1.9348594661169904e-05
