cell,nuclide,score,mean,std. dev.
60,Li6,"(n,Xt)",0.948562316133251,0.0011398931328751491
60,Li7,"(n,Xt)",0.0010313616897134053,8.130562977233406e-06
57,Li6,"(n,Xt)",0.587105093447503,0.0010378263327996777
57,Li7,"(n,Xt)",0.004741287090502315,5.042324966488314e-06
