cell,nuclide,score,mean,std. dev.
70,Li6,"(n,Xt)",0.9178542210916806,0.0011349873254674992
70,Li7,"(n,Xt)",4.0635225219325554e-07,3.3311733039946086e-09
67,Li6,"(n,Xt)",0.6430355903432134,0.0007329916091858737
67,Li7,"(n,Xt)",1.9035651114047888e-06,2.0586206185961144e-09
