cell,nuclide,score,mean,std. dev.
6,Li6,"(n,Xt)",0.09055879314532023,0.00017554622162939092
6,Li7,"(n,Xt)",0.018920433779035274,2.7497594771169264e-05
10,Li6,"(n,Xt)",1.0235838544513212,0.001523155506592241
10,Li7,"(n,Xt)",0.06760071545888988,9.701479727838372e-05
13,Li6,"(n,Xt)",0.03971820341071514,0.00023623647694666694
13,Li7,"(n,Xt)",0.0009107100072301217,1.937884957757579e-05
