cell,nuclide,score,mean,std. dev.
46,Li6,"(n,Xt)",0.08987887589380855,0.00015568915884065992
46,Li7,"(n,Xt)",0.018273785520012915,2.8623221680236542e-05
49,Li6,"(n,Xt)",1.0350070261555167,0.0012513483906024616
49,Li7,"(n,Xt)",0.06419583211337712,0.00010876136922582356
52,Li6,"(n,Xt)",0.040137337134867765,0.00018810103733287803
52,Li7,"(n,Xt)",0.0008221271512501042,1.485407839579762e-05
