cell,nuclide,score,mean,std. dev.
59,Li6,"(n,Xt)",0.0897824069958066,0.00019890173074631423
59,Li7,"(n,Xt)",0.018026533284129547,2.4867793321193796e-05
62,Li6,"(n,Xt)",1.0389341866374675,0.001584752527527545
62,Li7,"(n,Xt)",0.06286756570121191,9.548234785920786e-05
65,Li6,"(n,Xt)",0.04113980747691449,0.00025792396185607235
65,Li7,"(n,Xt)",0.0007804128876688196,1.5133491555225017e-05
