cell,nuclide,score,mean,std. dev.
72,Li6,"(n,Xt)",0.09005906307174036,0.0002053607998611011
72,Li7,"(n,Xt)",0.017745441857735557,2.4736237217137746e-05
75,Li6,"(n,Xt)",1.0420759059629412,0.0017859549723678303
75,Li7,"(n,Xt)",0.061392716971825856,0.00012021430562400857
78,Li6,"(n,Xt)",0.04218577265013735,0.0002141571673767832
78,Li7,"(n,Xt)",0.0007558800501545773,1.616292599523239e-05
