cell,nuclide,score,mean,std. dev.
85,Li6,"(n,Xt)",0.08921078954733438,0.0001371041097464334
85,Li7,"(n,Xt)",0.017424739095236164,2.1076034149813415e-05
88,Li6,"(n,Xt)",1.0471011292355539,0.0010452005155403938
88,Li7,"(n,Xt)",0.05983958739934854,0.00010979930095481311
91,Li6,"(n,Xt)",0.04279896297490095,0.0002244277096600283
91,Li7,"(n,Xt)",0.0007322469356133158,1.4140252212484923e-05
