cell,nuclide,score,mean,std. dev.
98,Li6,"(n,Xt)",0.08897776773837243,0.00013400183967151246
98,Li7,"(n,Xt)",0.017087147941137113,2.0734147230263485e-05
101,Li6,"(n,Xt)",1.052355259793234,0.0010921358941224037
101,Li7,"(n,Xt)",0.05811145100241061,0.00011331487945335083
104,Li6,"(n,Xt)",0.043343369002609905,0.0003500707571986281
104,Li7,"(n,Xt)",0.0006913412601011361,1.0193285933603118e-05
