cell,nuclide,score,mean,std. dev.
111,Li6,"(n,Xt)",0.08877451139037303,0.00021843300102658756
111,Li7,"(n,Xt)",0.016702263295770035,1.783389728754839e-05
114,Li6,"(n,Xt)",1.0575186241524457,0.0005127593492555835
114,Li7,"(n,Xt)",0.05619903766611737,0.00010537281160804793
117,Li6,"(n,Xt)",0.04440290616108877,0.0002271684600554526
117,Li7,"(n,Xt)",0.0006516671544915122,8.9160416089596e-06
