cell,nuclide,score,mean,std. dev.
124,Li6,"(n,Xt)",0.08800157816767526,0.00018050648064125725
124,Li7,"(n,Xt)",0.01627620073175497,1.718236080094171e-05
127,Li6,"(n,Xt)",1.0647188191360066,0.0012781317269828273
127,Li7,"(n,Xt)",0.05410673805330072,0.00012076055657691749
130,Li6,"(n,Xt)",0.04553250620665317,0.00027867186957857346
130,Li7,"(n,Xt)",0.0006043693576928402,9.792366783258242e-06
