cell,nuclide,score,mean,std. dev.
137,Li6,"(n,Xt)",0.08732693185168697,0.00022995922477617647
137,Li7,"(n,Xt)",0.015774241541459334,1.579008007081452e-05
140,Li6,"(n,Xt)",1.070534104031927,0.0014119904481248524
140,Li7,"(n,Xt)",0.05176163554891844,0.00010557498656325291
143,Li6,"(n,Xt)",0.04669479748516751,0.0002982144159495633
143,Li7,"(n,Xt)",0.0005647502747078668,9.271378693060391e-06
