cell,nuclide,score,mean,std. dev.
20,Li6,"(n,Xt)",0.09051463662373484,0.00017295437295049138
20,Li7,"(n,Xt)",0.018718025888463757,2.5410104068744544e-05
23,Li6,"(n,Xt)",1.026545643153611,0.0011157911407783394
23,Li7,"(n,Xt)",0.06650208626311103,9.924330216177235e-05
26,Li6,"(n,Xt)",0.04024141148886095,0.00018991626007882893
26,Li7,"(n,Xt)",0.0008913651623028337,1.9615569556972072e-05
