cell,nuclide,score,mean,std. dev.
150,Li6,"(n,Xt)",0.08718740522139358,0.00018922748310915027
150,Li7,"(n,Xt)",0.015216934185884134,1.752204537963541e-05
153,Li6,"(n,Xt)",1.0766870574324998,0.0014578377985069418
153,Li7,"(n,Xt)",0.0491281106462677,0.00010448093820094094
156,Li6,"(n,Xt)",0.04848008601964034,0.0003101700360249336
156,Li7,"(n,Xt)",0.0005253811969088706,1.2425145884266517e-05
