cell,nuclide,score,mean,std. dev.
163,Li6,"(n,Xt)",0.08582212263511468,0.00024207336644293815
163,Li7,"(n,Xt)",0.014578315468936866,1.780237440887895e-05
166,Li6,"(n,Xt)",1.084743184859605,0.0009490648038608959
166,Li7,"(n,Xt)",0.04618887781203734,0.00010006399430351518
169,Li6,"(n,Xt)",0.05117897572203435,0.0003481106556409391
169,Li7,"(n,Xt)",0.00047417616266020094,1.3412288853159044e-05
