cell,nuclide,score,mean,std. dev.
176,Li6,"(n,Xt)",0.08447840767716949,0.00018878095796710304
176,Li7,"(n,Xt)",0.01382843905133586,1.4030468911353539e-05
179,Li6,"(n,Xt)",1.0930526907648015,0.0012883976228576118
179,Li7,"(n,Xt)",0.04293697526956832,8.01802224399235e-05
182,Li6,"(n,Xt)",0.053907969619140794,0.00021942745464737241
182,Li7,"(n,Xt)",0.00041048121945573123,6.784868216547286e-06
