cell,nuclide,score,mean,std. dev.
189,Li6,"(n,Xt)",0.08260630032086103,0.00012623293520976656
189,Li7,"(n,Xt)",0.012932714169818551,1.3803664575062634e-05
192,Li6,"(n,Xt)",1.0998792495798404,0.0016026454582618358
192,Li7,"(n,Xt)",0.03918721694415036,8.639161496092271e-05
195,Li6,"(n,Xt)",0.05778580765828788,0.00036732789983120095
195,Li7,"(n,Xt)",0.0003556622169847086,5.931192207603742e-06
