cell,nuclide,score,mean,std. dev.
202,Li6,"(n,Xt)",0.08015372408478169,0.00013065350655617545
202,Li7,"(n,Xt)",0.011857783641862418,1.3184389846711124e-05
205,Li6,"(n,Xt)",1.1060870748049627,0.0006234764409021805
205,Li7,"(n,Xt)",0.03491816145855485,8.254984213608771e-05
208,Li6,"(n,Xt)",0.0634648397178382,0.00044121476038744907
208,Li7,"(n,Xt)",0.0002905388208074228,5.335348699776016e-06
