cell,nuclide,score,mean,std. dev.
228,Li6,"(n,Xt)",0.07135144790698873,8.580037236180637e-05
228,Li7,"(n,Xt)",0.00890793549050031,8.503986732858187e-06
231,Li6,"(n,Xt)",1.1035241816634394,0.0015834582535863625
231,Li7,"(n,Xt)",0.024213462958908853,3.555429763006692e-05
234,Li6,"(n,Xt)",0.08726405780510306,0.0003035100594119307
234,Li7,"(n,Xt)",0.00016252412320322469,3.9663410791229935e-06
