cell,nuclide,score,mean,std. dev.
241,Li6,"(n,Xt)",0.06277259494622252,0.00012966768356902197
241,Li7,"(n,Xt)",0.006802517288572764,8.017901308637392e-06
244,Li6,"(n,Xt)",1.0722636054811112,0.0013731754539770004
244,Li7,"(n,Xt)",0.017413248444199288,2.702392816382033e-05
247,Li6,"(n,Xt)",0.11500207892208225,0.0005292160219666577
247,Li7,"(n,Xt)",9.975559428616934e-05,1.7492971002147696e-06
