cell,nuclide,score,mean,std. dev.
10,Li6,"(n,Xt)",0.3145625534860293,0.000394215678089932
10,Li7,"(n,Xt)",0.08769418054634738,0.00015836875205391148
6,Li6,"(n,Xt)",0.000841402027402088,1.9182743598472415e-06
6,Li7,"(n,Xt)",0.020463640105419616,3.3607951729151006e-05
