cell,nuclide,score,mean,std. dev.
40,Li6,"(n,Xt)",1.0357577859747218,0.001186176625659517
40,Li7,"(n,Xt)",0.06460539001360444,0.00011802961515429619
37,Li6,"(n,Xt)",0.13085923597545304,0.0002146907013805926
37,Li7,"(n,Xt)",0.015387698835728084,2.6476344835572205e-05
