cell,nuclide,score,mean,std. dev.
50,Li6,"(n,Xt)",1.026322876293367,0.0014069844899285997
50,Li7,"(n,Xt)",0.042313920825633615,7.836848494310006e-05
47,Li6,"(n,Xt)",0.1695828234827123,0.0003719552306509932
47,Li7,"(n,Xt)",0.010281354386285841,1.805522457552741e-05
