cell,nuclide,score,mean,std. dev.
20,Li6,"(n,Xt)",1.0157501352416864,0.0008437772837076106
20,Li7,"(n,Xt)",0.08065927300789812,0.00014564683894651304
17,Li6,"(n,Xt)",0.08058670515434077,0.0001410278883369636
17,Li7,"(n,Xt)",0.01894252662183322,3.195981883239398e-05
