cell,nuclide,score,mean,std. dev.
30,Li6,"(n,Xt)",1.0307162492320106,0.0015953016232977903
30,Li7,"(n,Xt)",0.07397232713129312,0.00014558455815777497
27,Li6,"(n,Xt)",0.10847399823544371,0.00025391433105974786
27,Li7,"(n,Xt)",0.017592877057801732,2.708475672682505e-05
