cell,nuclide,score,mean,std. dev.
40,Li6,"(n,Xt)",1.0356527384883298,0.0010335935716630717
40,Li7,"(n,Xt)",0.06483701877165007,0.00012595466064066994
37,Li6,"(n,Xt)",0.13232322889828857,0.00018802264261934127
37,Li7,"(n,Xt)",0.01553514256556148,2.063481430768407e-05
