cell,nuclide,score,mean,std. dev.
10,Li6,"(n,Xt)",0.9918062915728134,0.0010234257979620687
10,Li7,"(n,Xt)",0.08713011478728339,0.0001140053138875307
6,Li6,"(n,Xt)",0.07719086297532872,0.00020832537718211574
6,Li7,"(n,Xt)",0.019239218040705802,2.445484784226452e-05
