cell,nuclide,score,mean,std. dev.
30,Li6,"(n,Xt)",1.00018767089269,0.0006359669594775903
30,Li7,"(n,Xt)",0.08420358604543388,0.00012117415312128409
27,Li6,"(n,Xt)",0.07728549662917818,0.00014340482732330649
27,Li7,"(n,Xt)",0.018811008279668837,2.3333927366443716e-05
