cell,nuclide,score,mean,std. dev.
40,Li6,"(n,Xt)",1.0071996948679556,0.0008558872070227796
40,Li7,"(n,Xt)",0.08257169612541512,0.00010948560485943741
37,Li6,"(n,Xt)",0.07718006683393057,0.00010754857388466205
37,Li7,"(n,Xt)",0.018572796216653278,2.3865364780887313e-05
