cell,nuclide,score,mean,std. dev.
50,Li6,"(n,Xt)",1.0138021730120141,0.0014509832562831007
50,Li7,"(n,Xt)",0.08086825205609119,0.00010078553113826148
47,Li6,"(n,Xt)",0.07746951581009022,0.00016618572461747972
47,Li7,"(n,Xt)",0.018306276831357764,1.9103901272789327e-05
