cell,nuclide,score,mean,std. dev.
60,Li6,"(n,Xt)",1.0191992582169909,0.0008963478669223058
60,Li7,"(n,Xt)",0.0789801981540352,9.730947463014964e-05
57,Li6,"(n,Xt)",0.07716088583450334,0.00018729847815057458
57,Li7,"(n,Xt)",0.018014165131572953,1.9215005428545083e-05
