cell,nuclide,score,mean,std. dev.
70,Li6,"(n,Xt)",1.0264697716525766,0.0014035791376565182
70,Li7,"(n,Xt)",0.07688766248404438,8.699557352536289e-05
67,Li6,"(n,Xt)",0.07730377179551068,0.0002264313366559455
67,Li7,"(n,Xt)",0.017694412597127156,1.6249218099678135e-05
