cell,nuclide,score,mean,std. dev.
80,Li6,"(n,Xt)",1.0365141225287016,0.001003170582376824
80,Li7,"(n,Xt)",0.07468768432754035,9.58719791579215e-05
77,Li6,"(n,Xt)",0.07733506036746433,0.00018012277909074538
77,Li7,"(n,Xt)",0.01733835892608454,1.4916253117937701e-05
