cell,nuclide,score,mean,std. dev.
90,Li6,"(n,Xt)",1.042678410151016,0.0011484949259990091
90,Li7,"(n,Xt)",0.07229193152370936,9.934201116552328e-05
87,Li6,"(n,Xt)",0.07685168470691564,0.00010728232927307415
87,Li7,"(n,Xt)",0.016948768844477276,1.5190973286834569e-05
