cell,nuclide,score,mean,std. dev.
100,Li6,"(n,Xt)",1.052422922734053,0.0010665476658822004
100,Li7,"(n,Xt)",0.06951252159940088,0.0001075012889162381
97,Li6,"(n,Xt)",0.07682872673265213,0.00014411191826670138
97,Li7,"(n,Xt)",0.016509199450535535,1.4385307173137405e-05
