cell,nuclide,score,mean,std. dev.
110,Li6,"(n,Xt)",1.0619313065891987,0.000938952375460969
110,Li7,"(n,Xt)",0.06650923531691379,9.956156704463436e-05
107,Li6,"(n,Xt)",0.07665182889851871,0.00013404347583458143
107,Li7,"(n,Xt)",0.016001005440561378,1.2546334265384813e-05
