cell,nuclide,score,mean,std. dev.
120,Li6,"(n,Xt)",1.073688630839771,0.001514346365199138
120,Li7,"(n,Xt)",0.06318406533133422,0.00011653994163587568
117,Li6,"(n,Xt)",0.07614356478214222,0.0001540994227683013
117,Li7,"(n,Xt)",0.015429972001371747,1.553010554017158e-05
