cell,nuclide,score,mean,std. dev.
140,Li6,"(n,Xt)",1.101519560255159,0.0012204731549232757
140,Li7,"(n,Xt)",0.05518476578432753,9.819257882739137e-05
137,Li6,"(n,Xt)",0.07545919749877579,0.00015348324606582323
137,Li7,"(n,Xt)",0.013998824722665809,1.1627190569429265e-05
