cell,nuclide,score,mean,std. dev.
150,Li6,"(n,Xt)",1.1157758693750215,0.0009631049625616528
150,Li7,"(n,Xt)",0.05029313168768044,8.507226381140659e-05
147,Li6,"(n,Xt)",0.07421105829062977,9.845331448723507e-05
147,Li7,"(n,Xt)",0.013088511838877381,4.7309670009079344e-06
