cell,nuclide,score,mean,std. dev.
160,Li6,"(n,Xt)",1.1305525625026553,0.001400547039765895
160,Li7,"(n,Xt)",0.044745268120703535,6.821766538088811e-05
157,Li6,"(n,Xt)",0.07264362910674063,0.0001478600675376568
157,Li7,"(n,Xt)",0.011991888517421565,7.490848775217948e-06
