cell,nuclide,score,mean,std. dev.
170,Li6,"(n,Xt)",1.1470080194513808,0.0010390850335721042
170,Li7,"(n,Xt)",0.038263749255887984,5.958316739059509e-05
167,Li6,"(n,Xt)",0.07009439498035905,0.00012814967387168283
167,Li7,"(n,Xt)",0.010654089602868264,8.383114684889356e-06
