cell,nuclide,score,mean,std. dev.
180,Li6,"(n,Xt)",1.1594736338008205,0.0012101707834352871
180,Li7,"(n,Xt)",0.030857930051150277,3.745214258596349e-05
177,Li6,"(n,Xt)",0.06612962237300496,9.251529093978892e-05
177,Li7,"(n,Xt)",0.008985372463565042,8.015774119542379e-06
