cell,nuclide,score,mean,std. dev.
190,Li6,"(n,Xt)",1.1656167770891177,0.0011810598876463335
190,Li7,"(n,Xt)",0.022129675833605315,3.408464223569309e-05
187,Li6,"(n,Xt)",0.05902197060964733,0.00012830522793111902
187,Li7,"(n,Xt)",0.006852880043414373,5.9725432492359475e-06
