cell,nuclide,score,mean,std. dev.
40,Li6,"(n,Xt)",1.0486346206121122,0.0010555462166295581
40,Li7,"(n,Xt)",0.061833811181935004,0.00015532351814613599
37,Li6,"(n,Xt)",0.13771343340632056,0.0003467641291730151
37,Li7,"(n,Xt)",0.015481861466396612,2.0499185597806405e-05
