cell,nuclide,score,mean,std. dev.
40,Li6,"(n,Xt)",1.0286715241064044,0.0009782521135215379
40,Li7,"(n,Xt)",0.06052606649347782,0.0001408031838372012
37,Li6,"(n,Xt)",0.1667505624980266,0.0003421959982915393
37,Li7,"(n,Xt)",0.015224717364450038,2.177164015020077e-05
