cell,nuclide,score,mean,std. dev.
20,Li6,"(n,Xt)",1.0081084671544684,0.0007293403832916733
20,Li7,"(n,Xt)",0.07552304853393488,0.00017679614840029426
17,Li6,"(n,Xt)",0.1041807783374262,0.00015664563447581687
17,Li7,"(n,Xt)",0.01875268970636722,3.0296891291987158e-05
