cell,nuclide,score,mean,std. dev.
30,Li6,"(n,Xt)",0.7964760561019607,0.0012107692069756248
30,Li7,"(n,Xt)",0.03307274683439998,0.00011425721687301777
27,Li6,"(n,Xt)",0.49127035438024713,0.0007737017164912913
27,Li7,"(n,Xt)",0.020303738238541057,2.3552225871305154e-05
