cell,nuclide,score,mean,std. dev.
40,Li6,"(n,Xt)",0.7978093909085306,0.001298315093986035
40,Li7,"(n,Xt)",0.03247990887476621,0.00012243715282099675
37,Li6,"(n,Xt)",0.49176963377255956,0.0008377870970520193
37,Li7,"(n,Xt)",0.020047533743536305,2.4758960573816265e-05
