cell,nuclide,score,mean,std. dev.
50,Li6,"(n,Xt)",0.7992587013823373,0.0011176279235594316
50,Li7,"(n,Xt)",0.03187156619111461,0.00012839451680911592
47,Li6,"(n,Xt)",0.49095308497114853,0.0008910616125341729
47,Li7,"(n,Xt)",0.019784885889008664,2.1540664545387564e-05
