cell,nuclide,score,mean,std. dev.
60,Li6,"(n,Xt)",0.7981866198726205,0.0009485554553713003
60,Li7,"(n,Xt)",0.03117065725653654,0.00011710820919805041
57,Li6,"(n,Xt)",0.48998768886807653,0.0009236633970769587
57,Li7,"(n,Xt)",0.019479402732988937,2.4136236615201567e-05
