cell,nuclide,score,mean,std. dev.
70,Li6,"(n,Xt)",0.7988671606412406,0.0013335603365543587
70,Li7,"(n,Xt)",0.030381949975175276,0.00010603557829762528
67,Li6,"(n,Xt)",0.4876453748175618,0.0008622945577768362
67,Li7,"(n,Xt)",0.019138576620826638,2.2025201056117013e-05
