cell,nuclide,score,mean,std. dev.
80,Li6,"(n,Xt)",0.8005521884818197,0.001042687118634627
80,Li7,"(n,Xt)",0.029537385240031938,0.0001092741124625871
77,Li6,"(n,Xt)",0.4870524153279535,0.0007027541015919194
77,Li7,"(n,Xt)",0.018778445153417433,2.217736249244509e-05
