cell,nuclide,score,mean,std. dev.
90,Li6,"(n,Xt)",0.8011429324591305,0.0007309089208390176
90,Li7,"(n,Xt)",0.02866163389077837,8.524901842896839e-05
87,Li6,"(n,Xt)",0.4864686679466674,0.0009912688114032003
87,Li7,"(n,Xt)",0.018369509829333042,2.3201751794002635e-05
