cell,nuclide,score,mean,std. dev.
100,Li6,"(n,Xt)",0.8012518928793007,0.0011492773353334355
100,Li7,"(n,Xt)",0.027625084788066794,7.277731524545719e-05
97,Li6,"(n,Xt)",0.4847844750353425,0.001014129446515277
97,Li7,"(n,Xt)",0.017883723692051927,2.191797237873631e-05
