cell,nuclide,score,mean,std. dev.
110,Li6,"(n,Xt)",0.8011739613114616,0.0010854164667517987
110,Li7,"(n,Xt)",0.026543819852590113,7.157681311157074e-05
107,Li6,"(n,Xt)",0.4829691783844529,0.0006544891141003495
107,Li7,"(n,Xt)",0.017350253805207595,1.4008651018426305e-05
