cell,nuclide,score,mean,std. dev.
120,Li6,"(n,Xt)",0.801491470649464,0.0008238564743346959
120,Li7,"(n,Xt)",0.025259295621277482,6.311734069488254e-05
117,Li6,"(n,Xt)",0.4824843713471457,0.0007039003576771745
117,Li7,"(n,Xt)",0.016742051958600537,1.8508842063019952e-05
