cell,nuclide,score,mean,std. dev.
130,Li6,"(n,Xt)",0.8023312085340496,0.00105681318991264
130,Li7,"(n,Xt)",0.023825635398084667,5.9976638924762045e-05
127,Li6,"(n,Xt)",0.48027299167620396,0.0008021460377558023
127,Li7,"(n,Xt)",0.01604112828861775,1.859202672879266e-05
