cell,nuclide,score,mean,std. dev.
140,Li6,"(n,Xt)",0.8008312896445297,0.0011647867553715382
140,Li7,"(n,Xt)",0.022236102363769522,7.065351468657467e-05
137,Li6,"(n,Xt)",0.4766579680413269,0.0010064523926815207
137,Li7,"(n,Xt)",0.015228994898323167,1.4361513245390412e-05
