cell,nuclide,score,mean,std. dev.
150,Li6,"(n,Xt)",0.7997212071942855,0.0012123473564105412
150,Li7,"(n,Xt)",0.020397778643812193,5.836939119836961e-05
147,Li6,"(n,Xt)",0.47426158392936496,0.000608214699572729
147,Li7,"(n,Xt)",0.014277382187664436,1.5238844082234188e-05
