cell,nuclide,score,mean,std. dev.
160,Li6,"(n,Xt)",0.7953603629928383,0.0010795277925394673
160,Li7,"(n,Xt)",0.01827851369398883,3.8259705911778244e-05
157,Li6,"(n,Xt)",0.46898187669314284,0.0007368223936693137
157,Li7,"(n,Xt)",0.013097332977350246,1.7812576543481564e-05
