cell,nuclide,score,mean,std. dev.
170,Li6,"(n,Xt)",0.7900889422074332,0.0012451491662056606
170,Li7,"(n,Xt)",0.01576442908091772,4.820357342162664e-05
167,Li6,"(n,Xt)",0.46097526666472266,0.0006103545659397013
167,Li7,"(n,Xt)",0.011664679840991992,1.3796552543665862e-05
