cell,nuclide,score,mean,std. dev.
180,Li6,"(n,Xt)",0.7787857604458754,0.001097627603785781
180,Li7,"(n,Xt)",0.01282330509056536,3.642893478313435e-05
177,Li6,"(n,Xt)",0.448124860553443,0.0006864453379445825
177,Li7,"(n,Xt)",0.009859852790309296,1.2336244380929728e-05
