cell,nuclide,score,mean,std. dev.
30,Li6,"(n,Xt)",0.8981960085592725,0.0008576991460660935
30,Li7,"(n,Xt)",0.044324022545387184,8.177931770197739e-05
27,Li6,"(n,Xt)",0.36491602568972137,0.0005926573697109758
27,Li7,"(n,Xt)",0.02024795886250121,2.7022898987707782e-05
