cell,nuclide,score,mean,std. dev.
40,Li6,"(n,Xt)",0.9001626230466657,0.0012093468573000745
40,Li7,"(n,Xt)",0.04350859270347536,7.115693809336638e-05
37,Li6,"(n,Xt)",0.3648650084422337,0.0006854567865708677
37,Li7,"(n,Xt)",0.01998486469163319,2.6136471455725732e-05
