cell,nuclide,score,mean,std. dev.
70,Li6,"(n,Xt)",0.9043916838811729,0.0009288082610288843
70,Li7,"(n,Xt)",0.04066875868966207,8.590057199731682e-05
67,Li6,"(n,Xt)",0.3632095854194374,0.0006637317430222773
67,Li7,"(n,Xt)",0.01907962631442441,2.4520679840411572e-05
