cell,nuclide,score,mean,std. dev.
80,Li6,"(n,Xt)",0.9048726754787058,0.0011693050988067302
80,Li7,"(n,Xt)",0.0395041202065851,6.225918883266832e-05
77,Li6,"(n,Xt)",0.3636296019604412,0.0007603660013423695
77,Li7,"(n,Xt)",0.01870645610822521,2.3847310247717464e-05
