cell,nuclide,score,mean,std. dev.
90,Li6,"(n,Xt)",0.908395534147029,0.0011653404787439028
90,Li7,"(n,Xt)",0.03829821796168779,7.607065482225804e-05
87,Li6,"(n,Xt)",0.36248378507258405,0.0005940472156822146
87,Li7,"(n,Xt)",0.018293350594088043,2.3851458352449944e-05
