cell,nuclide,score,mean,std. dev.
100,Li6,"(n,Xt)",0.9088637092421038,0.0010007126584876055
100,Li7,"(n,Xt)",0.03695202706333088,5.918494508531455e-05
97,Li6,"(n,Xt)",0.3611580607978152,0.0006212014573181849
97,Li7,"(n,Xt)",0.017825816605810438,2.47329828817399e-05
