cell,nuclide,score,mean,std. dev.
110,Li6,"(n,Xt)",0.9113281109047382,0.0011411237632422719
110,Li7,"(n,Xt)",0.03540599371463585,6.035817726473437e-05
107,Li6,"(n,Xt)",0.36056820637934306,0.0004548723616092109
107,Li7,"(n,Xt)",0.017297410121877264,2.2996435491911235e-05
