cell,nuclide,score,mean,std. dev.
20,Li6,"(n,Xt)",0.897741795181809,0.001015920423602447
20,Li7,"(n,Xt)",0.04510024030407697,8.35803684869934e-05
17,Li6,"(n,Xt)",0.3647231747187475,0.0006698731473966758
17,Li7,"(n,Xt)",0.020480215377851434,2.8954705151265996e-05
