cell,nuclide,score,mean,std. dev.
120,Li6,"(n,Xt)",0.9133264786528563,0.0011765377374841517
120,Li7,"(n,Xt)",0.03370553140745666,3.44392628589908e-05
117,Li6,"(n,Xt)",0.3594553548546441,0.0008669389376508944
117,Li7,"(n,Xt)",0.0166849183815966,2.0880684883035657e-05
