cell,nuclide,score,mean,std. dev.
130,Li6,"(n,Xt)",0.9135294843236403,0.0013236299407459074
130,Li7,"(n,Xt)",0.031735067911952276,4.860130355721961e-05
127,Li6,"(n,Xt)",0.358238564472378,0.0007859359520605956
127,Li7,"(n,Xt)",0.015991875891305803,1.9074642574430972e-05
