cell,nuclide,score,mean,std. dev.
140,Li6,"(n,Xt)",0.9139588812110666,0.0013427774939596714
140,Li7,"(n,Xt)",0.029601417169873006,4.139038667612855e-05
137,Li6,"(n,Xt)",0.3562280633627589,0.0005407028113762342
137,Li7,"(n,Xt)",0.015168415257265023,1.8556237599762056e-05
