cell,nuclide,score,mean,std. dev.
160,Li6,"(n,Xt)",0.912368061194243,0.0016767682452689073
160,Li7,"(n,Xt)",0.024246814683456498,5.156156488137893e-05
157,Li6,"(n,Xt)",0.3495754986666997,0.0007689823557325927
157,Li7,"(n,Xt)",0.013036069843189686,1.443048398027949e-05
