cell,nuclide,score,mean,std. dev.
170,Li6,"(n,Xt)",0.9096691985417765,0.0013874279403410094
170,Li7,"(n,Xt)",0.020889250007642118,4.796739332936249e-05
167,Li6,"(n,Xt)",0.34318019080088963,0.0007000716710173034
167,Li7,"(n,Xt)",0.011606748239056008,1.4926838797494737e-05
