cell,nuclide,score,mean,std. dev.
190,Li6,"(n,Xt)",0.8740644624005679,0.0010789235832655887
190,Li7,"(n,Xt)",0.01229550510593256,1.6495513235694823e-05
187,Li6,"(n,Xt)",0.3148663407439596,0.000597882811894414
187,Li7,"(n,Xt)",0.00749069572252543,1.0599084226026796e-05
