cell,nuclide,score,mean,std. dev.
40,Li6,"(n,Xt)",1.0559638917687997,0.0005048135934289205
40,Li7,"(n,Xt)",0.062137266434779195,0.00010677951659926597
37,Li6,"(n,Xt)",0.14536217685436037,0.00032585643469454866
37,Li7,"(n,Xt)",0.01809814972677475,1.9791676243368127e-05
