cell,nuclide,score,mean,std. dev.
70,Li6,"(n,Xt)",1.016891382090982,0.001107123034547709
70,Li7,"(n,Xt)",0.015501449772551436,3.0419815660979152e-05
67,Li6,"(n,Xt)",0.24246301774006634,0.0004121496105209705
67,Li7,"(n,Xt)",0.004748581742948076,4.757772570557244e-06
