cell,nuclide,score,mean,std. dev.
30,Li6,"(n,Xt)",0.9709913017114307,0.0011383007359945898
30,Li7,"(n,Xt)",0.08236049627797054,0.00017090609054222402
27,Li6,"(n,Xt)",0.14351964430432523,0.00041560424333165813
27,Li7,"(n,Xt)",0.021631622592077175,3.387270615873816e-05
