cell,nuclide,score,mean,std. dev.
40,Li6,"(n,Xt)",0.9731293955758205,0.001003642768757242
40,Li7,"(n,Xt)",0.07521884847579316,0.00016120598122166705
37,Li6,"(n,Xt)",0.1682501910455941,0.0003764082828691001
37,Li7,"(n,Xt)",0.019877300363912803,3.0902351759229475e-05
