cell,nuclide,score,mean,std. dev.
60,Li6,"(n,Xt)",0.9552043438262043,0.0014355931057098807
60,Li7,"(n,Xt)",0.04066494823348175,9.875428882918032e-05
57,Li6,"(n,Xt)",0.23688343027756836,0.0002894320434748435
57,Li7,"(n,Xt)",0.011077356598963061,1.528318107843159e-05
