enrichment,mean,std. dev.
0.01,1.1039220431299674,0.0017625914003749493
7.5,1.182918091368681,0.0014298079632118418
15.0,1.210017634561381,0.0008853268707299414
25.0,1.2286309370877324,0.0012113724756811202
50.0,1.242135212436993,0.0011583403697443346
75.0,1.239964794609929,0.0011974080081769882
99.99,1.2315186898385366,0.0014922997883705816
