cell,nuclide,score,mean,std. dev.
10,Li6,"(n,Xt)",0.9828635215922155,0.0006758237058248276
10,Li7,"(n,Xt)",0.06974230170864837,8.365648310219667e-05
6,Li6,"(n,Xt)",0.16814554499057857,0.0003924000461393477
6,Li7,"(n,Xt)",0.020204516077360866,3.0066526791894113e-05
