cell,nuclide,score,mean,std. dev.
40,Li6,"(n,Xt)",0.9893395627813449,0.000722209150479606
40,Li7,"(n,Xt)",0.06630736036972047,0.00010243462188391642
37,Li6,"(n,Xt)",0.16878358330508608,0.0002536530506144471
37,Li7,"(n,Xt)",0.019512964078148322,2.7631275943493523e-05
