cell,nuclide,score,mean,std. dev.
50,Li6,"(n,Xt)",0.9937559057610994,0.0013577853400307232
50,Li7,"(n,Xt)",0.06491321500210565,8.36889099795728e-05
47,Li6,"(n,Xt)",0.16864027926285513,0.00030055249473982305
47,Li7,"(n,Xt)",0.019242109762141725,2.6415352820325063e-05
