cell,nuclide,score,mean,std. dev.
60,Li6,"(n,Xt)",0.9979559947101236,0.001136665732439905
60,Li7,"(n,Xt)",0.0634409757568437,6.784991301088587e-05
57,Li6,"(n,Xt)",0.1684616316301723,0.0003655934547299275
57,Li7,"(n,Xt)",0.018942261941101893,2.4230801215100915e-05
