cell,nuclide,score,mean,std. dev.
70,Li6,"(n,Xt)",1.0031147068007773,0.0011310559796880424
70,Li7,"(n,Xt)",0.061819452060378935,8.475341372155325e-05
67,Li6,"(n,Xt)",0.16830292931604948,0.0003753300737523394
67,Li7,"(n,Xt)",0.01860888131054032,2.6970308214448915e-05
