cell,nuclide,score,mean,std. dev.
90,Li6,"(n,Xt)",1.0136426592575773,0.0008058763256287729
90,Li7,"(n,Xt)",0.05816318336933148,8.767154565413511e-05
87,Li6,"(n,Xt)",0.16781854408166164,0.0002002896629239221
87,Li7,"(n,Xt)",0.017841157937399897,2.7285617890188048e-05
