cell,nuclide,score,mean,std. dev.
100,Li6,"(n,Xt)",1.0206319951580762,0.0008905246487893709
100,Li7,"(n,Xt)",0.05595927281268522,9.87317867198082e-05
97,Li6,"(n,Xt)",0.16737718757025116,0.0003419217968483917
97,Li7,"(n,Xt)",0.017379243113211977,2.280503558751711e-05
