cell,nuclide,score,mean,std. dev.
110,Li6,"(n,Xt)",1.0243767491690143,0.0007871344378981244
110,Li7,"(n,Xt)",0.05359598262505992,8.025227526872981e-05
107,Li6,"(n,Xt)",0.16691070151372098,0.0002460888831710619
107,Li7,"(n,Xt)",0.016840539258055752,1.808788800644775e-05
