cell,nuclide,score,mean,std. dev.
120,Li6,"(n,Xt)",1.0314542831466829,0.0020244038759864224
120,Li7,"(n,Xt)",0.05092574566567937,6.32582240860977e-05
117,Li6,"(n,Xt)",0.16645415331526697,0.00025231562400967675
117,Li7,"(n,Xt)",0.016250029798025378,2.0245661141292754e-05
