cell,nuclide,score,mean,std. dev.
130,Li6,"(n,Xt)",1.0369760773039136,0.0008903605081083306
130,Li7,"(n,Xt)",0.04793034996361476,5.792452058625138e-05
127,Li6,"(n,Xt)",0.1657098054586153,0.0003519481686981564
127,Li7,"(n,Xt)",0.015567636328124256,2.3079608557964618e-05
