cell,nuclide,score,mean,std. dev.
140,Li6,"(n,Xt)",1.046601834677046,0.0005916758720017772
140,Li7,"(n,Xt)",0.044523993006326056,4.5614766297979024e-05
137,Li6,"(n,Xt)",0.16416627398998163,0.00020382671446503582
137,Li7,"(n,Xt)",0.014766777834500417,1.999402361091857e-05
