cell,nuclide,score,mean,std. dev.
150,Li6,"(n,Xt)",1.053044899251149,0.0012214654039767706
150,Li7,"(n,Xt)",0.04067022992539047,5.135010611987638e-05
147,Li6,"(n,Xt)",0.1630407195318589,0.0003741467160621898
147,Li7,"(n,Xt)",0.013819181836560413,1.7540449704430607e-05
