cell,nuclide,score,mean,std. dev.
160,Li6,"(n,Xt)",1.060407034559576,0.0014840723327936697
160,Li7,"(n,Xt)",0.03631850116857782,4.9591348848679226e-05
157,Li6,"(n,Xt)",0.16004075090725017,0.0004752883534718792
157,Li7,"(n,Xt)",0.012673576248527593,1.692705679843054e-05
