cell,nuclide,score,mean,std. dev.
170,Li6,"(n,Xt)",1.0641112082949749,0.0011537026580959366
170,Li7,"(n,Xt)",0.031264172368813715,3.5884375767592014e-05
167,Li6,"(n,Xt)",0.1556018030148038,0.00029524392378372057
167,Li7,"(n,Xt)",0.011268424623633371,1.569649473775065e-05
