cell,nuclide,score,mean,std. dev.
180,Li6,"(n,Xt)",1.0666111289823867,0.000844767256669702
180,Li7,"(n,Xt)",0.02524187849416156,4.3006138155145955e-05
177,Li6,"(n,Xt)",0.1498269029473127,0.00024659305374347384
177,Li7,"(n,Xt)",0.00951769245062202,1.0797409622015074e-05
