cell,nuclide,score,mean,std. dev.
190,Li6,"(n,Xt)",1.0507213730277916,0.0009359794872942698
190,Li7,"(n,Xt)",0.01820355220829158,2.62613246104103e-05
187,Li6,"(n,Xt)",0.13780615330915838,0.0002404662297968934
187,Li7,"(n,Xt)",0.0072565750899146655,1.211262224915516e-05
