cell,nuclide,score,mean,std. dev.
30,Li6,"(n,Xt)",1.1149144893268494,0.0012077742064606223
30,Li7,"(n,Xt)",0.05389168179310951,0.00012348383656783987
27,Li6,"(n,Xt)",0.12103686226161084,0.0001566752605685831
27,Li7,"(n,Xt)",0.015714654316384,1.8826729184090634e-05
