cell,nuclide,score,mean,std. dev.
40,Li6,"(n,Xt)",1.119143564154943,0.0010812712682002612
40,Li7,"(n,Xt)",0.047275713600332635,0.0001075946277034165
37,Li6,"(n,Xt)",0.14896745397857303,0.00039003509496622266
37,Li7,"(n,Xt)",0.013877200127055653,1.71580552788201e-05
