cell,nuclide,score,mean,std. dev.
50,Li6,"(n,Xt)",1.106367493551637,0.0016507403987104652
50,Li7,"(n,Xt)",0.031079865945071394,7.245351576136651e-05
47,Li6,"(n,Xt)",0.19577619906983454,0.00042513863855261766
47,Li7,"(n,Xt)",0.009279747003584273,1.2666065178168435e-05
