cell,nuclide,score,mean,std. dev.
20,Li6,"(n,Xt)",1.0935682137409366,0.0010805223635526934
20,Li7,"(n,Xt)",0.05889778213125467,0.0001360483713108514
17,Li6,"(n,Xt)",0.08912309896680488,5.415528676254509e-05
17,Li7,"(n,Xt)",0.017089156325324983,2.0029903317257716e-05
