cell,nuclide,score,mean,std. dev.
60,Li6,"(n,Xt)",1.092766812727537,0.00125070153301579
60,Li7,"(n,Xt)",0.015314181859628411,3.958017173441038e-05
57,Li6,"(n,Xt)",0.22725381397920175,0.00045574852621534903
57,Li7,"(n,Xt)",0.00465092303876268,6.501171848734368e-06
