cell,nuclide,score,mean,std. dev.
10,Li6,"(n,Xt)",0.29125424667638805,0.0006779042084964354
10,Li7,"(n,Xt)",0.08154419611610114,0.00015682657180873544
6,Li6,"(n,Xt)",0.0009063455770862028,2.579973057656117e-06
6,Li7,"(n,Xt)",0.01983815023222199,2.9230442715187484e-05
