cell,nuclide,score,mean,std. dev.
30,Li6,"(n,Xt)",1.0316779484817533,0.0016778153438366638
30,Li7,"(n,Xt)",0.06871051348316085,0.00012161271363419644
27,Li6,"(n,Xt)",0.12863301531904603,0.0002955346895558907
27,Li7,"(n,Xt)",0.01688647804666415,2.3796701786885593e-05
