cell,nuclide,score,mean,std. dev.
40,Li6,"(n,Xt)",1.0358297326549855,0.001000773915055608
40,Li7,"(n,Xt)",0.06020567563776873,0.0001246383010326177
37,Li6,"(n,Xt)",0.1557724322015826,0.0004170125473666642
37,Li7,"(n,Xt)",0.014908762208933168,2.0681450312429748e-05
