cell,nuclide,score,mean,std. dev.
20,Li6,"(n,Xt)",1.013017835490426,0.0017293121359903503
20,Li7,"(n,Xt)",0.0750867934384822,0.00015850572410439694
17,Li6,"(n,Xt)",0.09698841536289848,0.00020126573430762047
17,Li7,"(n,Xt)",0.018366158629722813,2.687236759825622e-05
