cell,nuclide,score,mean,std. dev.
60,Li6,"(n,Xt)",1.0145110234050265,0.0011010278535615182
60,Li7,"(n,Xt)",0.019453100576680274,4.280535336350326e-05
57,Li6,"(n,Xt)",0.22710217008965813,0.00029513499146321525
57,Li7,"(n,Xt)",0.004989750068219672,6.216558349413163e-06
