cell,nuclide,score,mean,std. dev.
30,Li6,"(n,Xt)",1.1863744479382563,0.0010173415934092251
30,Li7,"(n,Xt)",0.03631010114347223,8.651620813672705e-05
27,Li6,"(n,Xt)",0.11277666039686415,0.0001242132937942429
27,Li7,"(n,Xt)",0.01189822494089821,1.3228766490768177e-05
