cell,nuclide,score,mean,std. dev.
40,Li6,"(n,Xt)",1.1975937703393005,0.00108801259997515
40,Li7,"(n,Xt)",0.031947668875851896,7.838748003255173e-05
37,Li6,"(n,Xt)",0.1401267685728589,0.00016064612645799617
37,Li7,"(n,Xt)",0.010512279436307065,1.1313982272821523e-05
