cell,nuclide,score,mean,std. dev.
50,Li6,"(n,Xt)",1.1989550601065233,0.0007973910689926109
50,Li7,"(n,Xt)",0.02112449661136836,4.797020928626851e-05
47,Li6,"(n,Xt)",0.1848468045288661,0.0004276513120740229
47,Li7,"(n,Xt)",0.007034250988799763,8.184725652560401e-06
