cell,nuclide,score,mean,std. dev.
20,Li6,"(n,Xt)",1.156067511173196,0.001172434094151393
20,Li7,"(n,Xt)",0.03962604749616931,9.313213982081579e-05
17,Li6,"(n,Xt)",0.08254393447138568,0.0001337310978171475
17,Li7,"(n,Xt)",0.012936487464971927,1.3468269898296086e-05
