cell,nuclide,score,mean,std. dev.
60,Li6,"(n,Xt)",1.1884049036250663,0.001153241608471353
60,Li7,"(n,Xt)",0.01047126500787083,2.6194166048936984e-05
57,Li6,"(n,Xt)",0.21569909437571266,0.0004218299083877716
57,Li7,"(n,Xt)",0.0035311584175156466,3.840957330337941e-06
