cell,nuclide,score,mean,std. dev.
70,Li6,"(n,Xt)",1.1739115212353703,0.0015292940722357931
70,Li7,"(n,Xt)",4.159420688926302e-06,1.0013086221610507e-08
67,Li6,"(n,Xt)",0.24007414308542402,0.0003198574732525207
67,Li7,"(n,Xt)",1.4180057107088198e-06,1.5781485511887892e-09
