cell,nuclide,score,mean,std. dev.
30,Li6,"(n,Xt)",1.004865499343208,0.0009912024069469142
30,Li7,"(n,Xt)",0.07424638976254995,0.00015987771549858665
27,Li6,"(n,Xt)",0.1377909407094456,0.00028230778268196696
27,Li7,"(n,Xt)",0.018110942410112345,2.447428024914223e-05
