cell,nuclide,score,mean,std. dev.
20,Li6,"(n,Xt)",0.07723379198525744,0.00010555515208677865
20,Li7,"(n,Xt)",0.01903925182227582,2.304588505592174e-05
23,Li6,"(n,Xt)",0.9966056790713969,0.0012224241962136794
23,Li7,"(n,Xt)",0.08568643904304045,0.0001234888523562774
26,Li6,"(n,Xt)",0.000825406533182485,3.30889542284469e-05
26,Li7,"(n,Xt)",1.3803300410798368e-05,1.0855357471810167e-06
