cell,nuclide,score,mean,std. dev.
10,Li6,"(n,Xt)",0.8765549771103842,0.0006727851651845008
10,Li7,"(n,Xt)",0.09308542157999336,0.0001734705940221994
6,Li6,"(n,Xt)",0.03989564412442998,0.0001432694221226268
6,Li7,"(n,Xt)",0.022584671245043923,3.696009234601864e-05
