cell,nuclide,score,mean,std. dev.
30,Li6,"(n,Xt)",0.9874971009908308,0.0009043119605549126
30,Li7,"(n,Xt)",0.0803812540634925,0.00014644304024572058
27,Li6,"(n,Xt)",0.12718091645255017,0.0002329561561987856
27,Li7,"(n,Xt)",0.01971625885646196,3.098061117008187e-05
