cell,nuclide,score,mean,std. dev.
20,Li6,"(n,Xt)",0.9738710425634561,0.0010813640891855927
20,Li7,"(n,Xt)",0.08674130617381912,0.00015277695115273928
17,Li6,"(n,Xt)",0.09896504861918134,0.0002915554602831495
17,Li7,"(n,Xt)",0.021147847630166607,3.385388090736223e-05
