cell,nuclide,score,mean,std. dev.
60,Li6,"(n,Xt)",0.9714019642268934,0.0016791359978649081
60,Li7,"(n,Xt)",0.03175257884945416,5.1757823428079966e-05
57,Li6,"(n,Xt)",0.2196435734926332,0.00032124380353415813
57,Li7,"(n,Xt)",0.008123836526280345,9.917516011970307e-06
