cell,nuclide,score,mean,std. dev.
70,Li6,"(n,Xt)",0.9626033212220075,0.0011201621039253072
70,Li7,"(n,Xt)",0.012492167815698814,2.0349496566562427e-05
67,Li6,"(n,Xt)",0.23901908755662915,0.00036510279865368986
67,Li7,"(n,Xt)",0.003249729753197856,4.590646937489606e-06
