cell,nuclide,score,mean,std. dev.
10,Li6,"(n,Xt)",0.29689058425760073,0.00043468890931689725
10,Li7,"(n,Xt)",0.08490199024263263,0.0001731247729736994
6,Li6,"(n,Xt)",0.0008794984865232617,3.1844504949319492e-06
6,Li7,"(n,Xt)",0.020054194084454975,2.8829013241621454e-05
