cell,nuclide,score,mean,std. dev.
30,Li6,"(n,Xt)",1.0272398404029413,0.0009608790344775368
30,Li7,"(n,Xt)",0.07151181688404948,0.00014601038543994626
27,Li6,"(n,Xt)",0.1194295562877326,0.0003604326192727496
27,Li7,"(n,Xt)",0.01707093329898826,2.4660711404246185e-05
