cell,nuclide,score,mean,std. dev.
40,Li6,"(n,Xt)",1.0313790482732994,0.0011033563332985255
40,Li7,"(n,Xt)",0.06266872867140792,0.00012772507211726192
37,Li6,"(n,Xt)",0.1448175637646532,0.0003649761426797819
37,Li7,"(n,Xt)",0.015072007002732844,2.0793057947628696e-05
