cell,nuclide,score,mean,std. dev.
50,Li6,"(n,Xt)",1.0239705661301994,0.0009198920496123332
50,Li7,"(n,Xt)",0.04111466247749103,8.960166027550603e-05
47,Li6,"(n,Xt)",0.1858567770783753,0.00030755920402587356
47,Li7,"(n,Xt)",0.01006414437731567,1.401334523753376e-05
