cell,nuclide,score,mean,std. dev.
60,Li6,"(n,Xt)",1.0107867554535384,0.001511065741884107
60,Li7,"(n,Xt)",0.02021904718046956,4.5599932683783235e-05
57,Li6,"(n,Xt)",0.21376500141639848,0.00038059502336875583
57,Li7,"(n,Xt)",0.005042921966439929,6.753139849813164e-06
