cell,nuclide,score,mean,std. dev.
30,Li6,"(n,Xt)",1.1768951166715549,0.0012210207762532485
30,Li7,"(n,Xt)",0.028366445364578573,0.00010369076278080443
27,Li6,"(n,Xt)",0.17279484009183319,0.0005270678598116622
27,Li7,"(n,Xt)",0.01605056264241143,1.741701829275341e-05
