cell,nuclide,score,mean,std. dev.
40,Li6,"(n,Xt)",1.1721030049677055,0.001582565104844678
40,Li7,"(n,Xt)",0.024863843088105565,8.691707194600137e-05
37,Li6,"(n,Xt)",0.2183098280179677,0.0002704638059015452
37,Li7,"(n,Xt)",0.014181026619826814,1.508174802925637e-05
