cell,nuclide,score,mean,std. dev.
50,Li6,"(n,Xt)",1.1451752774619002,0.0007968010879663217
50,Li7,"(n,Xt)",0.016335865348679278,5.6583755478332125e-05
47,Li6,"(n,Xt)",0.2925089293103632,0.00014660822306602675
47,Li7,"(n,Xt)",0.009488417708327413,1.038757817991295e-05
