cell,nuclide,score,mean,std. dev.
20,Li6,"(n,Xt)",1.1659594031167515,0.0013801581351004584
20,Li7,"(n,Xt)",0.03101969863467762,0.00011689238118996495
17,Li6,"(n,Xt)",0.1217593016714598,0.00023232452786989974
17,Li7,"(n,Xt)",0.017451972682299127,2.070967688676607e-05
