cell,nuclide,score,mean,std. dev.
60,Li6,"(n,Xt)",1.1169861124155063,0.0009363709406107083
60,Li7,"(n,Xt)",0.008053840449023575,2.581293662673717e-05
57,Li6,"(n,Xt)",0.3429514057520347,0.0007283625002403506
57,Li7,"(n,Xt)",0.004755754348836174,5.121718391416061e-06
