cell,nuclide,score,mean,std. dev.
70,Li6,"(n,Xt)",1.0938759950273709,0.0010992776043761382
70,Li7,"(n,Xt)",3.1741357412138506e-06,1.0684212909681145e-08
67,Li6,"(n,Xt)",0.3814250778186402,0.0005846535233134116
67,Li7,"(n,Xt)",1.908926087924649e-06,2.3023074970053437e-09
