cell,nuclide,score,mean,std. dev.
10,Li6,"(n,Xt)",0.9104920980148759,0.0006434803041777797
10,Li7,"(n,Xt)",0.047997841507016914,0.00010831694606337564
6,Li6,"(n,Xt)",0.34356115351302374,0.000985285210470918
6,Li7,"(n,Xt)",0.02066052852953875,2.750372617268992e-05
