cell,nuclide,score,mean,std. dev.
30,Li6,"(n,Xt)",0.9144635215000415,0.0009984042275269674
30,Li7,"(n,Xt)",0.04654955656920201,0.00011523024956367195
27,Li6,"(n,Xt)",0.3434757314015645,0.000718736952071972
27,Li7,"(n,Xt)",0.02021142479536486,2.4180670272490626e-05
