cell,nuclide,score,mean,std. dev.
50,Li6,"(n,Xt)",0.9174761411943868,0.0010360168669542866
50,Li7,"(n,Xt)",0.04473573400829498,9.955714750221037e-05
47,Li6,"(n,Xt)",0.3430803696367769,0.0006011983637611974
47,Li7,"(n,Xt)",0.019686042490108906,2.6816135311288835e-05
