cell,nuclide,score,mean,std. dev.
60,Li6,"(n,Xt)",0.9200203018822377,0.001345187253591774
60,Li7,"(n,Xt)",0.04369572921042605,8.80444158802084e-05
57,Li6,"(n,Xt)",0.34224277777564227,0.0006729135886992429
57,Li7,"(n,Xt)",0.019392973735149994,2.5482830604832426e-05
