cell,nuclide,score,mean,std. dev.
70,Li6,"(n,Xt)",0.921685986766002,0.001134412756171229
70,Li7,"(n,Xt)",0.04270276008725816,8.159574510273181e-05
67,Li6,"(n,Xt)",0.3412643516797581,0.0007716330903721413
67,Li7,"(n,Xt)",0.019059801176457124,2.0661638651768447e-05
