cell,nuclide,score,mean,std. dev.
80,Li6,"(n,Xt)",0.9206979400234735,0.0012759695140026198
80,Li7,"(n,Xt)",0.0414176044636273,8.542074358102337e-05
77,Li6,"(n,Xt)",0.3419949124067817,0.0005421074891287187
77,Li7,"(n,Xt)",0.018687337839569964,2.4771468080691703e-05
