cell,nuclide,score,mean,std. dev.
90,Li6,"(n,Xt)",0.9237359157928784,0.0012729647414963287
90,Li7,"(n,Xt)",0.04010108213622433,9.668937414362496e-05
87,Li6,"(n,Xt)",0.34130622985270265,0.0008999812447483469
87,Li7,"(n,Xt)",0.018275225723919535,2.458640125146016e-05
