cell,nuclide,score,mean,std. dev.
100,Li6,"(n,Xt)",0.9231748981897226,0.0011399677680485915
100,Li7,"(n,Xt)",0.03875218293676586,6.229762493568244e-05
97,Li6,"(n,Xt)",0.34013824508422685,0.0006149261359292013
97,Li7,"(n,Xt)",0.017806624230819627,2.36688336177545e-05
