cell,nuclide,score,mean,std. dev.
110,Li6,"(n,Xt)",0.9270771561937787,0.0011980931345626385
110,Li7,"(n,Xt)",0.037131787827359646,6.822050699386225e-05
107,Li6,"(n,Xt)",0.3389361014276733,0.0004406879634150034
107,Li7,"(n,Xt)",0.01726566363469217,2.818860096962576e-05
