cell,nuclide,score,mean,std. dev.
20,Li6,"(n,Xt)",0.9125359270364355,0.0007902086471017992
20,Li7,"(n,Xt)",0.04730870729602611,0.00011974291662224988
17,Li6,"(n,Xt)",0.3436360132686834,0.0010266003278487919
17,Li7,"(n,Xt)",0.020446966889359368,2.4968529667716715e-05
