cell,nuclide,score,mean,std. dev.
120,Li6,"(n,Xt)",0.9283206055966261,0.0008028370603347891
120,Li7,"(n,Xt)",0.035309612527129566,5.87133595530709e-05
117,Li6,"(n,Xt)",0.3378921764127488,0.00042807882304174406
117,Li7,"(n,Xt)",0.016656521519726804,2.28427270716082e-05
