cell,nuclide,score,mean,std. dev.
140,Li6,"(n,Xt)",0.9307302711600294,0.0011376592591779353
140,Li7,"(n,Xt)",0.031030752477820826,5.850858809405102e-05
137,Li6,"(n,Xt)",0.3340950108968306,0.0003875429328592047
137,Li7,"(n,Xt)",0.01515475139308784,1.3756622370412507e-05
