cell,nuclide,score,mean,std. dev.
150,Li6,"(n,Xt)",0.931923513659837,0.0009668334174596274
150,Li7,"(n,Xt)",0.02836819315136921,5.333072351765881e-05
147,Li6,"(n,Xt)",0.33288052235745064,0.00040955844934472167
147,Li7,"(n,Xt)",0.014191713513306286,1.5235433766573803e-05
