cell,nuclide,score,mean,std. dev.
160,Li6,"(n,Xt)",0.9322895500296984,0.0011837392525962949
160,Li7,"(n,Xt)",0.02538294934403501,5.4111980190874306e-05
157,Li6,"(n,Xt)",0.32865553089531463,0.0008533071439087405
157,Li7,"(n,Xt)",0.01301340276906852,1.4584167220374659e-05
