cell,nuclide,score,mean,std. dev.
190,Li6,"(n,Xt)",0.8951064022549744,0.0009676477616160757
190,Li7,"(n,Xt)",0.012856353124502418,1.8809107150069134e-05
187,Li6,"(n,Xt)",0.2958217602867103,0.0003907164102319776
187,Li7,"(n,Xt)",0.007485783491692164,9.272053371263238e-06
