cell,nuclide,score,mean,std. dev.
30,Li6,"(n,Xt)",1.0700939789649313,0.0007859250978177322
30,Li7,"(n,Xt)",0.08569589892795622,0.00014538971879802544
27,Li6,"(n,Xt)",0.050925339122336766,0.00014386560382082577
27,Li7,"(n,Xt)",0.008928407872034558,1.1763734486822778e-05
