cell,nuclide,score,mean,std. dev.
50,Li6,"(n,Xt)",1.0884369590785028,0.0009564811132457821
50,Li7,"(n,Xt)",0.04926817986830664,8.18128998062053e-05
47,Li6,"(n,Xt)",0.08506421235228423,0.00019487552543480044
47,Li7,"(n,Xt)",0.00527311934313829,6.378882216786887e-06
