cell,nuclide,score,mean,std. dev.
60,Li6,"(n,Xt)",1.0847803543835128,0.0013058059004348607
60,Li7,"(n,Xt)",0.024265465789887596,4.4923642962132866e-05
57,Li6,"(n,Xt)",0.1010516569607968,0.00016848925212600212
57,Li7,"(n,Xt)",0.002644662131170153,3.383390027897909e-06
