cell,nuclide,score,mean,std. dev.
30,Li6,"(n,Xt)",1.0696581034229742,0.0010690864757218342
30,Li7,"(n,Xt)",0.06471620880945131,0.00013675969489390218
27,Li6,"(n,Xt)",0.12197177140478581,0.0002637701822174117
27,Li7,"(n,Xt)",0.018222924141788773,2.171398525853105e-05
