cell,nuclide,score,mean,std. dev.
40,Li6,"(n,Xt)",1.0698589621809032,0.0009161906284661343
40,Li7,"(n,Xt)",0.0573529504528746,0.00010914533794940246
37,Li6,"(n,Xt)",0.1492282601603513,0.0002828481167001556
37,Li7,"(n,Xt)",0.016281001700289892,1.872922066652264e-05
