cell,nuclide,score,mean,std. dev.
20,Li6,"(n,Xt)",1.0551076533416688,0.0007292400947121564
20,Li7,"(n,Xt)",0.07028557993703655,0.00015485845533480555
17,Li6,"(n,Xt)",0.09207947665291509,0.0001398062975923386
17,Li7,"(n,Xt)",0.019680706047976716,2.3636884615891795e-05
