cell,nuclide,score,mean,std. dev.
60,Li6,"(n,Xt)",1.042086240455935,0.001259145098556563
60,Li7,"(n,Xt)",0.022030564512483163,4.577867314488027e-05
57,Li6,"(n,Xt)",0.2267888650184488,0.00042789954470602836
57,Li7,"(n,Xt)",0.006493467082237187,6.291479392720862e-06
