cell,nuclide,score,mean,std. dev.
70,Li6,"(n,Xt)",1.0273844641240093,0.0012568598687100069
70,Li7,"(n,Xt)",0.005206075332514298,9.505561298598017e-06
67,Li6,"(n,Xt)",0.25113984996005884,0.00046784126849737053
67,Li7,"(n,Xt)",0.0015630762033560894,1.7169300436935483e-06
