cell,nuclide,score,mean,std. dev.
10,Li6,"(n,Xt)",0.9886253748368719,0.0008561161623010236
10,Li7,"(n,Xt)",0.07641102139778946,0.00015642925253190509
6,Li6,"(n,Xt)",0.12960364182690118,0.00036532625180562075
6,Li7,"(n,Xt)",0.019953902211563186,3.1022578610228654e-05
