cell,nuclide,score,mean,std. dev.
30,Li6,"(n,Xt)",0.9943760931081668,0.0008283862489391723
30,Li7,"(n,Xt)",0.07394939119035951,0.0001844431513925158
27,Li6,"(n,Xt)",0.12928086048520568,0.0002939190684657189
27,Li7,"(n,Xt)",0.01951494043377914,2.9981764712487845e-05
