cell,nuclide,score,mean,std. dev.
40,Li6,"(n,Xt)",0.9993317615975394,0.0006668793435183375
40,Li7,"(n,Xt)",0.07255271551128122,0.0001649794797341812
37,Li6,"(n,Xt)",0.12936847110005498,0.0002458903057813061
37,Li7,"(n,Xt)",0.019266977407223076,3.0462060473527486e-05
