cell,nuclide,score,mean,std. dev.
50,Li6,"(n,Xt)",1.0048068712949878,0.001576434230413152
50,Li7,"(n,Xt)",0.07101834467304648,0.0001472036817459552
47,Li6,"(n,Xt)",0.12889142510355,0.0003290660852602155
47,Li7,"(n,Xt)",0.019003768497008723,2.9337447760423486e-05
