cell,nuclide,score,mean,std. dev.
60,Li6,"(n,Xt)",1.0070036988276327,0.0018164107140217869
60,Li7,"(n,Xt)",0.06943634229875684,0.0001468100158140884
57,Li6,"(n,Xt)",0.12898773886891574,0.0002386140017651327
57,Li7,"(n,Xt)",0.018705585254004183,2.928419638822523e-05
