cell,nuclide,score,mean,std. dev.
70,Li6,"(n,Xt)",1.0158295831012611,0.0008984300293980016
70,Li7,"(n,Xt)",0.06768294647500109,0.00015394375675833417
67,Li6,"(n,Xt)",0.12889714298162952,0.0002664677160139452
67,Li7,"(n,Xt)",0.01837145224769019,2.743569848834616e-05
