cell,nuclide,score,mean,std. dev.
80,Li6,"(n,Xt)",1.0211741021217988,0.0008355362065561622
80,Li7,"(n,Xt)",0.06574820817229454,0.0001543736342602524
77,Li6,"(n,Xt)",0.12886687844360162,0.000229380023713875
77,Li7,"(n,Xt)",0.018001898767437973,2.834327162967131e-05
