cell,nuclide,score,mean,std. dev.
90,Li6,"(n,Xt)",1.026638488616801,0.0008688672749900212
90,Li7,"(n,Xt)",0.06358917839176967,0.00015851758242455295
87,Li6,"(n,Xt)",0.128897246101436,0.00021448538409776191
87,Li7,"(n,Xt)",0.017597645986550975,2.4239105152432158e-05
