cell,nuclide,score,mean,std. dev.
100,Li6,"(n,Xt)",1.0339483662907791,0.0008696425937967969
100,Li7,"(n,Xt)",0.06117274779315288,0.00014876999582342964
97,Li6,"(n,Xt)",0.1282937311630815,0.00037065213875553925
97,Li7,"(n,Xt)",0.017138182081185026,2.1079148386651944e-05
