cell,nuclide,score,mean,std. dev.
110,Li6,"(n,Xt)",1.039240748980659,0.0007563104509078721
110,Li7,"(n,Xt)",0.05850618546797087,0.00012791570641280906
107,Li6,"(n,Xt)",0.12822515122101258,0.00021627376491044223
107,Li7,"(n,Xt)",0.01661486406466612,2.0439062874970298e-05
