cell,nuclide,score,mean,std. dev.
20,Li6,"(n,Xt)",0.9913307715314618,0.0008107257051237536
20,Li7,"(n,Xt)",0.07521977492842398,0.00015158416444971515
17,Li6,"(n,Xt)",0.12951333160147874,0.0001586015160704069
17,Li7,"(n,Xt)",0.019737916750955493,3.0111222110234664e-05
