cell,nuclide,score,mean,std. dev.
120,Li6,"(n,Xt)",1.0495068367031237,0.0007011573580551772
120,Li7,"(n,Xt)",0.05561704115692858,0.00012202327639364675
117,Li6,"(n,Xt)",0.1274691574859575,0.00020508300177550943
117,Li7,"(n,Xt)",0.016019629192910716,2.161565600573714e-05
