cell,nuclide,score,mean,std. dev.
130,Li6,"(n,Xt)",1.0560192897529546,0.0011207194211674202
130,Li7,"(n,Xt)",0.05230764381898638,0.0001323476099902876
127,Li6,"(n,Xt)",0.12618453765736465,0.00017739095240599788
127,Li7,"(n,Xt)",0.015343477192349516,2.2732700091240404e-05
