cell,nuclide,score,mean,std. dev.
150,Li6,"(n,Xt)",1.0747244281526143,0.0007562984882263908
150,Li7,"(n,Xt)",0.044450731110554906,0.00010358430439678908
147,Li6,"(n,Xt)",0.1243957218119206,0.00019533584192966353
147,Li7,"(n,Xt)",0.01361995407107484,2.211201740790879e-05
