cell,nuclide,score,mean,std. dev.
160,Li6,"(n,Xt)",1.0877039328120326,0.001222256381932636
160,Li7,"(n,Xt)",0.039547930240192264,0.00010549605080931798
157,Li6,"(n,Xt)",0.12237560899338036,0.00024891172101909446
157,Li7,"(n,Xt)",0.012480002577536318,1.854871887898324e-05
