cell,nuclide,score,mean,std. dev.
170,Li6,"(n,Xt)",1.0953734942588687,0.0006951653459104807
170,Li7,"(n,Xt)",0.03398488571433192,7.340157319759349e-05
167,Li6,"(n,Xt)",0.11859339328368002,0.00023400770031940408
167,Li7,"(n,Xt)",0.011089605423618335,2.0282096099542918e-05
