cell,nuclide,score,mean,std. dev.
180,Li6,"(n,Xt)",1.0995736110349994,0.0008997921474494765
180,Li7,"(n,Xt)",0.027394724727900072,4.583558309950292e-05
177,Li6,"(n,Xt)",0.11341173782895768,0.00017188616442649567
177,Li7,"(n,Xt)",0.009362999591139565,1.38386815564097e-05
