cell,nuclide,score,mean,std. dev.
190,Li6,"(n,Xt)",1.089645933235955,0.0011208135167926207
190,Li7,"(n,Xt)",0.019708158839427878,3.791496006272724e-05
187,Li6,"(n,Xt)",0.10304656813400129,0.0001840727171507651
187,Li7,"(n,Xt)",0.00714114218870922,1.1647263982549033e-05
