cell,nuclide,score,mean,std. dev.
30,Li6,"(n,Xt)",1.0313752337385609,0.0015794706346048298
30,Li7,"(n,Xt)",0.06748792162931927,0.00015521268639059907
27,Li6,"(n,Xt)",0.13772202283487067,0.00028411860724877175
27,Li7,"(n,Xt)",0.01697210810652918,2.614962470394987e-05
