cell,nuclide,score,mean,std. dev.
40,Li6,"(n,Xt)",1.0350742375477235,0.0012808717834976488
40,Li7,"(n,Xt)",0.05916266431023318,0.00014503066004378735
37,Li6,"(n,Xt)",0.1669531741023002,0.00037963498874285756
37,Li7,"(n,Xt)",0.014984713366275465,2.1276325168654126e-05
