cell,nuclide,score,mean,std. dev.
60,Li6,"(n,Xt)",1.012613296198669,0.0011283678831709074
60,Li7,"(n,Xt)",0.019118505107208816,4.6242201382308875e-05
57,Li6,"(n,Xt)",0.24033461146258106,0.00039356238860016406
57,Li7,"(n,Xt)",0.00501425360858746,6.632261520865827e-06
