cell,nuclide,score,mean,std. dev.
70,Li6,"(n,Xt)",1.002075670528236,0.0007613324283564994
70,Li7,"(n,Xt)",7.523839899816094e-06,1.7836885560420628e-08
67,Li6,"(n,Xt)",0.2613792084624179,0.00038443397768967076
67,Li7,"(n,Xt)",2.0098326407934078e-06,2.4080592680560916e-09
