cell,nuclide,score,mean,std. dev.
6,Li6,"(n,Xt)",0.07746942072412348,0.0002000841292380919
6,Li7,"(n,Xt)",0.019239423934865753,2.3689753331698447e-05
10,Li6,"(n,Xt)",0.6726931892849701,0.000569066342768427
10,Li7,"(n,Xt)",0.06932152808391433,9.456809600802413e-05
13,Li6,"(n,Xt)",0.34391291840246463,0.0008201939457619314
13,Li7,"(n,Xt)",0.01466470963831891,5.7705957109113675e-05
