cell,nuclide,score,mean,std. dev.
10,Li6,"(n,Xt)",0.3253670934739556,0.00046941664696296834
10,Li7,"(n,Xt)",0.029989965668999374,0.00011583860740409815
6,Li6,"(n,Xt)",0.0007843311048122947,2.1073549462454064e-06
6,Li7,"(n,Xt)",0.018823394810739462,2.286451092812017e-05
