cell,nuclide,score,mean,std. dev.
30,Li6,"(n,Xt)",1.1795967673849295,0.0018823910982811373
30,Li7,"(n,Xt)",0.025262847809219807,9.547604851434358e-05
27,Li6,"(n,Xt)",0.1800258434306959,0.00023191372525728287
27,Li7,"(n,Xt)",0.016035691922169866,1.886920998935582e-05
