cell,nuclide,score,mean,std. dev.
50,Li6,"(n,Xt)",1.144579928529818,0.0010505485608610183
50,Li7,"(n,Xt)",0.014534835554587816,5.34101815597391e-05
47,Li6,"(n,Xt)",0.30719226994769927,0.0004499532146181089
47,Li7,"(n,Xt)",0.009476772933434881,1.0329994505464499e-05
