cell,nuclide,score,mean,std. dev.
20,Li6,"(n,Xt)",1.1686181252523924,0.0012030726641927406
20,Li7,"(n,Xt)",0.02763077426140149,0.00010236671969486532
17,Li6,"(n,Xt)",0.1269159319968089,0.00019465116065026675
17,Li7,"(n,Xt)",0.01743294325476621,2.0393365963244114e-05
