cell,nuclide,score,mean,std. dev.
70,Li6,"(n,Xt)",1.0929882281775583,0.0008474180960548426
70,Li7,"(n,Xt)",2.822692885305018e-06,9.932046894260254e-09
67,Li6,"(n,Xt)",0.40007293254264564,0.0004120657093426224
67,Li7,"(n,Xt)",1.907540308007862e-06,2.3523499012366383e-09
