cell,nuclide,score,mean,std. dev.
20,Li6,"(n,Xt)",0.07923066853053654,0.00013311205460311246
20,Li7,"(n,Xt)",0.019047304588924893,2.3619411260304137e-05
23,Li6,"(n,Xt)",0.39724771719493124,0.000377673332798608
23,Li7,"(n,Xt)",0.04636973308548808,4.61113161789572e-05
26,Li6,"(n,Xt)",0.6219477477147033,0.0008957823832455161
26,Li7,"(n,Xt)",0.035941156154443474,7.492746289703451e-05
