cell,nuclide,score,mean,std. dev.
50,Li6,"(n,Xt)",1.001258247009866,0.0010623030484698379
50,Li7,"(n,Xt)",0.04414321952806052,9.660020869534333e-05
47,Li6,"(n,Xt)",0.18496625412026804,0.0002366346215190363
47,Li7,"(n,Xt)",0.010573915040012597,1.2863573875022524e-05
