cell,nuclide,score,mean,std. dev.
30,Li6,"(n,Xt)",1.0222281939669555,0.0012207521046928415
30,Li7,"(n,Xt)",0.07736496660970034,0.00017583392705109834
27,Li6,"(n,Xt)",0.11043932020585748,0.0001948014630105392
27,Li7,"(n,Xt)",0.0200020482508304,2.9163032186860868e-05
