cell,nuclide,score,mean,std. dev.
40,Li6,"(n,Xt)",1.0247854573095925,0.0010133072649941878
40,Li7,"(n,Xt)",0.06999182065425912,0.00015133577114927372
37,Li6,"(n,Xt)",0.13237210852639641,0.00026553639167430966
37,Li7,"(n,Xt)",0.018228200555626288,2.4002863265728102e-05
