cell,nuclide,score,mean,std. dev.
70,Li6,"(n,Xt)",0.9925318518024604,0.001399098267999271
70,Li7,"(n,Xt)",0.017446267258245333,3.9870629021149515e-05
67,Li6,"(n,Xt)",0.2180095486564299,0.00035693790423481
67,Li7,"(n,Xt)",0.004779135832736434,5.970257191770246e-06
