cell,nuclide,score,mean,std. dev.
6,Li6,"(n,Xt)",0.07713608081213859,0.00017968709106957063
6,Li7,"(n,Xt)",0.0192420556210648,2.3570863504754713e-05
10,Li6,"(n,Xt)",0.9890201092741797,0.000996137623851691
10,Li7,"(n,Xt)",0.08705669149969338,0.00012293511805177668
13,Li6,"(n,Xt)",0.0007967137129954143,3.663664507059051e-05
13,Li7,"(n,Xt)",1.43790802195409e-05,1.5178279448762757e-06
