cell,nuclide,score,mean,std. dev.
10,Li6,"(n,Xt)",1.0475205264170189,0.0011980963789230306
10,Li7,"(n,Xt)",0.07288176258410177,0.00017309305376101547
6,Li6,"(n,Xt)",0.08752272988125936,0.00021563156835659766
6,Li7,"(n,Xt)",0.018991594419969456,3.0242521101957676e-05
