cell,nuclide,score,mean,std. dev.
30,Li6,"(n,Xt)",1.0549670316358115,0.0014718831875173894
30,Li7,"(n,Xt)",0.0704716056612151,0.000193155085243828
27,Li6,"(n,Xt)",0.08708460181431463,0.00018981177712533003
27,Li7,"(n,Xt)",0.01857129982248011,2.8556194828858313e-05
