cell,nuclide,score,mean,std. dev.
50,Li6,"(n,Xt)",1.0627467637655528,0.0007990378178091839
50,Li7,"(n,Xt)",0.06763974276414216,0.00015226015988278313
47,Li6,"(n,Xt)",0.08693540142897929,0.00015782137560417146
47,Li7,"(n,Xt)",0.01809115749163038,2.8568297725424133e-05
