cell,nuclide,score,mean,std. dev.
60,Li6,"(n,Xt)",1.069681741119548,0.0013921237622963347
60,Li7,"(n,Xt)",0.06610834568466412,0.00017694002494080476
57,Li6,"(n,Xt)",0.08673696984857054,0.00023470515832701828
57,Li7,"(n,Xt)",0.017809837907614142,2.8768170912380585e-05
