cell,nuclide,score,mean,std. dev.
70,Li6,"(n,Xt)",1.075720381717958,0.0013415698534161617
70,Li7,"(n,Xt)",0.06441854677620454,0.00016758777434104955
67,Li6,"(n,Xt)",0.08674544462020148,0.00025825415751000767
67,Li7,"(n,Xt)",0.017490764627178905,2.5975851067983036e-05
