cell,nuclide,score,mean,std. dev.
80,Li6,"(n,Xt)",1.0803299471248342,0.0019908327260362967
80,Li7,"(n,Xt)",0.06254522198829962,0.0001693751168518022
77,Li6,"(n,Xt)",0.08615437591699207,0.00022616373778481754
77,Li7,"(n,Xt)",0.017145986394144712,2.5379999996580275e-05
