cell,nuclide,score,mean,std. dev.
90,Li6,"(n,Xt)",1.0879970937198729,0.0013824366081123301
90,Li7,"(n,Xt)",0.06049055297903174,0.00015887515189157953
87,Li6,"(n,Xt)",0.08558580895031995,0.00018969325511827126
87,Li7,"(n,Xt)",0.016752507591770983,2.2173319365737536e-05
