cell,nuclide,score,mean,std. dev.
100,Li6,"(n,Xt)",1.0940915187511808,0.0007409793578053132
100,Li7,"(n,Xt)",0.058191176401137946,0.00016990888574860264
97,Li6,"(n,Xt)",0.08522726619651455,0.00018962198099085043
97,Li7,"(n,Xt)",0.01631855493076308,2.2502179492056508e-05
