cell,nuclide,score,mean,std. dev.
110,Li6,"(n,Xt)",1.102987735369722,0.001482933821196453
110,Li7,"(n,Xt)",0.055637398890253355,0.00015802520980760172
107,Li6,"(n,Xt)",0.08499261710274514,0.0001892700014811717
107,Li7,"(n,Xt)",0.01581786405018986,2.0247772618745794e-05
