cell,nuclide,score,mean,std. dev.
20,Li6,"(n,Xt)",1.050050634867863,0.0012424546201631938
20,Li7,"(n,Xt)",0.07168177308192751,0.00016712438737096212
17,Li6,"(n,Xt)",0.08752226299709287,0.00022716489469890895
17,Li7,"(n,Xt)",0.018789767665261102,3.091138771218601e-05
