cell,nuclide,score,mean,std. dev.
120,Li6,"(n,Xt)",1.1147066860796104,0.0008291878757717995
120,Li7,"(n,Xt)",0.05283244754140585,0.00014920785097458135
117,Li6,"(n,Xt)",0.08427382929416123,0.00012091333631435675
117,Li7,"(n,Xt)",0.015261659412509874,2.1426975075204523e-05
