cell,nuclide,score,mean,std. dev.
130,Li6,"(n,Xt)",1.1252247274472433,0.0010269892000257276
130,Li7,"(n,Xt)",0.049637530987269904,0.00013935893152553668
127,Li6,"(n,Xt)",0.08312842629592082,0.0001889972288992729
127,Li7,"(n,Xt)",0.014615733148558333,2.3745108890743445e-05
