cell,nuclide,score,mean,std. dev.
140,Li6,"(n,Xt)",1.1380757218652753,0.0008640198722224583
140,Li7,"(n,Xt)",0.0460910091098163,0.00010760232251440775
137,Li6,"(n,Xt)",0.0822069766433509,0.00019707383026022025
137,Li7,"(n,Xt)",0.013861684327323001,1.956023840747706e-05
