cell,nuclide,score,mean,std. dev.
150,Li6,"(n,Xt)",1.1494583324527123,0.001783462122318993
150,Li7,"(n,Xt)",0.04206901794142615,0.00011253699746214086
147,Li6,"(n,Xt)",0.08051029837692142,0.00019076538372158282
147,Li7,"(n,Xt)",0.012966195596006647,1.6022011705745514e-05
