cell,nuclide,score,mean,std. dev.
160,Li6,"(n,Xt)",1.1613015637867474,0.0014227379547284505
160,Li7,"(n,Xt)",0.03744029967369366,0.00012257812071421147
157,Li6,"(n,Xt)",0.07826114708980686,0.00018797565153868748
157,Li7,"(n,Xt)",0.011885976937089825,1.5851596099989154e-05
