cell,nuclide,score,mean,std. dev.
170,Li6,"(n,Xt)",1.1718286817295331,0.0011013503346142546
170,Li7,"(n,Xt)",0.03212519817305891,7.2671972256568e-05
167,Li6,"(n,Xt)",0.07492934003862095,0.0001544736201655528
167,Li7,"(n,Xt)",0.01056306745501829,1.4822807234599518e-05
