cell,nuclide,score,mean,std. dev.
180,Li6,"(n,Xt)",1.181841286969269,0.0017740846284818505
180,Li7,"(n,Xt)",0.025899576710233192,4.3097942291478804e-05
177,Li6,"(n,Xt)",0.07029613911025964,0.00012776790863304124
177,Li7,"(n,Xt)",0.008924056462391656,9.630149206850667e-06
