cell,nuclide,score,mean,std. dev.
190,Li6,"(n,Xt)",1.1778354582670094,0.001435544793263272
190,Li7,"(n,Xt)",0.01858575275575045,3.583844691656548e-05
187,Li6,"(n,Xt)",0.06170423791755495,9.865842199655949e-05
187,Li7,"(n,Xt)",0.00681199265974326,8.787978721525574e-06
