cell,nuclide,score,mean,std. dev.
30,Li6,"(n,Xt)",1.0380319695171913,0.0015308082826986835
30,Li7,"(n,Xt)",0.07224225740373172,9.406732216541698e-05
27,Li6,"(n,Xt)",0.10241645649585174,0.00023286636296560498
27,Li7,"(n,Xt)",0.0165663182162736,1.5532330299992526e-05
