cell,nuclide,score,mean,std. dev.
50,Li6,"(n,Xt)",1.0372126749736257,0.0009228723510958893
50,Li7,"(n,Xt)",0.04158716074225266,5.0614216904223424e-05
47,Li6,"(n,Xt)",0.1609355240347772,0.0003175360988391796
47,Li7,"(n,Xt)",0.009771675220784133,8.786848380417274e-06
