cell,nuclide,score,mean,std. dev.
60,Li6,"(n,Xt)",1.0272330647081849,0.0014056829664390864
60,Li7,"(n,Xt)",0.02048747240972395,3.0088854665329916e-05
57,Li6,"(n,Xt)",0.18547335223719552,0.0003276875828810717
57,Li7,"(n,Xt)",0.0048953521826400285,4.6664367743199765e-06
