cell,nuclide,score,mean,std. dev.
30,Li6,"(n,Xt)",1.017025149567893,0.0012775160475654416
30,Li7,"(n,Xt)",0.07563540571488568,0.0001532451412315667
27,Li6,"(n,Xt)",0.11058894661341237,0.0001632454029260117
27,Li7,"(n,Xt)",0.01742001623596251,3.074630930203773e-05
