cell,nuclide,score,mean,std. dev.
40,Li6,"(n,Xt)",1.0192253101187352,0.0013651115688024262
40,Li7,"(n,Xt)",0.06632627253190695,0.00013509955949890054
37,Li6,"(n,Xt)",0.13433579212808827,0.0002876050612132689
37,Li7,"(n,Xt)",0.015381560681851226,2.6369593670014516e-05
