cell,nuclide,score,mean,std. dev.
20,Li6,"(n,Xt)",0.9995200528355237,0.0013527709095444108
20,Li7,"(n,Xt)",0.08275130883038544,0.00016108873407140215
17,Li6,"(n,Xt)",0.08382914664047747,0.00017065835930555711
17,Li7,"(n,Xt)",0.018940144207957484,3.331110186456363e-05
