cell,nuclide,score,mean,std. dev.
60,Li6,"(n,Xt)",1.0013831830883697,0.0013162359989684364
60,Li7,"(n,Xt)",0.021361854933357162,4.576381327555025e-05
57,Li6,"(n,Xt)",0.19855870983578747,0.00040354176848407763
57,Li7,"(n,Xt)",0.005146726189726414,8.996367672798254e-06
