cell,nuclide,score,mean,std. dev.
70,Li6,"(n,Xt)",0.9901969068086928,0.0008498355532854685
70,Li7,"(n,Xt)",8.401683975484304e-06,2.0462466435157603e-08
67,Li6,"(n,Xt)",0.21844247340099138,0.0005170271776741005
67,Li7,"(n,Xt)",2.063450830693737e-06,3.582136341979508e-09
