cell,nuclide,score,mean,std. dev.
10,Li6,"(n,Xt)",1.1603728833380855,0.0012296080849849619
10,Li7,"(n,Xt)",0.022776866828450173,0.00010315942275830326
6,Li6,"(n,Xt)",0.14338175343775486,0.00028085371542958625
6,Li7,"(n,Xt)",0.018556360143287473,2.1989048062294053e-05
