cell,nuclide,score,mean,std. dev.
30,Li6,"(n,Xt)",1.1636671247005057,0.0012854851524325126
30,Li7,"(n,Xt)",0.022016788938440335,9.770813173290031e-05
27,Li6,"(n,Xt)",0.1419679085046825,0.00025589228789515706
27,Li7,"(n,Xt)",0.01815061291983534,1.9272035800395083e-05
