cell,nuclide,score,mean,std. dev.
40,Li6,"(n,Xt)",1.1644313351702178,0.0010681844231417575
40,Li7,"(n,Xt)",0.02160642262671756,9.745762974553325e-05
37,Li6,"(n,Xt)",0.14143056887237412,0.0002821691111471004
37,Li7,"(n,Xt)",0.017928951572284062,2.2346308191778652e-05
