cell,nuclide,score,mean,std. dev.
50,Li6,"(n,Xt)",1.1654754855038996,0.0009588790255111622
50,Li7,"(n,Xt)",0.02116455100676323,9.678908745309916e-05
47,Li6,"(n,Xt)",0.14013851187062681,0.0003276638328519889
47,Li7,"(n,Xt)",0.01768683853256045,2.1165937672397225e-05
