cell,nuclide,score,mean,std. dev.
60,Li6,"(n,Xt)",1.1686157243870388,0.0008730043702197919
60,Li7,"(n,Xt)",0.02069645651727685,0.00010129561157873293
57,Li6,"(n,Xt)",0.13898570340226285,0.00023904452885639872
57,Li7,"(n,Xt)",0.017416591874614445,2.1013163934448966e-05
