cell,nuclide,score,mean,std. dev.
70,Li6,"(n,Xt)",1.173334751084038,0.0010352259331568626
70,Li7,"(n,Xt)",0.020194754021194878,9.92295576431209e-05
67,Li6,"(n,Xt)",0.13764166039540743,0.00020474753421840389
67,Li7,"(n,Xt)",0.017112799654872023,1.6584336282645975e-05
