cell,nuclide,score,mean,std. dev.
90,Li6,"(n,Xt)",1.1778350602682408,0.0015087911576181145
90,Li7,"(n,Xt)",0.018968523776985567,9.323799709844553e-05
87,Li6,"(n,Xt)",0.13457383272505255,0.0002744491154055625
87,Li7,"(n,Xt)",0.016403807026198782,1.4463268376364213e-05
