cell,nuclide,score,mean,std. dev.
100,Li6,"(n,Xt)",1.1765661148358837,0.0009055856748074266
100,Li7,"(n,Xt)",0.01824010551663343,9.30984622389443e-05
97,Li6,"(n,Xt)",0.1329951821044601,0.00025837786989827034
97,Li7,"(n,Xt)",0.0159862759246405,1.1351532585079986e-05
