cell,nuclide,score,mean,std. dev.
110,Li6,"(n,Xt)",1.1809989167215982,0.0014607593163478455
110,Li7,"(n,Xt)",0.017458179395419833,7.53049482399565e-05
107,Li6,"(n,Xt)",0.1308228461607248,0.00022777430933071933
107,Li7,"(n,Xt)",0.015505726931387308,1.3725484124837095e-05
