cell,nuclide,score,mean,std. dev.
20,Li6,"(n,Xt)",1.1628517444073392,0.0013568195324785055
20,Li7,"(n,Xt)",0.02238679473806523,0.00010305535699729588
17,Li6,"(n,Xt)",0.14285795538956236,0.0002821697266636112
17,Li7,"(n,Xt)",0.01836258612867783,2.1408493271525882e-05
