cell,nuclide,score,mean,std. dev.
120,Li6,"(n,Xt)",1.1842140241352928,0.0013711459412504028
120,Li7,"(n,Xt)",0.016574810506352032,7.039895676530781e-05
117,Li6,"(n,Xt)",0.1280596635836752,0.00015988700468288927
117,Li7,"(n,Xt)",0.014968640719832569,1.5104009608635268e-05
