cell,nuclide,score,mean,std. dev.
150,Li6,"(n,Xt)",1.195867543387529,0.0010896585194926376
150,Li7,"(n,Xt)",0.013256702595041525,4.598159422418966e-05
147,Li6,"(n,Xt)",0.11673420386033748,0.00017534487068406095
147,Li7,"(n,Xt)",0.01275902454042834,1.3524453714830735e-05
