cell,nuclide,score,mean,std. dev.
160,Li6,"(n,Xt)",1.1989152132375684,0.0010916399015416117
160,Li7,"(n,Xt)",0.011805096933121957,3.622721895838583e-05
157,Li6,"(n,Xt)",0.1111900042927217,0.00017121532490308288
157,Li7,"(n,Xt)",0.011711203095907641,1.13674873153317e-05
