cell,nuclide,score,mean,std. dev.
170,Li6,"(n,Xt)",1.2000228581982786,0.0015421474429893783
170,Li7,"(n,Xt)",0.01013864325732045,3.2479204282002154e-05
167,Li6,"(n,Xt)",0.10366219074307352,0.00016838193059816155
167,Li7,"(n,Xt)",0.01043024842608986,1.2053511042245393e-05
