cell,nuclide,score,mean,std. dev.
180,Li6,"(n,Xt)",1.1954399008387504,0.0007527130550470334
180,Li7,"(n,Xt)",0.00817723939502579,2.7255675458631955e-05
177,Li6,"(n,Xt)",0.09364744726223287,0.00013193606011947115
177,Li7,"(n,Xt)",0.008822989992136002,8.309588173957799e-06
