cell,nuclide,score,mean,std. dev.
190,Li6,"(n,Xt)",1.1810510415198503,0.0011675194951499888
190,Li7,"(n,Xt)",0.005899294507669244,1.1760641992731573e-05
187,Li6,"(n,Xt)",0.07968547260676101,0.00015268583319736115
187,Li7,"(n,Xt)",0.006746082680856476,7.023190582400716e-06
