cell,nuclide,score,mean,std. dev.
30,Li6,"(n,Xt)",1.111790714546602,0.0008616669689535603
30,Li7,"(n,Xt)",0.054481414437931974,0.00011202039288159022
27,Li6,"(n,Xt)",0.10063613863466533,0.00020901885749911666
27,Li7,"(n,Xt)",0.013583794678486713,1.131172485821148e-05
