cell,nuclide,score,mean,std. dev.
40,Li6,"(n,Xt)",1.1215208684394617,0.0009148772619954943
40,Li7,"(n,Xt)",0.04786985630445572,0.00010048063721223186
37,Li6,"(n,Xt)",0.12297648361217899,0.00023896141601486252
37,Li7,"(n,Xt)",0.011996694376826381,1.0325455108775136e-05
