cell,nuclide,score,mean,std. dev.
60,Li6,"(n,Xt)",1.113014645924547,0.001111939071962023
60,Li7,"(n,Xt)",0.015623136963919293,3.383329065518564e-05
57,Li6,"(n,Xt)",0.18429175418200888,0.0003638744841268383
57,Li7,"(n,Xt)",0.004022982129809576,4.437298049536471e-06
