cell,nuclide,score,mean,std. dev.
70,Li6,"(n,Xt)",1.1042523599422256,0.0015771744817507055
70,Li7,"(n,Xt)",6.184577906132664e-06,1.4026809092121173e-08
67,Li6,"(n,Xt)",0.20358646574625522,0.0003138600568702108
67,Li7,"(n,Xt)",1.614374680570066e-06,1.90674374944856e-09
