cell,nuclide,score,mean,std. dev.
30,Li6,"(n,Xt)",1.0075159364491557,0.0010807995263537806
30,Li7,"(n,Xt)",0.07824386611565182,0.00018326754069023489
27,Li6,"(n,Xt)",0.11084531410307115,0.00018834758995171322
27,Li7,"(n,Xt)",0.017814600620360593,2.628501726580029e-05
