cell,nuclide,score,mean,std. dev.
50,Li6,"(n,Xt)",1.002342727969788,0.001260105336624587
50,Li7,"(n,Xt)",0.04491114997932088,0.00010003362457174364
47,Li6,"(n,Xt)",0.17291189403722868,0.00029195697219848947
47,Li7,"(n,Xt)",0.010511747514301447,1.4072881410571029e-05
