cell,nuclide,score,mean,std. dev.
20,Li6,"(n,Xt)",0.9916880617476286,0.0012280894347628537
20,Li7,"(n,Xt)",0.08558362676520861,0.0002068910051308719
17,Li6,"(n,Xt)",0.0833993562586092,0.00017775271117785084
17,Li7,"(n,Xt)",0.019379172557368308,2.8489774229594496e-05
