cell,nuclide,score,mean,std. dev.
50,Li6,"(n,Xt)",0.9996839181224153,0.00137502513341203
50,Li7,"(n,Xt)",0.047759331622652564,8.907685270844026e-05
47,Li6,"(n,Xt)",0.15881354199380032,0.00040958725009775527
47,Li7,"(n,Xt)",0.011008839947351422,1.0231705404724725e-05
