cell,nuclide,score,mean,std. dev.
60,Li6,"(n,Xt)",0.9898187230037838,0.0012833428872071502
60,Li7,"(n,Xt)",0.025174809964855584,4.951764794750364e-05
57,Li6,"(n,Xt)",0.18337003197563145,0.0003738454035383235
57,Li7,"(n,Xt)",0.005908794877533027,5.542854087626864e-06
