cell,nuclide,score,mean,std. dev.
30,Li6,"(n,Xt)",1.008488682418116,0.0013871801579662343
30,Li7,"(n,Xt)",0.07684456259083912,0.00018077213769513765
27,Li6,"(n,Xt)",0.11997340817964455,0.00029606175869803536
27,Li7,"(n,Xt)",0.017921565407198463,2.4197214336129376e-05
