cell,nuclide,score,mean,std. dev.
20,Li6,"(n,Xt)",0.9916255161329696,0.0013031334316211602
20,Li7,"(n,Xt)",0.08407172804025109,0.00020601950012481455
17,Li6,"(n,Xt)",0.08991737425288031,0.00020573684772850364
17,Li7,"(n,Xt)",0.019491250727098522,2.520157920462319e-05
