cell,nuclide,score,mean,std. dev.
30,Li6,"(n,Xt)",0.9960388990574739,0.0012574524548894987
30,Li7,"(n,Xt)",0.07806331455426571,0.0001515975699677452
27,Li6,"(n,Xt)",0.12841126454651053,0.00022577002338861364
27,Li7,"(n,Xt)",0.0188732952604291,2.8562694829380405e-05
