cell,nuclide,score,mean,std. dev.
40,Li6,"(n,Xt)",1.0003328256894435,0.0014624384991891698
40,Li7,"(n,Xt)",0.06915745122993691,0.0001267597425866064
37,Li6,"(n,Xt)",0.15394542229389468,0.00032933169958483313
37,Li7,"(n,Xt)",0.016851315318053593,2.3634984056812153e-05
