cell,nuclide,score,mean,std. dev.
20,Li6,"(n,Xt)",0.9812166554364025,0.0010199035597655186
20,Li7,"(n,Xt)",0.08480111885022093,0.00016803302772322795
17,Li6,"(n,Xt)",0.09816263174742615,0.0002109631658510424
17,Li7,"(n,Xt)",0.020379060137569502,2.9744724920684172e-05
