cell,nuclide,score,mean,std. dev.
60,Li6,"(n,Xt)",0.9797592232858093,0.001279915462135008
60,Li7,"(n,Xt)",0.02658489800072255,4.493929174725211e-05
57,Li6,"(n,Xt)",0.22279750741575916,0.00028864269093438537
57,Li7,"(n,Xt)",0.00671531668800002,8.501377628243146e-06
