cell,nuclide,score,mean,std. dev.
70,Li6,"(n,Xt)",0.9674556563032141,0.0013008212106178198
70,Li7,"(n,Xt)",0.006275608815753691,1.0223626366331107e-05
67,Li6,"(n,Xt)",0.24327199156634155,0.00035555999695011765
67,Li7,"(n,Xt)",0.0016144424830785646,2.2461239569415907e-06
