cell,nuclide,score,mean,std. dev.
20,Li6,"(n,Xt)",0.07721102913568356,8.222247986115789e-05
20,Li7,"(n,Xt)",0.019038247977334437,2.3415400629466612e-05
23,Li6,"(n,Xt)",0.9922482660597106,0.0011532424447076957
23,Li7,"(n,Xt)",0.08557218141281742,0.00013100231333226957
26,Li6,"(n,Xt)",0.003590914005325124,5.289197322365102e-05
26,Li7,"(n,Xt)",6.686526293422548e-05,1.925575918455044e-06
