cell,nuclide,score,mean,std. dev.
60,Li6,"(n,Xt)",1.0022601803002356,0.0012435289333942805
60,Li7,"(n,Xt)",0.021930257132156315,5.0206568995962644e-05
57,Li6,"(n,Xt)",0.18990466248363622,0.0004068702659296424
57,Li7,"(n,Xt)",0.005221791070621615,7.383971354057771e-06
