cell,nuclide,score,mean,std. dev.
6,Li6,"(n,Xt)",0.09056441309936265,0.00016812106889708915
6,Li7,"(n,Xt)",0.018920527657469675,2.7577793767761475e-05
10,Li6,"(n,Xt)",1.0200031683066588,0.001466060756660766
10,Li7,"(n,Xt)",0.0675933571373869,9.980712549809465e-05
13,Li6,"(n,Xt)",0.04227815918918851,0.0001769202873389758
13,Li7,"(n,Xt)",0.0008823369068943323,1.937612172348166e-05
