cell,nuclide,score,mean,std. dev.
33,Li6,"(n,Xt)",0.09033888313101965,0.0002298404052787959
33,Li7,"(n,Xt)",0.018501266473937076,2.6537770878465788e-05
36,Li6,"(n,Xt)",1.0254615535710232,0.0009799233264065608
36,Li7,"(n,Xt)",0.06541224102421837,0.00010266747163010674
39,Li6,"(n,Xt)",0.04307858369583353,0.00024994161436081
39,Li7,"(n,Xt)",0.0008253161502885445,1.836498132418899e-05
