cell,nuclide,score,mean,std. dev.
46,Li6,"(n,Xt)",0.08991747503795827,0.00015612300455225222
46,Li7,"(n,Xt)",0.018275132024948668,2.8811791386347106e-05
49,Li6,"(n,Xt)",1.0305560814712176,0.0013069968997841395
49,Li7,"(n,Xt)",0.06418455365916793,0.00011356567306330636
52,Li6,"(n,Xt)",0.04286668806616887,0.00028636533753259434
52,Li7,"(n,Xt)",0.0008016048546973921,1.6025591640488052e-05
