cell,nuclide,score,mean,std. dev.
59,Li6,"(n,Xt)",0.08982958650011763,0.00018979961621835647
59,Li7,"(n,Xt)",0.01802584427475773,2.462875926967987e-05
62,Li6,"(n,Xt)",1.0355185373616032,0.0016420783768280778
62,Li7,"(n,Xt)",0.06284925130544923,9.736828487778893e-05
65,Li6,"(n,Xt)",0.04376474296643048,0.00028523830714685195
65,Li7,"(n,Xt)",0.0007645826667735248,1.903838083556615e-05
