cell,nuclide,score,mean,std. dev.
72,Li6,"(n,Xt)",0.09009484637579368,0.0002084118684474904
72,Li7,"(n,Xt)",0.01774623761530742,2.4588620429025605e-05
75,Li6,"(n,Xt)",1.0386284389578742,0.001639556289815869
75,Li7,"(n,Xt)",0.06138091266532075,0.0001234941972244724
78,Li6,"(n,Xt)",0.04443677183702109,0.00023796953403262326
78,Li7,"(n,Xt)",0.000737564204282047,1.8447343510463175e-05
