cell,nuclide,score,mean,std. dev.
85,Li6,"(n,Xt)",0.08923548140088211,0.0001293543655575916
85,Li7,"(n,Xt)",0.017424985136924243,2.0944935682267013e-05
88,Li6,"(n,Xt)",1.043652759356088,0.0010584937950701026
88,Li7,"(n,Xt)",0.05983366450624398,0.00010954640959513031
91,Li6,"(n,Xt)",0.045524884159187616,0.00030211151620312146
91,Li7,"(n,Xt)",0.0007099344404731865,1.6424471942797827e-05
