cell,nuclide,score,mean,std. dev.
98,Li6,"(n,Xt)",0.08897846250036304,0.0001326646396726586
98,Li7,"(n,Xt)",0.01708626839247925,2.0534703884242766e-05
101,Li6,"(n,Xt)",1.0485960542844561,0.0009012415254889859
101,Li7,"(n,Xt)",0.058099197252272625,0.00011490832973886999
104,Li6,"(n,Xt)",0.045862159804370854,0.00024495462241162395
104,Li7,"(n,Xt)",0.0006693589003372283,1.2620777790518558e-05
