cell,nuclide,score,mean,std. dev.
111,Li6,"(n,Xt)",0.08880231934884503,0.00021844044568831444
111,Li7,"(n,Xt)",0.01670303846728957,1.787059285616776e-05
114,Li6,"(n,Xt)",1.0535724285361276,0.0006348673854906468
114,Li7,"(n,Xt)",0.05617934812225682,0.0001084234649200785
117,Li6,"(n,Xt)",0.047602003360596425,0.0003835227506669497
117,Li7,"(n,Xt)",0.0006234101730419122,1.1951212436176605e-05
