cell,nuclide,score,mean,std. dev.
124,Li6,"(n,Xt)",0.08804742218758782,0.00018423373756629635
124,Li7,"(n,Xt)",0.016276069962701596,1.723438723663749e-05
127,Li6,"(n,Xt)",1.0606855692771195,0.0012498242771417293
127,Li7,"(n,Xt)",0.054090704194521375,0.00012045310145239151
130,Li6,"(n,Xt)",0.04879437474498417,0.00024761991890941154
130,Li7,"(n,Xt)",0.0005800507741915117,1.083485634434813e-05
