cell,nuclide,score,mean,std. dev.
137,Li6,"(n,Xt)",0.08736047789614283,0.00022256264124700842
137,Li7,"(n,Xt)",0.01577460188981655,1.5863651513945902e-05
140,Li6,"(n,Xt)",1.066237538761064,0.001468721152687327
140,Li7,"(n,Xt)",0.05173702056581533,0.00010523849660546709
143,Li6,"(n,Xt)",0.05016713403511959,0.00021223705291141987
143,Li7,"(n,Xt)",0.0005351163565226689,1.0127615607314336e-05
