cell,nuclide,score,mean,std. dev.
20,Li6,"(n,Xt)",0.09049108079813441,0.0001715883810478544
20,Li7,"(n,Xt)",0.018717259343361124,2.5442842342901083e-05
23,Li6,"(n,Xt)",1.0232246633852475,0.001094737651273475
23,Li7,"(n,Xt)",0.06650224330695652,0.00010096055853215124
26,Li6,"(n,Xt)",0.04269594767475239,0.00023171032721760307
26,Li7,"(n,Xt)",0.0008635862098425563,1.9738641645818227e-05
