cell,nuclide,score,mean,std. dev.
150,Li6,"(n,Xt)",0.08717350206514503,0.00017928594352692968
150,Li7,"(n,Xt)",0.015217559482935874,1.7482139954280363e-05
153,Li6,"(n,Xt)",1.0723799540754722,0.0014358430397682226
153,Li7,"(n,Xt)",0.049119653331811466,0.00010274296502714955
156,Li6,"(n,Xt)",0.05186603158965265,0.0004014303116341483
156,Li7,"(n,Xt)",0.0005031091844874915,1.3666211737868417e-05
