cell,nuclide,score,mean,std. dev.
163,Li6,"(n,Xt)",0.0858055983308075,0.00025226945371793384
163,Li7,"(n,Xt)",0.014577668947675875,1.772861327328069e-05
166,Li6,"(n,Xt)",1.0805303144440415,0.0008124717682565639
166,Li7,"(n,Xt)",0.04617786150709364,0.00010056514515549033
169,Li6,"(n,Xt)",0.05400158315758543,0.00027232290239373946
169,Li7,"(n,Xt)",0.00044712588694409,1.2974773630808268e-05
