cell,nuclide,score,mean,std. dev.
176,Li6,"(n,Xt)",0.08449987772352702,0.0001699112013481543
176,Li7,"(n,Xt)",0.013828822781310405,1.4032940110276536e-05
179,Li6,"(n,Xt)",1.0880890307820816,0.0012472803957591903
179,Li7,"(n,Xt)",0.042919858470854486,8.060019859976042e-05
182,Li6,"(n,Xt)",0.05738436483869615,0.00016812550599735703
182,Li7,"(n,Xt)",0.0003867937035159683,7.0022567597214224e-06
