cell,nuclide,score,mean,std. dev.
189,Li6,"(n,Xt)",0.08264672765091759,0.00012497086757217146
189,Li7,"(n,Xt)",0.012932885348290646,1.381724897768228e-05
192,Li6,"(n,Xt)",1.0945615042438432,0.0016420177978231328
192,Li7,"(n,Xt)",0.0391818396666987,8.576480635446795e-05
195,Li6,"(n,Xt)",0.06134578032961315,0.00031410272476580956
195,Li7,"(n,Xt)",0.00033611031936868816,6.572584912750106e-06
