cell,nuclide,score,mean,std. dev.
202,Li6,"(n,Xt)",0.08014962089848199,0.00013828489768275364
202,Li7,"(n,Xt)",0.011857997026156475,1.3114124813880577e-05
205,Li6,"(n,Xt)",1.1005165173207687,0.0007803559592891275
205,Li7,"(n,Xt)",0.03490918845764479,8.509474514755782e-05
208,Li6,"(n,Xt)",0.06734928498842355,0.0004893786721319371
208,Li7,"(n,Xt)",0.0002794962583065518,6.953978996152319e-06
