cell,nuclide,score,mean,std. dev.
228,Li6,"(n,Xt)",0.07143474528339616,9.041922106270447e-05
228,Li7,"(n,Xt)",0.008907724341071925,8.469475108916949e-06
231,Li6,"(n,Xt)",1.095837350324533,0.0013921843679788617
231,Li7,"(n,Xt)",0.024212921320258457,3.450492888530826e-05
234,Li6,"(n,Xt)",0.09140715027029031,0.00035539603956813925
234,Li7,"(n,Xt)",0.00015450445741770796,4.949408279864305e-06
