cell,nuclide,score,mean,std. dev.
241,Li6,"(n,Xt)",0.06291926412194696,0.00011962458403720124
241,Li7,"(n,Xt)",0.006801976665310089,8.214113494469586e-06
244,Li6,"(n,Xt)",1.0623308494916466,0.001225735769078646
244,Li7,"(n,Xt)",0.017407773468626646,2.5776875646351495e-05
247,Li6,"(n,Xt)",0.1192785573759241,0.00046762243808403227
247,Li7,"(n,Xt)",9.160774421999281e-05,2.346928044327021e-06
