cell,nuclide,score,mean,std. dev.
6,Li6,"(n,Xt)",0.09858028326748138,0.00018844228642315037
6,Li7,"(n,Xt)",0.018866849543719075,2.83334404830721e-05
10,Li6,"(n,Xt)",0.240043559337236,0.00034523333919723266
10,Li7,"(n,Xt)",0.02106060815577274,3.578813436008156e-05
13,Li6,"(n,Xt)",0.8354348776085582,0.0010723234760694955
13,Li7,"(n,Xt)",0.037055767235303017,9.460289671463359e-05
