cell,nuclide,score,mean,std. dev.
33,Li6,"(n,Xt)",0.09817916657236012,0.000258862680221811
33,Li7,"(n,Xt)",0.018450182163095675,2.6243686656454613e-05
36,Li6,"(n,Xt)",0.24013635214803636,0.0003829721140946252
36,Li7,"(n,Xt)",0.02051689003318549,3.451005144481519e-05
39,Li6,"(n,Xt)",0.8439875225936057,0.0007962177400245668
39,Li7,"(n,Xt)",0.03569023499464702,0.00010391218938869566
