cell,nuclide,score,mean,std. dev.
46,Li6,"(n,Xt)",0.09788864032213837,0.00023769402500197832
46,Li7,"(n,Xt)",0.018226448139900712,2.959384415332443e-05
49,Li6,"(n,Xt)",0.24022156171011963,0.0002277519829032358
49,Li7,"(n,Xt)",0.020213760468329005,3.901296604844352e-05
52,Li6,"(n,Xt)",0.8478249131000668,0.0007959645027568367
52,Li7,"(n,Xt)",0.03499899164812707,0.00011137741368074336
