cell,nuclide,score,mean,std. dev.
59,Li6,"(n,Xt)",0.09714364447253158,0.00013783237202920373
59,Li7,"(n,Xt)",0.01797737038914572,2.4549931826459694e-05
62,Li6,"(n,Xt)",0.2394627999443734,0.0003740876080329754
62,Li7,"(n,Xt)",0.019887711696914702,3.2733724260190205e-05
65,Li6,"(n,Xt)",0.8536301769783078,0.0008147708143691639
65,Li7,"(n,Xt)",0.0342166791985969,0.0001079474655571522
