cell,nuclide,score,mean,std. dev.
72,Li6,"(n,Xt)",0.0973286629837841,0.0001512041122998082
72,Li7,"(n,Xt)",0.017692591446294186,2.3078204087688886e-05
75,Li6,"(n,Xt)",0.23964737906035466,0.00014665999873090892
75,Li7,"(n,Xt)",0.019533765422153244,3.436045193309649e-05
78,Li6,"(n,Xt)",0.8572573397071309,0.001136030933689
78,Li7,"(n,Xt)",0.03336877780891402,0.00010448755534665243
