cell,nuclide,score,mean,std. dev.
98,Li6,"(n,Xt)",0.09639444240167053,0.00023189698659713308
98,Li7,"(n,Xt)",0.01703543052505212,1.954675645867614e-05
101,Li6,"(n,Xt)",0.23809788498462842,0.0003458191070377336
101,Li7,"(n,Xt)",0.01867887085707567,3.25450921402721e-05
104,Li6,"(n,Xt)",0.8687020956344613,0.0009948609409016265
104,Li7,"(n,Xt)",0.03139004092527078,8.868010297605059e-05
