cell,nuclide,score,mean,std. dev.
111,Li6,"(n,Xt)",0.09556247279473963,0.0001494066191641771
111,Li7,"(n,Xt)",0.016656830953607003,1.6486507420713968e-05
114,Li6,"(n,Xt)",0.23734173381952836,0.00043603978080272146
114,Li7,"(n,Xt)",0.018198641959778807,3.500580263095448e-05
117,Li6,"(n,Xt)",0.8739453060808697,0.0012448057921543765
117,Li7,"(n,Xt)",0.030233473126772503,8.933597730075491e-05
