cell,nuclide,score,mean,std. dev.
124,Li6,"(n,Xt)",0.09467354466423467,8.581130327222814e-05
124,Li7,"(n,Xt)",0.01623678097634319,1.6848629952368768e-05
127,Li6,"(n,Xt)",0.2368051297423058,0.00042726340432176204
127,Li7,"(n,Xt)",0.017673925994378448,3.3715028592912636e-05
130,Li6,"(n,Xt)",0.8804892193059374,0.000925458646003937
130,Li7,"(n,Xt)",0.02905602266098356,9.654448069744862e-05
