cell,nuclide,score,mean,std. dev.
137,Li6,"(n,Xt)",0.0940847231165641,0.00021602422487844515
137,Li7,"(n,Xt)",0.01573994863718366,1.5241362673278284e-05
140,Li6,"(n,Xt)",0.23554362926351038,0.00024685901508115756
140,Li7,"(n,Xt)",0.017062447673435056,3.6659708830995746e-05
143,Li6,"(n,Xt)",0.8859768051694926,0.001127472107240685
143,Li7,"(n,Xt)",0.02769477155613126,8.562774964344878e-05
