cell,nuclide,score,mean,std. dev.
150,Li6,"(n,Xt)",0.09303413410346348,0.00018509511487433493
150,Li7,"(n,Xt)",0.015179628419222355,1.6880402527672684e-05
153,Li6,"(n,Xt)",0.23355414994270896,0.00030017576271817575
153,Li7,"(n,Xt)",0.01635115042339396,3.147843482255719e-05
156,Li6,"(n,Xt)",0.8977177890841272,0.0011821738812338503
156,Li7,"(n,Xt)",0.026167336904223078,6.485138250104559e-05
