cell,nuclide,score,mean,std. dev.
176,Li6,"(n,Xt)",0.09002736989928675,0.0001897540144264469
176,Li7,"(n,Xt)",0.013801404884270901,1.4820529279050282e-05
179,Li6,"(n,Xt)",0.22873259315077615,0.00034388495191876346
179,Li7,"(n,Xt)",0.014677710899318606,3.5123271874882866e-05
182,Li6,"(n,Xt)",0.9184591999859408,0.0011883374273069778
182,Li7,"(n,Xt)",0.022603033939976445,5.0071027749947524e-05
