cell,nuclide,score,mean,std. dev.
189,Li6,"(n,Xt)",0.08794085218785312,0.0001535218320549644
189,Li7,"(n,Xt)",0.012908074850223855,1.484339295962385e-05
192,Li6,"(n,Xt)",0.2259798581656522,0.0004992728314870839
192,Li7,"(n,Xt)",0.013599589360218729,2.6719632877260854e-05
195,Li6,"(n,Xt)",0.9313446670727057,0.001303007498758011
195,Li7,"(n,Xt)",0.020488634713317896,6.774368651515763e-05
