cell,nuclide,score,mean,std. dev.
202,Li6,"(n,Xt)",0.0852349549715417,0.00011655915452616237
202,Li7,"(n,Xt)",0.011842934745131914,1.3995296642203937e-05
205,Li6,"(n,Xt)",0.2199040033166822,0.0003176470234787839
205,Li7,"(n,Xt)",0.012338415624497563,2.3808917044376972e-05
208,Li6,"(n,Xt)",0.9421537186765192,0.0008408437484891628
208,Li7,"(n,Xt)",0.018079803665816123,6.718845022859852e-05
