cell,nuclide,score,mean,std. dev.
215,Li6,"(n,Xt)",0.08118263779021836,0.00012988450479179702
215,Li7,"(n,Xt)",0.01053559674774844,1.2680254966654266e-05
218,Li6,"(n,Xt)",0.211953603470293,0.0001686513528743979
218,Li7,"(n,Xt)",0.010839675993809438,2.0516286251856675e-05
221,Li6,"(n,Xt)",0.9606413271707949,0.0009188850312812134
221,Li7,"(n,Xt)",0.015340681708666173,4.462738896555739e-05
