cell,nuclide,score,mean,std. dev.
228,Li6,"(n,Xt)",0.07477745105424277,8.454874357077821e-05
228,Li7,"(n,Xt)",0.008899396359969006,8.41413526370351e-06
231,Li6,"(n,Xt)",0.19920554919653422,0.00020920423196188806
231,Li7,"(n,Xt)",0.009012514414300097,1.7151673435357218e-05
234,Li6,"(n,Xt)",0.9788769884722391,0.0013306149434600437
234,Li7,"(n,Xt)",0.012186752109516742,4.694919873344891e-05
