cell,nuclide,score,mean,std. dev.
241,Li6,"(n,Xt)",0.06527421956957802,0.00010308521920431496
241,Li7,"(n,Xt)",0.006795074590726348,7.823496974920014e-06
244,Li6,"(n,Xt)",0.1779319513913437,0.0003717082845164945
244,Li7,"(n,Xt)",0.006723576403290471,1.0857202664744151e-05
247,Li6,"(n,Xt)",0.9936354474704782,0.001564002285025885
247,Li7,"(n,Xt)",0.008542076668321037,3.466355340020643e-05
