cell,nuclide,score,mean,std. dev.
6,Li6,"(n,Xt)",0.09059932151849892,0.00011138633632708597
6,Li7,"(n,Xt)",0.018922855297028418,2.6340189015400234e-05
10,Li6,"(n,Xt)",1.0561723086348966,0.0010469251804623495
10,Li7,"(n,Xt)",0.06847454059588795,0.00010939398991049769
13,Li6,"(n,Xt)",0.007102392018304417,9.043552966567463e-05
13,Li7,"(n,Xt)",0.00012826539292971583,4.36926401984401e-06
