cell,nuclide,score,mean,std. dev.
33,Li6,"(n,Xt)",0.09035159709423327,0.0003131270833456174
33,Li7,"(n,Xt)",0.018500416432151248,2.546107207621489e-05
36,Li6,"(n,Xt)",1.0602703886526619,0.0009242777390477759
36,Li7,"(n,Xt)",0.06622093034628504,0.00011962791870075201
39,Li6,"(n,Xt)",0.0073459523636180395,9.828385146675156e-05
39,Li7,"(n,Xt)",0.00011962521467584869,4.4827094191513706e-06
