cell,nuclide,score,mean,std. dev.
46,Li6,"(n,Xt)",0.08996820313050172,0.0001933343441800453
46,Li7,"(n,Xt)",0.018273283501962428,2.837435025429294e-05
49,Li6,"(n,Xt)",1.0661319195675503,0.0011532034847776288
49,Li7,"(n,Xt)",0.06498964778505653,0.00012854380855926068
52,Li6,"(n,Xt)",0.007406686460085013,8.967712020630542e-05
52,Li7,"(n,Xt)",0.0001191382642259103,4.665913975194075e-06
