cell,nuclide,score,mean,std. dev.
59,Li6,"(n,Xt)",0.08986699187019662,0.00021588427549588894
59,Li7,"(n,Xt)",0.01802312302697761,2.345523116668812e-05
62,Li6,"(n,Xt)",1.0721339976829558,0.0019316438772754353
62,Li7,"(n,Xt)",0.06359431130170466,0.00010460587853649799
65,Li6,"(n,Xt)",0.007532396697867774,0.00010338838195657078
65,Li7,"(n,Xt)",0.00011558160568171717,2.827689562850925e-06
