cell,nuclide,score,mean,std. dev.
72,Li6,"(n,Xt)",0.08994891752941203,0.00018055826178092318
72,Li7,"(n,Xt)",0.017743907558116046,2.2976027425036548e-05
75,Li6,"(n,Xt)",1.0762811713458893,0.0016034625497862896
75,Li7,"(n,Xt)",0.062115888308438685,0.00012997763357359732
78,Li6,"(n,Xt)",0.007543731442528718,0.0001281073723981971
78,Li7,"(n,Xt)",0.00011254196349015191,2.796815887840943e-06
