cell,nuclide,score,mean,std. dev.
85,Li6,"(n,Xt)",0.08913223868570753,0.00014291130088307615
85,Li7,"(n,Xt)",0.017426551422583286,2.0291352483739173e-05
88,Li6,"(n,Xt)",1.082121210259662,0.0012968093586696624
88,Li7,"(n,Xt)",0.060516635292433674,0.0001233600382463047
91,Li6,"(n,Xt)",0.007888371897502073,8.673026709233419e-05
91,Li7,"(n,Xt)",0.00010213578035163431,2.734554454223992e-06
