cell,nuclide,score,mean,std. dev.
98,Li6,"(n,Xt)",0.08898178976800375,0.00016954183983474187
98,Li7,"(n,Xt)",0.0170903278357654,1.8693296283082157e-05
101,Li6,"(n,Xt)",1.0864299335400291,0.0013721933975985158
101,Li7,"(n,Xt)",0.05877739435159849,0.00013249413856329344
104,Li6,"(n,Xt)",0.007771842550502677,9.140595837705569e-05
104,Li7,"(n,Xt)",0.00010324054697470261,1.9847561271168548e-06
