cell,nuclide,score,mean,std. dev.
111,Li6,"(n,Xt)",0.08861885779093885,0.00013042687211535576
111,Li7,"(n,Xt)",0.016700922939073604,1.573665017411319e-05
114,Li6,"(n,Xt)",1.0930053314062704,0.0007749386548498176
114,Li7,"(n,Xt)",0.05682710389317358,0.00011779302078882067
117,Li6,"(n,Xt)",0.008116531661342059,0.00012075049190177213
117,Li7,"(n,Xt)",9.390987829959356e-05,3.931427806130305e-06
