cell,nuclide,score,mean,std. dev.
124,Li6,"(n,Xt)",0.0877583266205703,0.00015126802907717814
124,Li7,"(n,Xt)",0.016275820959782132,1.623597758017176e-05
127,Li6,"(n,Xt)",1.1017458877194763,0.0016354377099920797
127,Li7,"(n,Xt)",0.05465406082858326,0.00011602706236449132
130,Li6,"(n,Xt)",0.008215495922764774,9.176058680254105e-05
130,Li7,"(n,Xt)",8.269083077515117e-05,2.4925031343090993e-06
