cell,nuclide,score,mean,std. dev.
137,Li6,"(n,Xt)",0.08746278851872774,0.00019192538613919567
137,Li7,"(n,Xt)",0.015776085992227705,1.411863164913182e-05
140,Li6,"(n,Xt)",1.1082931159657115,0.0015509459888702302
140,Li7,"(n,Xt)",0.052278791812998084,0.00011381504005942216
143,Li6,"(n,Xt)",0.008385264972175939,0.00011778500836287952
143,Li7,"(n,Xt)",7.964338255279312e-05,1.8520654830423466e-06
