cell,nuclide,score,mean,std. dev.
150,Li6,"(n,Xt)",0.08691030781664025,0.00012581910167438386
150,Li7,"(n,Xt)",0.01521754384812615,1.5507413945446658e-05
153,Li6,"(n,Xt)",1.1168358138585504,0.001211168401950731
153,Li7,"(n,Xt)",0.049610658013094396,0.00011110031814607577
156,Li6,"(n,Xt)",0.008940151434058569,0.00012556710418325012
156,Li7,"(n,Xt)",6.903154862161114e-05,2.4397757871115422e-06
