cell,nuclide,score,mean,std. dev.
163,Li6,"(n,Xt)",0.08611479329637692,0.00024118661450672345
163,Li7,"(n,Xt)",0.014578439375403016,1.7158462766571225e-05
166,Li6,"(n,Xt)",1.1260312213432608,0.0010309405412350138
166,Li7,"(n,Xt)",0.04662607429228688,0.00011621656484628693
169,Li6,"(n,Xt)",0.009598704233364942,0.00019862585209523743
169,Li7,"(n,Xt)",6.568623152764419e-05,2.438934626971375e-06
