cell,nuclide,score,mean,std. dev.
176,Li6,"(n,Xt)",0.08451250483922225,0.00020801243411862593
176,Li7,"(n,Xt)",0.013827877025303633,1.4319721731049148e-05
179,Li6,"(n,Xt)",1.1361317401726292,0.0016433686407314972
179,Li7,"(n,Xt)",0.04329827882275624,0.0001036728525904661
182,Li6,"(n,Xt)",0.010247141647214908,0.00011950852964012324
182,Li7,"(n,Xt)",5.833188638629759e-05,1.7984377982150292e-06
