cell,nuclide,score,mean,std. dev.
189,Li6,"(n,Xt)",0.08260306149648015,0.00010499478145147047
189,Li7,"(n,Xt)",0.012933935334873786,1.3381330011404171e-05
192,Li6,"(n,Xt)",1.145551948520372,0.0012720678280913635
192,Li7,"(n,Xt)",0.03950182404738074,0.00010040015380293549
195,Li6,"(n,Xt)",0.011288012677966888,0.0001572197826244894
195,Li7,"(n,Xt)",4.849808301113339e-05,2.151075360396623e-06
