cell,nuclide,score,mean,std. dev.
202,Li6,"(n,Xt)",0.08004844886514459,0.00012554663876569743
202,Li7,"(n,Xt)",0.011861269617533025,1.3592252469844741e-05
205,Li6,"(n,Xt)",1.1555934417877949,0.0009109858803679567
205,Li7,"(n,Xt)",0.03519175679181231,9.420363582611483e-05
208,Li6,"(n,Xt)",0.012631672245629633,0.00010404908775253274
208,Li7,"(n,Xt)",3.882529011984014e-05,2.190973878235971e-06
