cell,nuclide,score,mean,std. dev.
215,Li6,"(n,Xt)",0.07650109227806091,0.0001788907559357026
215,Li7,"(n,Xt)",0.010547165782409528,1.2257588058100251e-05
218,Li6,"(n,Xt)",1.1643583580488461,0.001231466084127722
218,Li7,"(n,Xt)",0.03021677195586652,5.13175411270019e-05
221,Li6,"(n,Xt)",0.015167648977657999,0.0002086353155497049
221,Li7,"(n,Xt)",2.8843564406614854e-05,1.9585601477259607e-06
