cell,nuclide,score,mean,std. dev.
241,Li6,"(n,Xt)",0.06288021657799418,0.00010461378966490517
241,Li7,"(n,Xt)",0.006803463391252479,7.67535781672642e-06
244,Li6,"(n,Xt)",1.1547538845795664,0.0009368908472759659
244,Li7,"(n,Xt)",0.01750454609959804,3.179325581337129e-05
247,Li6,"(n,Xt)",0.029381553987282937,0.00020985496967618764
247,Li7,"(n,Xt)",1.147043099931922e-05,8.720649889899762e-07
