cell,nuclide,score,mean,std. dev.
10,Li6,"(n,Xt)",0.7418656112616062,0.0007778424697379877
10,Li7,"(n,Xt)",0.029463630900573117,0.00012235587733820303
6,Li6,"(n,Xt)",0.5498943923121643,0.0014676937187974904
6,Li7,"(n,Xt)",0.020768064155494478,2.782044116711526e-05
