cell,nuclide,score,mean,std. dev.
40,Li6,"(n,Xt)",0.7427653939688839,0.001006010679906596
40,Li7,"(n,Xt)",0.02806630410596826,0.00011960164881672384
37,Li6,"(n,Xt)",0.5490432221716853,0.0010134174618320981
37,Li7,"(n,Xt)",0.020078468889787388,2.728069596894674e-05
