cell,nuclide,score,mean,std. dev.
50,Li6,"(n,Xt)",0.7423482311892672,0.000950750828415889
50,Li7,"(n,Xt)",0.027518215475452197,0.00012913454446451496
47,Li6,"(n,Xt)",0.5483687761285146,0.0012221287421006288
47,Li7,"(n,Xt)",0.019803760124294002,2.2650270296877483e-05
