cell,nuclide,score,mean,std. dev.
60,Li6,"(n,Xt)",0.7426319804246223,0.001179948405377373
60,Li7,"(n,Xt)",0.026910947518572,0.000126282801354013
57,Li6,"(n,Xt)",0.5475223173707073,0.0013643132384888509
57,Li7,"(n,Xt)",0.01950483687836322,2.0244566854653756e-05
