cell,nuclide,score,mean,std. dev.
70,Li6,"(n,Xt)",0.7416906349177318,0.0007231773822133638
70,Li7,"(n,Xt)",0.0262441814170829,9.059452442110204e-05
67,Li6,"(n,Xt)",0.5468838228686774,0.0010610566100034266
67,Li7,"(n,Xt)",0.019166566967936505,2.0935815418476788e-05
