cell,nuclide,score,mean,std. dev.
80,Li6,"(n,Xt)",0.7437301374369036,0.0008802065230534296
80,Li7,"(n,Xt)",0.025538397003792818,8.799283510449362e-05
77,Li6,"(n,Xt)",0.5465588573232917,0.0008768292803278967
77,Li7,"(n,Xt)",0.018801153513092517,2.4191597745698434e-05
