cell,nuclide,score,mean,std. dev.
90,Li6,"(n,Xt)",0.7426617806675433,0.000865271451292674
90,Li7,"(n,Xt)",0.02474561942168976,7.437660196359641e-05
87,Li6,"(n,Xt)",0.5450159974478429,0.000667684796037214
87,Li7,"(n,Xt)",0.018386711576034102,2.085486952404981e-05
