cell,nuclide,score,mean,std. dev.
100,Li6,"(n,Xt)",0.7427832650206004,0.0014018485030258426
100,Li7,"(n,Xt)",0.0238689975468489,7.36578636334227e-05
97,Li6,"(n,Xt)",0.5441112980673601,0.0009522847438996738
97,Li7,"(n,Xt)",0.01790571731442833,1.8193548615216437e-05
