cell,nuclide,score,mean,std. dev.
110,Li6,"(n,Xt)",0.7438698242603186,0.0009492300300889511
110,Li7,"(n,Xt)",0.02283968540922764,8.135910260675207e-05
107,Li6,"(n,Xt)",0.5410235263707712,0.0006966904012358204
107,Li7,"(n,Xt)",0.017370414811093988,2.0797602065786502e-05
