cell,nuclide,score,mean,std. dev.
20,Li6,"(n,Xt)",0.743331576657704,0.0006897373226978418
20,Li7,"(n,Xt)",0.029043570537445006,0.0001179439011492331
17,Li6,"(n,Xt)",0.5489232334520907,0.00116310817794475
17,Li7,"(n,Xt)",0.020552033998982536,2.656686479444654e-05
