cell,nuclide,score,mean,std. dev.
120,Li6,"(n,Xt)",0.742518736047698,0.0014659455425041611
120,Li7,"(n,Xt)",0.021802620394436853,6.713727885313133e-05
117,Li6,"(n,Xt)",0.539319051601338,0.0010935537559473814
117,Li7,"(n,Xt)",0.01676544757472736,2.156920905797242e-05
