cell,nuclide,score,mean,std. dev.
130,Li6,"(n,Xt)",0.742557039336088,0.0008067500692020003
130,Li7,"(n,Xt)",0.020582947024147105,7.242525519606929e-05
127,Li6,"(n,Xt)",0.5367376269776547,0.001031554197274503
127,Li7,"(n,Xt)",0.016066985995095942,1.7262257104542346e-05
