cell,nuclide,score,mean,std. dev.
150,Li6,"(n,Xt)",0.7371778217990779,0.0009439097318364279
150,Li7,"(n,Xt)",0.01766173551555919,4.475377940632797e-05
147,Li6,"(n,Xt)",0.529316981356746,0.0004907698540008936
147,Li7,"(n,Xt)",0.014289959058568839,1.4337866872816853e-05
