cell,nuclide,score,mean,std. dev.
160,Li6,"(n,Xt)",0.7371009392055288,0.0012658053499142513
160,Li7,"(n,Xt)",0.015784907628316837,2.7325324362869843e-05
157,Li6,"(n,Xt)",0.5237785038749251,0.0007029022531195478
157,Li7,"(n,Xt)",0.01310603979389966,1.622541733737274e-05
