cell,nuclide,score,mean,std. dev.
170,Li6,"(n,Xt)",0.7292369041714932,0.0012586080224286232
170,Li7,"(n,Xt)",0.013622907851363875,2.757034627887622e-05
167,Li6,"(n,Xt)",0.5155217267578867,0.0010000474507458495
167,Li7,"(n,Xt)",0.011673471801768073,1.3812668821258812e-05
