cell,nuclide,score,mean,std. dev.
180,Li6,"(n,Xt)",0.7164873259879971,0.001045170265446722
180,Li7,"(n,Xt)",0.01112949172507393,3.231060977281365e-05
177,Li6,"(n,Xt)",0.5005757685256802,0.000944167829517629
177,Li7,"(n,Xt)",0.009870869178410624,1.098735729925839e-05
