cell,nuclide,score,mean,std. dev.
190,Li6,"(n,Xt)",0.6905064891729638,0.0005750272801189316
190,Li7,"(n,Xt)",0.008087456526109904,2.874761386608663e-05
187,Li6,"(n,Xt)",0.47414650885493437,0.0008168404780149633
187,Li7,"(n,Xt)",0.007539683592056259,1.0657205005540856e-05
