cell,nuclide,score,mean,std. dev.
30,Li6,"(n,Xt)",1.0006788569642713,0.0012687958093994748
30,Li7,"(n,Xt)",0.0782352612363563,8.069850695674891e-05
27,Li6,"(n,Xt)",0.10085378592264753,0.00019766860866311746
27,Li7,"(n,Xt)",0.0173714056550529,2.1158814832046424e-05
