cell,nuclide,score,mean,std. dev.
50,Li6,"(n,Xt)",1.0067235049435586,0.0012710208681902533
50,Li7,"(n,Xt)",0.04493407081635811,5.200886653693258e-05
47,Li6,"(n,Xt)",0.15876263548001857,0.0003956370333451806
47,Li7,"(n,Xt)",0.01024708685784297,1.0854078746601662e-05
