cell,nuclide,score,mean,std. dev.
30,Li6,"(n,Xt)",1.0085357255429597,0.0013866118649270337
30,Li7,"(n,Xt)",0.07684432150407235,0.0001804214092014555
27,Li6,"(n,Xt)",0.11997258290776917,0.00029547377708029956
27,Li7,"(n,Xt)",0.017921678992120983,2.421945836132115e-05
