cell,nuclide,score,mean,std. dev.
40,Li6,"(n,Xt)",1.0107681675379805,0.0009108500210583271
40,Li7,"(n,Xt)",0.0673395173586421,0.00015708013488743914
37,Li6,"(n,Xt)",0.14504553209799131,0.00039294947936166556
37,Li7,"(n,Xt)",0.015825445148111274,2.0059930962035562e-05
