cell,nuclide,score,mean,std. dev.
50,Li6,"(n,Xt)",1.0012347952771186,0.001057757094393452
50,Li7,"(n,Xt)",0.044144313514908703,9.690306120793327e-05
47,Li6,"(n,Xt)",0.18496872890316282,0.0002368815055125292
47,Li7,"(n,Xt)",0.010573969897686664,1.2875313253988029e-05
