cell,nuclide,score,mean,std. dev.
70,Li6,"(n,Xt)",0.9775806809513895,0.0016955557603864678
70,Li7,"(n,Xt)",8.524312588721946e-06,1.933279599856767e-08
67,Li6,"(n,Xt)",0.23249811124852124,0.00032659375745589913
67,Li7,"(n,Xt)",2.1236368098941817e-06,2.6293230622829657e-09
