cell,nuclide,score,mean,std. dev.
10,Li6,"(n,Xt)",0.2134969086322048,0.00026203457305674644
10,Li7,"(n,Xt)",0.03822103506408148,9.248505666783528e-05
6,Li6,"(n,Xt)",0.0005930808262119777,1.2564446600975659e-06
6,Li7,"(n,Xt)",0.012805497068121004,1.451224377889168e-05
