cell,nuclide,score,mean,std. dev.
30,Li6,"(n,Xt)",1.2031002406014732,0.0009442871359432336
30,Li7,"(n,Xt)",0.03237510378853177,8.142533319746747e-05
27,Li6,"(n,Xt)",0.10952424898342923,0.00017433314626071793
27,Li7,"(n,Xt)",0.010908726426165381,1.1674038639745351e-05
