cell,nuclide,score,mean,std. dev.
40,Li6,"(n,Xt)",1.2166543999849382,0.0012174922912602847
40,Li7,"(n,Xt)",0.02849089497353508,7.1106172452303e-05
37,Li6,"(n,Xt)",0.1363219374315363,0.0002698046991990555
37,Li7,"(n,Xt)",0.00963946948017981,1.065357083329931e-05
