cell,nuclide,score,mean,std. dev.
50,Li6,"(n,Xt)",1.2197015967423313,0.0009570185364955867
50,Li7,"(n,Xt)",0.018861275955371584,4.586300581751697e-05
47,Li6,"(n,Xt)",0.18075876664140914,0.00031002715362018064
47,Li7,"(n,Xt)",0.006450760546462977,6.439081348811005e-06
