cell,nuclide,score,mean,std. dev.
20,Li6,"(n,Xt)",1.1669302336928766,0.0007561080155860609
20,Li7,"(n,Xt)",0.03528695278122894,8.827890900467494e-05
17,Li6,"(n,Xt)",0.07999849276982887,9.499763985317435e-05
17,Li7,"(n,Xt)",0.011860544306914935,1.4248324836506414e-05
