cell,nuclide,score,mean,std. dev.
60,Li6,"(n,Xt)",1.2106465094398584,0.00103963693311626
60,Li7,"(n,Xt)",0.009358332694488231,2.2554008975183106e-05
57,Li6,"(n,Xt)",0.21161302645784855,0.00021876925312909264
57,Li7,"(n,Xt)",0.003237108579457008,3.8972590347704385e-06
