cell,nuclide,score,mean,std. dev.
70,Li6,"(n,Xt)",1.198231827061155,0.0008108432183789402
70,Li7,"(n,Xt)",3.718962235416993e-06,8.693658793460845e-09
67,Li6,"(n,Xt)",0.23512032994381507,0.00045216886052179225
67,Li7,"(n,Xt)",1.3009435322288902e-06,1.5712646752426448e-09
