cell,nuclide,score,mean,std. dev.
6,Li6,"(n,Xt)",0.09350615712673091,0.00011931081382971787
6,Li7,"(n,Xt)",0.018917713795668322,2.5339013946998852e-05
10,Li6,"(n,Xt)",0.48811766602305423,0.0006862106243579697
10,Li7,"(n,Xt)",0.03696366972719295,5.899814686452721e-05
13,Li6,"(n,Xt)",0.6097307336857467,0.0006275664200721965
13,Li7,"(n,Xt)",0.026437522798236253,7.481260398933766e-05
