cell,nuclide,score,mean,std. dev.
33,Li6,"(n,Xt)",0.09314316830573076,0.0002202610833455684
33,Li7,"(n,Xt)",0.018495531338271663,2.4471472525956162e-05
36,Li6,"(n,Xt)",0.4878981834134274,0.0007685458457108465
36,Li7,"(n,Xt)",0.03592281837865471,6.424540262031004e-05
39,Li6,"(n,Xt)",0.6151987250215679,0.0008865920499288825
39,Li7,"(n,Xt)",0.02544355078621243,5.319776362894389e-05
