cell,nuclide,score,mean,std. dev.
72,Li6,"(n,Xt)",0.09259578792038925,0.00011804717391646091
72,Li7,"(n,Xt)",0.017743478447396762,2.375497405945349e-05
75,Li6,"(n,Xt)",0.48993620343742783,0.0004631456753996126
75,Li7,"(n,Xt)",0.034086566414163535,6.064262787992302e-05
78,Li6,"(n,Xt)",0.6272675166791062,0.0011234905530951504
78,Li7,"(n,Xt)",0.023698807295151267,4.162594415683923e-05
