cell,nuclide,score,mean,std. dev.
85,Li6,"(n,Xt)",0.09184213315051093,0.0001694554081176637
85,Li7,"(n,Xt)",0.01742521637487337,2.1341000420994197e-05
88,Li6,"(n,Xt)",0.4894274454499321,0.0003609673271900278
88,Li7,"(n,Xt)",0.03334585721038631,5.976242991607602e-05
91,Li6,"(n,Xt)",0.6309276781541133,0.0007870769637340855
91,Li7,"(n,Xt)",0.022983484276915718,5.110069217527467e-05
