cell,nuclide,score,mean,std. dev.
98,Li6,"(n,Xt)",0.0915359753886619,0.00016027601036470068
98,Li7,"(n,Xt)",0.017086217739552344,2.120943153925251e-05
101,Li6,"(n,Xt)",0.4891393598182921,0.0006714059039335991
101,Li7,"(n,Xt)",0.0325091612481873,6.110228205238657e-05
104,Li6,"(n,Xt)",0.6367825246914205,0.0008700578592154973
104,Li7,"(n,Xt)",0.022242728894386166,4.860745978662739e-05
