cell,nuclide,score,mean,std. dev.
111,Li6,"(n,Xt)",0.09081732711509227,0.00018608141781125938
111,Li7,"(n,Xt)",0.016702899627962155,1.8801076421952962e-05
114,Li6,"(n,Xt)",0.49027839655969496,0.0007383414142124544
114,Li7,"(n,Xt)",0.03157426970051416,6.176638754502961e-05
117,Li6,"(n,Xt)",0.6428923972612242,0.0005731547957575675
117,Li7,"(n,Xt)",0.02136679779977814,4.977478221324489e-05
