cell,nuclide,score,mean,std. dev.
124,Li6,"(n,Xt)",0.09048013860405854,0.00014915863514304792
124,Li7,"(n,Xt)",0.01627692520235494,1.6905012137137607e-05
127,Li6,"(n,Xt)",0.4904188630120199,0.0006638808541980086
127,Li7,"(n,Xt)",0.030592409859348784,6.756671397572161e-05
130,Li6,"(n,Xt)",0.6496626454282335,0.0008650948279963786
130,Li7,"(n,Xt)",0.02046744933433189,7.318253280945288e-05
