cell,nuclide,score,mean,std. dev.
137,Li6,"(n,Xt)",0.0895077767359771,0.0002228489386418963
137,Li7,"(n,Xt)",0.01577940157963974,1.6012449682891637e-05
140,Li6,"(n,Xt)",0.488287117419053,0.0008973123955213717
140,Li7,"(n,Xt)",0.029469930142869787,6.550067063344878e-05
143,Li6,"(n,Xt)",0.6582053106606012,0.0006632510477071944
143,Li7,"(n,Xt)",0.01943240266947676,6.119739405539882e-05
