cell,nuclide,score,mean,std. dev.
20,Li6,"(n,Xt)",0.09323412052547633,0.00014528574415519053
20,Li7,"(n,Xt)",0.0187191810292552,2.498853411499986e-05
23,Li6,"(n,Xt)",0.48775898848805044,0.0007803690773134334
23,Li7,"(n,Xt)",0.03644622548258116,6.0775956912861185e-05
26,Li6,"(n,Xt)",0.6125286343491394,0.0007923359002899011
26,Li7,"(n,Xt)",0.02593309387735493,5.63512243151392e-05
