cell,nuclide,score,mean,std. dev.
150,Li6,"(n,Xt)",0.08910514120675841,0.00014402929099254318
150,Li7,"(n,Xt)",0.01521523166521389,1.709756078302926e-05
153,Li6,"(n,Xt)",0.48880995455849996,0.0007048073403018737
153,Li7,"(n,Xt)",0.02814673318960057,5.612049487834671e-05
156,Li6,"(n,Xt)",0.6657651832795978,0.0011294819187957171
156,Li7,"(n,Xt)",0.018308611731327012,5.941694097083157e-05
