cell,nuclide,score,mean,std. dev.
189,Li6,"(n,Xt)",0.08400487926144522,0.00014459302059294528
189,Li7,"(n,Xt)",0.01293574562494429,1.3708056687286843e-05
192,Li6,"(n,Xt)",0.4817672833445689,0.0007221866016150725
192,Li7,"(n,Xt)",0.023130018794538864,5.1935161464734436e-05
195,Li6,"(n,Xt)",0.7042120703729144,0.0012008498301992242
195,Li7,"(n,Xt)",0.014073850752763618,6.897230121721159e-05
