cell,nuclide,score,mean,std. dev.
202,Li6,"(n,Xt)",0.08111161365921357,0.00014920682371721944
202,Li7,"(n,Xt)",0.011864299256572973,1.385211809896499e-05
205,Li6,"(n,Xt)",0.476535715368839,0.0006011123249811623
205,Li7,"(n,Xt)",0.020885869594172372,4.831549126704081e-05
208,Li6,"(n,Xt)",0.7204825825164927,0.0010709053970441786
208,Li7,"(n,Xt)",0.01232689669047882,6.384576589421558e-05
