cell,nuclide,score,mean,std. dev.
215,Li6,"(n,Xt)",0.07729304442880128,0.00012067823756578987
215,Li7,"(n,Xt)",0.010553092403856029,1.2133701175264356e-05
218,Li6,"(n,Xt)",0.46862799278926265,0.0005152645851623142
218,Li7,"(n,Xt)",0.01823102622712163,3.623841017987834e-05
221,Li6,"(n,Xt)",0.7440532665728588,0.0006988960515042758
221,Li7,"(n,Xt)",0.010362332301440947,4.465793567398375e-05
