cell,nuclide,score,mean,std. dev.
241,Li6,"(n,Xt)",0.06298230208932867,0.0001738694304291875
241,Li7,"(n,Xt)",0.006805523737903338,7.877357486778907e-06
244,Li6,"(n,Xt)",0.42465803106759575,0.000558935913023247
244,Li7,"(n,Xt)",0.011065583984809899,1.5699123195192468e-05
247,Li6,"(n,Xt)",0.7965176446070104,0.00098178546435414
247,Li7,"(n,Xt)",0.0056078880011392815,2.4788765845061823e-05
