cell,nuclide,score,mean,std. dev.
40,Li6,"(n,Xt)",1.0357076900627387,0.001035984442354087
40,Li7,"(n,Xt)",0.06483693706859492,0.00012607099511134523
37,Li6,"(n,Xt)",0.13232378867714517,0.00018854339008152662
37,Li7,"(n,Xt)",0.01553516091037182,2.062993693677981e-05
