cell,nuclide,score,mean,std. dev.
70,Li6,"(n,Xt)",1.001493010338189,0.0017768708743601683
70,Li7,"(n,Xt)",8.212623349329628e-06,1.6279140550595644e-08
67,Li6,"(n,Xt)",0.21999149197049608,0.0001381612561232129
67,Li7,"(n,Xt)",2.0858084348943638e-06,2.883723132822478e-09
