cell,nuclide,score,mean,std. dev.
30,Li6,"(n,Xt)",1.0058949384849984,0.001306745131050465
30,Li7,"(n,Xt)",0.07550117108158022,0.00015216501937934573
27,Li6,"(n,Xt)",0.1285913723530276,0.00022083155135374275
27,Li7,"(n,Xt)",0.018015795218602654,2.5095433125014694e-05
