cell,nuclide,score,mean,std. dev.
70,Li6,"(n,Xt)",0.975181603114882,0.001457942668070939
70,Li7,"(n,Xt)",8.376722065790942e-06,1.466023281884283e-08
67,Li6,"(n,Xt)",0.24666371431804257,0.00030222196142451756
67,Li7,"(n,Xt)",2.1338444287322155e-06,2.886028979082829e-09
