cell,nuclide,score,mean,std. dev.
40,Li6,"(n,Xt)",1.0423611027374478,0.0014564514923472408
40,Li7,"(n,Xt)",0.06459299331471438,0.00016727950545748264
37,Li6,"(n,Xt)",0.13588978826306844,0.00013848091033084393
37,Li7,"(n,Xt)",0.016398531441097555,2.2716705453882977e-05
