cell,nuclide,score,mean,std. dev.
60,Li6,"(n,Xt)",1.0192541524479533,0.00134378876564927
60,Li7,"(n,Xt)",0.024820967894155478,6.317150673024354e-05
57,Li6,"(n,Xt)",0.20454163559533436,0.0002465051465194111
57,Li7,"(n,Xt)",0.006538104016199959,8.56160152236205e-06
