cell,nuclide,score,mean,std. dev.
10,Li6,"(n,Xt)",0.8296317313256896,0.0008389977393796162
10,Li7,"(n,Xt)",0.03767253187895579,0.00012173513587318252
6,Li6,"(n,Xt)",0.4511012114634081,0.0006668997238346718
6,Li7,"(n,Xt)",0.02074047150815882,2.6829582554740545e-05
