cell,nuclide,score,mean,std. dev.
30,Li6,"(n,Xt)",0.8326734337753928,0.0005780251686221602
30,Li7,"(n,Xt)",0.036478217935653326,9.552695402685648e-05
27,Li6,"(n,Xt)",0.44973987772214635,0.0006298669872233209
27,Li7,"(n,Xt)",0.020287388070450007,2.5106944126707244e-05
