cell,nuclide,score,mean,std. dev.
40,Li6,"(n,Xt)",0.8337280113503324,0.000933925563635368
40,Li7,"(n,Xt)",0.03586590151908961,0.0001127734544121919
37,Li6,"(n,Xt)",0.450263470457348,0.0006676460386013099
37,Li7,"(n,Xt)",0.020034795051072515,2.817684979809358e-05
