cell,nuclide,score,mean,std. dev.
50,Li6,"(n,Xt)",0.836866267823044,0.0009952583550940336
50,Li7,"(n,Xt)",0.03518209358188698,0.00011848728163511159
47,Li6,"(n,Xt)",0.45034521548031997,0.000730141251038801
47,Li7,"(n,Xt)",0.01976273190484236,2.6539347339248815e-05
