cell,nuclide,score,mean,std. dev.
60,Li6,"(n,Xt)",0.8361133439499661,0.0009912845577000977
60,Li7,"(n,Xt)",0.034421108045404575,0.00010962855881775512
57,Li6,"(n,Xt)",0.4493851494853424,0.0006163686007262168
57,Li7,"(n,Xt)",0.01946127728010137,2.5751687431080414e-05
