cell,nuclide,score,mean,std. dev.
70,Li6,"(n,Xt)",0.8367726172251823,0.0011236132919164778
70,Li7,"(n,Xt)",0.03356297679195568,9.412759306683483e-05
67,Li6,"(n,Xt)",0.44845915806879394,0.0006821547141830219
67,Li7,"(n,Xt)",0.0191222288027587,2.2266721967608e-05
