cell,nuclide,score,mean,std. dev.
80,Li6,"(n,Xt)",0.8383872198300166,0.001369857370498362
80,Li7,"(n,Xt)",0.032636427055451694,9.140385043371533e-05
77,Li6,"(n,Xt)",0.44818638638883207,0.0008663250927636017
77,Li7,"(n,Xt)",0.01876366642336052,2.2300606717827508e-05
