cell,nuclide,score,mean,std. dev.
90,Li6,"(n,Xt)",0.8398684063762019,0.0009408679732936802
90,Li7,"(n,Xt)",0.03160778393287885,7.888122939181277e-05
87,Li6,"(n,Xt)",0.44771716271109946,0.0009029503485755109
87,Li7,"(n,Xt)",0.018348447982385475,2.420235630861274e-05
