cell,nuclide,score,mean,std. dev.
100,Li6,"(n,Xt)",0.8393486676450422,0.001392395969660163
100,Li7,"(n,Xt)",0.030485591921727916,7.076469877499849e-05
97,Li6,"(n,Xt)",0.44530450999362853,0.0007288329707968161
97,Li7,"(n,Xt)",0.017871581061064186,2.5344240461580216e-05
