cell,nuclide,score,mean,std. dev.
110,Li6,"(n,Xt)",0.8402610803871736,0.0011050192699368394
110,Li7,"(n,Xt)",0.02922815487084829,7.093864803080914e-05
107,Li6,"(n,Xt)",0.44333775863608577,0.0005915317288648564
107,Li7,"(n,Xt)",0.01733363724682097,2.1141911882708845e-05
