cell,nuclide,score,mean,std. dev.
20,Li6,"(n,Xt)",0.8315816613375002,0.0006836647553302285
20,Li7,"(n,Xt)",0.03708042143105066,0.0001120105341334636
17,Li6,"(n,Xt)",0.45053027650613586,0.0007030253589055056
17,Li7,"(n,Xt)",0.020519948091612176,2.7038902719726926e-05
