cell,nuclide,score,mean,std. dev.
120,Li6,"(n,Xt)",0.8405758508652292,0.0008151336757608585
120,Li7,"(n,Xt)",0.027872560389769135,7.938040423508756e-05
117,Li6,"(n,Xt)",0.4432681880150223,0.0006396379260072493
117,Li7,"(n,Xt)",0.016738828154241766,1.642384019758077e-05
