cell,nuclide,score,mean,std. dev.
150,Li6,"(n,Xt)",0.8399793585167993,0.001305601292397312
150,Li7,"(n,Xt)",0.02244614749625241,4.9551189104510765e-05
147,Li6,"(n,Xt)",0.43543512278663615,0.0008370317405885804
147,Li7,"(n,Xt)",0.014255212760927857,1.621887690148676e-05
