cell,nuclide,score,mean,std. dev.
160,Li6,"(n,Xt)",0.8353144376770751,0.0009747730319775651
160,Li7,"(n,Xt)",0.020092235154345873,5.910887909643762e-05
157,Li6,"(n,Xt)",0.43130247340363226,0.0009084556298713196
157,Li7,"(n,Xt)",0.013080189139540144,1.7090065625235193e-05
