cell,nuclide,score,mean,std. dev.
180,Li6,"(n,Xt)",0.819343192644251,0.0011902512134830336
180,Li7,"(n,Xt)",0.014096104466258355,3.9239666693514185e-05
177,Li6,"(n,Xt)",0.41148707487535885,0.0008769542544981593
177,Li7,"(n,Xt)",0.009846067213429087,1.4066277914445155e-05
