cell,nuclide,score,mean,std. dev.
50,Li6,"(n,Xt)",1.0049845718345678,0.0012929154632909663
50,Li7,"(n,Xt)",0.04559786223861819,7.207512606746956e-05
47,Li6,"(n,Xt)",0.15984572590169022,0.00023649415620748967
47,Li7,"(n,Xt)",0.010434190702474607,9.696045844322033e-06
