cell,nuclide,score,mean,std. dev.
10,Li6,"(n,Xt)",0.31104955597901207,0.0005622885400149812
10,Li7,"(n,Xt)",0.093019426034778,0.00021158981258072556
6,Li6,"(n,Xt)",0.0008681649385661409,2.2209859032964846e-06
6,Li7,"(n,Xt)",0.020928952896435586,3.237098818295817e-05
