cell,nuclide,score,mean,std. dev.
30,Li6,"(n,Xt)",1.0074899616576378,0.0010660329318556568
30,Li7,"(n,Xt)",0.07824501523725226,0.00018317691350200465
27,Li6,"(n,Xt)",0.1108455446030647,0.00018666398571315674
27,Li7,"(n,Xt)",0.017814720516761504,2.6275075585835993e-05
