cell,nuclide,score,mean,std. dev.
40,Li6,"(n,Xt)",1.011542254703237,0.0013696795721837211
40,Li7,"(n,Xt)",0.06855758401968051,0.00016603857618276383
37,Li6,"(n,Xt)",0.1348815472906546,0.00019591250962694458
37,Li7,"(n,Xt)",0.015730940480614415,2.082260381064176e-05
