cell,nuclide,score,mean,std. dev.
50,Li6,"(n,Xt)",1.0023448777069357,0.00125861872650791
50,Li7,"(n,Xt)",0.04491117158447191,9.99674655815043e-05
47,Li6,"(n,Xt)",0.1729163241417991,0.00029187646057090156
47,Li7,"(n,Xt)",0.010511711773224271,1.4071888624376034e-05
