cell,nuclide,score,mean,std. dev.
30,Li6,"(n,Xt)",1.0262721164261095,0.001112581332971277
30,Li7,"(n,Xt)",0.07028267413260045,0.00013160913551408997
27,Li6,"(n,Xt)",0.12878208116497708,0.00015705388785788993
27,Li7,"(n,Xt)",0.017159871347582602,2.4808755442629558e-05
