cell,nuclide,score,mean,std. dev.
40,Li6,"(n,Xt)",1.0300337360840826,0.0008615438643288267
40,Li7,"(n,Xt)",0.061579685545303964,0.00011508939088189653
37,Li6,"(n,Xt)",0.15535563179104367,0.0003234261434996335
37,Li7,"(n,Xt)",0.015144112259710643,2.2370598331577925e-05
