cell,nuclide,score,mean,std. dev.
50,Li6,"(n,Xt)",0.9813566115052946,0.001254288247103565
50,Li7,"(n,Xt)",0.04979306143598898,0.00010736687067049756
47,Li6,"(n,Xt)",0.2169956421602413,0.0005229190409329568
47,Li7,"(n,Xt)",0.013079133934071441,1.8154995703359254e-05
