cell,nuclide,score,mean,std. dev.
60,Li6,"(n,Xt)",0.9692074708971162,0.0011338876995877832
60,Li7,"(n,Xt)",0.03066000918514696,6.536658330280254e-05
57,Li6,"(n,Xt)",0.24501180389914184,0.0006065392031130118
57,Li7,"(n,Xt)",0.00819128363992627,1.1609800086189199e-05
