cell,nuclide,score,mean,std. dev.
30,Li6,"(n,Xt)",1.004890806341261,0.0010002197381112296
30,Li7,"(n,Xt)",0.07424652617511397,0.00016000718598471367
27,Li6,"(n,Xt)",0.13778879566923838,0.00028346316498259125
27,Li7,"(n,Xt)",0.018110969558215805,2.4445854117349876e-05
