cell,nuclide,score,mean,std. dev.
40,Li6,"(n,Xt)",1.007370437876214,0.0012576356221876534
40,Li7,"(n,Xt)",0.0650560173468778,0.00012932202511197285
37,Li6,"(n,Xt)",0.16603276514349233,0.0002756569696561362
37,Li7,"(n,Xt)",0.015988765838861656,2.0906215163646485e-05
