cell,nuclide,score,mean,std. dev.
60,Li6,"(n,Xt)",0.985866325936677,0.0014510023518610087
60,Li7,"(n,Xt)",0.020944217777728306,3.408554535189928e-05
57,Li6,"(n,Xt)",0.2390792832152203,0.00043535105776337123
57,Li7,"(n,Xt)",0.005352247209300348,6.867721891136676e-06
