cell,nuclide,score,mean,std. dev.
70,Li6,"(n,Xt)",0.9727805675299086,0.001345689971554871
70,Li7,"(n,Xt)",8.232456195811867e-06,1.4490841146415764e-08
67,Li6,"(n,Xt)",0.26098026001969377,0.00025550178556398473
67,Li7,"(n,Xt)",2.143509853836041e-06,2.9375242945254368e-09
