cell,nuclide,score,mean,std. dev.
10,Li6,"(n,Xt)",1.1597003546198699,0.000879470498724762
10,Li7,"(n,Xt)",0.02867468033659376,8.921909063852411e-05
6,Li6,"(n,Xt)",0.13295408483347174,0.00022602509265631077
6,Li7,"(n,Xt)",0.018565488995732106,2.2944902736484465e-05
