cell,nuclide,score,mean,std. dev.
30,Li6,"(n,Xt)",1.1631753146638888,0.000535760652074374
30,Li7,"(n,Xt)",0.027763793248793155,8.914211488158456e-05
27,Li6,"(n,Xt)",0.1320790273415769,0.00022424856522172435
27,Li7,"(n,Xt)",0.01816654007234538,2.2163110246889737e-05
