cell,nuclide,score,mean,std. dev.
40,Li6,"(n,Xt)",1.1655101078912107,0.0014292634379508573
40,Li7,"(n,Xt)",0.02724506459348828,8.38831031045854e-05
37,Li6,"(n,Xt)",0.13137491567259654,0.0002959786530351514
37,Li7,"(n,Xt)",0.01794476113420429,2.331127525885173e-05
