cell,nuclide,score,mean,std. dev.
50,Li6,"(n,Xt)",1.1692660873351088,0.0015089210364802575
50,Li7,"(n,Xt)",0.026682279731706775,7.80838301293041e-05
47,Li6,"(n,Xt)",0.1304131762877157,0.0002930982178600981
47,Li7,"(n,Xt)",0.017699756192014787,2.156966243101205e-05
