cell,nuclide,score,mean,std. dev.
60,Li6,"(n,Xt)",1.1696956486440262,0.0012623698163668502
60,Li7,"(n,Xt)",0.026060918129737626,8.586028398334507e-05
57,Li6,"(n,Xt)",0.1292042384749847,0.0002485948382373868
57,Li7,"(n,Xt)",0.017428683909876543,2.078258037500701e-05
