cell,nuclide,score,mean,std. dev.
80,Li6,"(n,Xt)",1.1741102044336376,0.0011050372315297857
80,Li7,"(n,Xt)",0.024609687897115068,8.790413002646154e-05
77,Li6,"(n,Xt)",0.12706345557973614,0.00016530767089897004
77,Li7,"(n,Xt)",0.016791796818363323,1.5420843314023202e-05
