cell,nuclide,score,mean,std. dev.
90,Li6,"(n,Xt)",1.1783849929069725,0.0015236516952776137
90,Li7,"(n,Xt)",0.023836952965922826,8.817777648098783e-05
87,Li6,"(n,Xt)",0.12558934785567644,0.0002490151138269752
87,Li7,"(n,Xt)",0.016419303248639147,1.5077652113759545e-05
