cell,nuclide,score,mean,std. dev.
100,Li6,"(n,Xt)",1.1844328936404982,0.001163285110869535
100,Li7,"(n,Xt)",0.02295466705872005,9.381187088520476e-05
97,Li6,"(n,Xt)",0.12377143888469204,0.0002464560038973374
97,Li7,"(n,Xt)",0.015997558671147726,1.2848697225253736e-05
