cell,nuclide,score,mean,std. dev.
110,Li6,"(n,Xt)",1.1858421371662586,0.0015779027723487572
110,Li7,"(n,Xt)",0.021977401215024252,8.013407437950324e-05
107,Li6,"(n,Xt)",0.12187150760344509,0.00012967754893954546
107,Li7,"(n,Xt)",0.015513515714480347,1.385304651501626e-05
