cell,nuclide,score,mean,std. dev.
20,Li6,"(n,Xt)",1.1609858157117636,0.0004455190914258529
20,Li7,"(n,Xt)",0.028223723745302798,9.379379887211714e-05
17,Li6,"(n,Xt)",0.13263901642302758,0.000239596826100462
17,Li7,"(n,Xt)",0.018377817702042918,2.3992769965364927e-05
