cell,nuclide,score,mean,std. dev.
120,Li6,"(n,Xt)",1.1896006679527587,0.001000107103112987
120,Li7,"(n,Xt)",0.020876764267425168,7.69779918788379e-05
117,Li6,"(n,Xt)",0.11943632357887149,0.00023996000976059798
117,Li7,"(n,Xt)",0.01497285514249216,1.7405782582377895e-05
