cell,nuclide,score,mean,std. dev.
130,Li6,"(n,Xt)",1.193558842684641,0.0009106284829968012
130,Li7,"(n,Xt)",0.019635970812987697,6.763363975220367e-05
127,Li6,"(n,Xt)",0.11687869329995948,0.00015706843119738128
127,Li7,"(n,Xt)",0.014355705398831641,1.646286494133503e-05
