cell,nuclide,score,mean,std. dev.
140,Li6,"(n,Xt)",1.1982586780475573,0.0010675857491330586
140,Li7,"(n,Xt)",0.018250146012535988,7.017668759686001e-05
137,Li6,"(n,Xt)",0.1143433144290023,0.0002260403027784816
137,Li7,"(n,Xt)",0.0136298683840043,1.4541670892226561e-05
