cell,nuclide,score,mean,std. dev.
150,Li6,"(n,Xt)",1.1996800043106237,0.00119512370350489
150,Li7,"(n,Xt)",0.016685233905195093,6.422802385421073e-05
147,Li6,"(n,Xt)",0.11007424410201103,0.000246907249738461
147,Li7,"(n,Xt)",0.012767117022731455,1.332378379376668e-05
