cell,nuclide,score,mean,std. dev.
160,Li6,"(n,Xt)",1.2047888878026414,0.001039608790393099
160,Li7,"(n,Xt)",0.014856594239917476,6.345029483787807e-05
157,Li6,"(n,Xt)",0.10494663665164006,0.00016371683445409136
157,Li7,"(n,Xt)",0.011714971935301858,1.1800978124488772e-05
