cell,nuclide,score,mean,std. dev.
170,Li6,"(n,Xt)",1.2090781537969468,0.0012428114626861547
170,Li7,"(n,Xt)",0.012751368631250573,4.5194257989570944e-05
167,Li6,"(n,Xt)",0.09801314238349951,0.0001224675444894779
167,Li7,"(n,Xt)",0.010431840033243937,1.2230897486052173e-05
