cell,nuclide,score,mean,std. dev.
180,Li6,"(n,Xt)",1.205649173990618,0.0011860231332676424
180,Li7,"(n,Xt)",0.01030975310020326,3.5889728020329014e-05
177,Li6,"(n,Xt)",0.08910890637328069,0.0001186132333960626
177,Li7,"(n,Xt)",0.008825810388083279,8.811212165278612e-06
