cell,nuclide,score,mean,std. dev.
190,Li6,"(n,Xt)",1.1888105511596876,0.0010688874653286056
190,Li7,"(n,Xt)",0.007415684501783673,2.3940455914255077e-05
187,Li6,"(n,Xt)",0.07576788863138599,9.628403845487958e-05
187,Li7,"(n,Xt)",0.006746671864079632,6.521887271732855e-06
