wppm,mean,std. dev.
0.0,1.1889869529574584,0.0009156878226535188
50.0,1.1919123671308378,0.0014570695368528058
