wppm,mean,std. dev.
0.0,1.1742785356473453,0.0011206713685741308
50.0,1.179210039019084,0.0010502737733331076
