wppm,mean,std. dev.
0.0,1.1820951369525758,0.001029915615698123
50.0,1.1848550379847906,0.001326043706630856
