wppm,mean,std. dev.
0.0,1.1756408734262638,0.0007124555211659365
50.0,1.1797430863521599,0.0011894572408853925
