wppm,mean,std. dev.
0.0,1.1781356172845028,0.0008598188130862076
50.0,1.1809620397582037,0.001175218578209624
