wppm,mean,std. dev.
0.0,1.1732660300002913,0.001020583555016528
50.0,1.17934092928295,0.0012232166996176057
