wppm,mean,std. dev.
0.0,1.1756995983160452,0.000645848632129202
50.0,1.1786706270437683,0.0009144618564045084
