wppm,mean,std. dev.
0.0,1.1738791374249533,0.0007826566327476776
50.0,1.1777275038538055,0.0011650063640293196
