wppm,mean,std. dev.
0.0,1.1737575081448004,0.0007983702271680007
50.0,1.1787035943462336,0.0014414636101293809
