wppm,mean,std. dev.
0.0,1.1830318119450283,0.0007789079585497986
50.0,1.1871126846148978,0.0010592151158246043
