wppm,mean,std. dev.
0.0,1.1753487235340057,0.0010020498305251407
50.0,1.1809205866101984,0.000961726189579063
