cell,nuclide,score,mean,std. dev.
20,Li6,"(n,Xt)",0.07723819415261086,0.00010533632197838766
20,Li7,"(n,Xt)",0.01903939290665558,2.3050851112128882e-05
23,Li6,"(n,Xt)",0.9965435081424985,0.0012013831256030088
23,Li7,"(n,Xt)",0.08568433078817664,0.00012402309860873106
26,Li6,"(n,Xt)",0.0007315440456628226,2.9399721420340852e-05
26,Li7,"(n,Xt)",1.0298642458597173e-05,1.5394365880633542e-06
