cell,nuclide,score,mean,std. dev.
30,Li6,"(n,Xt)",0.9629091235749634,0.001241851159215628
30,Li7,"(n,Xt)",0.05628670704072221,7.063572968138304e-05
27,Li6,"(n,Xt)",0.25477589285126356,0.0005218716843399773
27,Li7,"(n,Xt)",0.02004929881908154,2.966835615782294e-05
