cell,nuclide,score,mean,std. dev.
40,Li6,"(n,Xt)",0.9633327645176898,0.0010690908207808948
40,Li7,"(n,Xt)",0.055320033278120184,6.563160821397541e-05
37,Li6,"(n,Xt)",0.2543160719752188,0.00039115654901115656
37,Li7,"(n,Xt)",0.019808809609458643,2.9069025534454978e-05
