cell,nuclide,score,mean,std. dev.
50,Li6,"(n,Xt)",0.9658869738114912,0.0010885313069226013
50,Li7,"(n,Xt)",0.05415843784718301,8.789983125150114e-05
47,Li6,"(n,Xt)",0.25343139702666406,0.0003853666562460497
47,Li7,"(n,Xt)",0.019539961929036714,2.7825887839651592e-05
