cell,nuclide,score,mean,std. dev.
60,Li6,"(n,Xt)",0.9689115127240605,0.0011482618599016178
60,Li7,"(n,Xt)",0.05288905743012765,8.980035000581067e-05
57,Li6,"(n,Xt)",0.2529232167736112,0.000656709680553348
57,Li7,"(n,Xt)",0.019230848583361708,2.655907037156187e-05
