cell,nuclide,score,mean,std. dev.
70,Li6,"(n,Xt)",0.9742129857380679,0.0007423775996958186
70,Li7,"(n,Xt)",0.05155353957209936,7.815728429662042e-05
67,Li6,"(n,Xt)",0.2529167202492132,0.0007837648243430058
67,Li7,"(n,Xt)",0.018891285422430563,2.27882541221114e-05
