cell,nuclide,score,mean,std. dev.
80,Li6,"(n,Xt)",0.9755780690737426,0.0011329429258419203
80,Li7,"(n,Xt)",0.05008943608153345,6.371069816885872e-05
77,Li6,"(n,Xt)",0.25227107580372327,0.00045125674066811
77,Li7,"(n,Xt)",0.018533091997442862,2.632763753828338e-05
