cell,nuclide,score,mean,std. dev.
100,Li6,"(n,Xt)",0.98157529986524,0.0009193975911831602
100,Li7,"(n,Xt)",0.046763476202331705,6.714783738169884e-05
97,Li6,"(n,Xt)",0.2514755371984932,0.0006025474495581284
97,Li7,"(n,Xt)",0.01764775607926375,2.504745072065497e-05
