cell,nuclide,score,mean,std. dev.
20,Li6,"(n,Xt)",0.9607352335559748,0.0011972906822006202
20,Li7,"(n,Xt)",0.05725213131429903,7.37266047111604e-05
17,Li6,"(n,Xt)",0.25412802641865145,0.000394460041433705
17,Li7,"(n,Xt)",0.020288404028720883,2.7614247282727227e-05
