cell,nuclide,score,mean,std. dev.
120,Li6,"(n,Xt)",0.988374943721135,0.0010312555782199177
120,Li7,"(n,Xt)",0.04254754008077949,8.314945804989867e-05
117,Li6,"(n,Xt)",0.2509949612198524,0.0004568701005774529
117,Li7,"(n,Xt)",0.01651761212768892,1.7491591496672523e-05
