cell,nuclide,score,mean,std. dev.
130,Li6,"(n,Xt)",0.9915114759099181,0.0007925848700840655
130,Li7,"(n,Xt)",0.040082058241089166,6.801245100603734e-05
127,Li6,"(n,Xt)",0.25009667539987435,0.0005068905915620017
127,Li7,"(n,Xt)",0.01581275650801018,1.8665641740093183e-05
