cell,nuclide,score,mean,std. dev.
140,Li6,"(n,Xt)",0.9981183564536371,0.001441946887753914
140,Li7,"(n,Xt)",0.037347960595698546,7.264642853869072e-05
137,Li6,"(n,Xt)",0.2486600506962307,0.0003233284513118012
137,Li7,"(n,Xt)",0.015004606809532296,1.641398194572438e-05
