cell,nuclide,score,mean,std. dev.
150,Li6,"(n,Xt)",1.0007308756951256,0.00106146991940314
150,Li7,"(n,Xt)",0.034183142034078504,4.4272780413703156e-05
147,Li6,"(n,Xt)",0.2463978948449343,0.0005160589178983487
147,Li7,"(n,Xt)",0.014058703886553368,1.2559085578603375e-05
