cell,nuclide,score,mean,std. dev.
160,Li6,"(n,Xt)",1.0016265703599552,0.0014163707067155222
160,Li7,"(n,Xt)",0.03052781575974326,3.818315963936052e-05
157,Li6,"(n,Xt)",0.2431675214802353,0.000587347470900532
157,Li7,"(n,Xt)",0.01289839623553792,1.4336381369137302e-05
