cell,nuclide,score,mean,std. dev.
170,Li6,"(n,Xt)",1.0023179669383542,0.0015522992176195797
170,Li7,"(n,Xt)",0.026292381221796675,2.8621269652214656e-05
167,Li6,"(n,Xt)",0.2385166574837637,0.0006410438548681161
167,Li7,"(n,Xt)",0.011484533006471783,1.40208042755026e-05
