cell,nuclide,score,mean,std. dev.
180,Li6,"(n,Xt)",0.9965017776891838,0.0006631890490344813
180,Li7,"(n,Xt)",0.02129635106456432,2.5167305083459755e-05
177,Li6,"(n,Xt)",0.2299363613230625,0.0004786800036329441
177,Li7,"(n,Xt)",0.009698443357550117,1.1541732533980064e-05
