cell,nuclide,score,mean,std. dev.
190,Li6,"(n,Xt)",0.9751133871389941,0.0009334124390140083
190,Li7,"(n,Xt)",0.015358175969884374,3.1557425592978614e-05
187,Li6,"(n,Xt)",0.21586649633905552,0.0003310639567733075
187,Li7,"(n,Xt)",0.0074034775579727334,1.1000183836298999e-05
