cell,nuclide,score,mean,std. dev.
50,Li6,"(n,Xt)",0.9266743169853525,0.000619079089720597
50,Li7,"(n,Xt)",0.08747204662066822,0.00016131150057221812
47,Li6,"(n,Xt)",0.13016106065698796,0.0002288639245751874
47,Li7,"(n,Xt)",0.022510012681355406,2.4242771333654882e-05
