cell,nuclide,score,mean,std. dev.
50,Li6,"(n,Xt)",1.0040025189417583,0.0010970007729865351
50,Li7,"(n,Xt)",0.04053488070096338,9.710548439774223e-05
47,Li6,"(n,Xt)",0.22335784816042215,0.0003034065892365218
47,Li7,"(n,Xt)",0.010484978204278173,1.6449399391176985e-05
