cell,nuclide,score,mean,std. dev.
40,Li6,"(n,Xt)",1.0359461532774215,0.00125120159202568
40,Li7,"(n,Xt)",0.06480676403957052,9.416623465810861e-05
37,Li6,"(n,Xt)",0.12460745210818328,0.00013066159584767967
37,Li7,"(n,Xt)",0.014862530108012067,1.3523391065718414e-05
