cell,nuclide,score,mean,std. dev.
50,Li6,"(n,Xt)",1.0302104934801029,0.0011273435762016674
50,Li7,"(n,Xt)",0.04254277804357843,5.6125520495599626e-05
47,Li6,"(n,Xt)",0.16059082512984885,0.00023396211712285405
47,Li7,"(n,Xt)",0.009928496132210182,9.469470852879807e-06
