cell,nuclide,score,mean,std. dev.
20,Li6,"(n,Xt)",1.0138021730120188,0.001450983256274599
20,Li7,"(n,Xt)",0.0808682520560913,0.00010078553113587093
17,Li6,"(n,Xt)",0.07746951581009039,0.00016618572461747972
17,Li7,"(n,Xt)",0.018306276831357764,1.910390127263168e-05
