cell,nuclide,score,mean,std. dev.
60,Li6,"(n,Xt)",1.0197381418767382,0.0010671172869285304
60,Li7,"(n,Xt)",0.02095491249067572,2.8895202978480158e-05
57,Li6,"(n,Xt)",0.18525635199511703,0.00029984673124359886
57,Li7,"(n,Xt)",0.004973755421947506,4.748005983617537e-06
