cell,nuclide,score,mean,std. dev.
10,Li6,"(n,Xt)",0.8128386595992797,0.0008613837148386427
10,Li7,"(n,Xt)",0.03572537425607558,0.00010407215713806286
6,Li6,"(n,Xt)",0.47183470898497826,0.0009608918608153044
6,Li7,"(n,Xt)",0.0207519108398272,2.828215665024004e-05
