cell,nuclide,score,mean,std. dev.
30,Li6,"(n,Xt)",0.8143666146450407,0.000987330768826564
30,Li7,"(n,Xt)",0.034714312019477146,0.00011991284217187431
27,Li6,"(n,Xt)",0.4698156307690822,0.0011985892370695837
27,Li7,"(n,Xt)",0.02029613175591556,2.8028538768359e-05
