cell,nuclide,score,mean,std. dev.
40,Li6,"(n,Xt)",0.8145598669421774,0.0013457291355391944
40,Li7,"(n,Xt)",0.0341085829234022,0.00011925207507410823
37,Li6,"(n,Xt)",0.4710141614168286,0.0007978395875209046
37,Li7,"(n,Xt)",0.020045561964990882,2.5485008300554336e-05
