cell,nuclide,score,mean,std. dev.
50,Li6,"(n,Xt)",0.8168420420909019,0.0011810939311667926
50,Li7,"(n,Xt)",0.033466267677236,0.00013156178183485509
47,Li6,"(n,Xt)",0.47051224617433335,0.0005778319134856039
47,Li7,"(n,Xt)",0.019786315301935593,2.500782824812781e-05
