cell,nuclide,score,mean,std. dev.
70,Li6,"(n,Xt)",0.8180636798547158,0.0006720850820635543
70,Li7,"(n,Xt)",0.03191061673842491,0.0001104133764021744
67,Li6,"(n,Xt)",0.4685712002642452,0.0006620864780791635
67,Li7,"(n,Xt)",0.019135042660304084,2.3327118756688418e-05
