cell,nuclide,score,mean,std. dev.
80,Li6,"(n,Xt)",0.819787424053605,0.001366717873105232
80,Li7,"(n,Xt)",0.03099575439039375,9.762056748299814e-05
77,Li6,"(n,Xt)",0.46849827139976863,0.0004932289192598841
77,Li7,"(n,Xt)",0.018765966112807286,2.3783844630948762e-05
