cell,nuclide,score,mean,std. dev.
90,Li6,"(n,Xt)",0.8210550866575019,0.000906281785605265
90,Li7,"(n,Xt)",0.03004924561484698,8.04298244199667e-05
87,Li6,"(n,Xt)",0.46761293621032,0.0005414582632940021
87,Li7,"(n,Xt)",0.018338930952339898,2.195615136793588e-05
