cell,nuclide,score,mean,std. dev.
100,Li6,"(n,Xt)",0.8212796725526925,0.001156677794677074
100,Li7,"(n,Xt)",0.028984942148889397,9.109756434793084e-05
97,Li6,"(n,Xt)",0.46522799117400365,0.0007023858655576293
97,Li7,"(n,Xt)",0.017875502433667534,2.255079166643317e-05
