cell,nuclide,score,mean,std. dev.
110,Li6,"(n,Xt)",0.8196618765366317,0.0010036476877353505
110,Li7,"(n,Xt)",0.027863435474881564,7.150029724004627e-05
107,Li6,"(n,Xt)",0.46462239527639254,0.0010186644910160911
107,Li7,"(n,Xt)",0.017337856189284222,2.075324707772926e-05
