cell,nuclide,score,mean,std. dev.
120,Li6,"(n,Xt)",0.8199210370007923,0.0012352303660046865
120,Li7,"(n,Xt)",0.026553874815615462,7.209722585622928e-05
117,Li6,"(n,Xt)",0.463452081120444,0.0010169393942048364
117,Li7,"(n,Xt)",0.01674124358806211,1.9716188952599487e-05
