cell,nuclide,score,mean,std. dev.
130,Li6,"(n,Xt)",0.8200206291086684,0.0010219355961666615
130,Li7,"(n,Xt)",0.02500723977348137,6.748909827096125e-05
127,Li6,"(n,Xt)",0.46249316236973054,0.0006275535437209935
127,Li7,"(n,Xt)",0.0160359653241579,2.0193871293249678e-05
