cell,nuclide,score,mean,std. dev.
140,Li6,"(n,Xt)",0.8186534792956497,0.000954893037463393
140,Li7,"(n,Xt)",0.02334992328607182,6.314616523218954e-05
137,Li6,"(n,Xt)",0.45901905480917876,0.0009712249671580321
137,Li7,"(n,Xt)",0.015219524434396134,1.6079416660866463e-05
