cell,nuclide,score,mean,std. dev.
150,Li6,"(n,Xt)",0.8187215088633824,0.0009945141783453387
150,Li7,"(n,Xt)",0.02142044254683899,6.703502663279375e-05
147,Li6,"(n,Xt)",0.4551863918386319,0.0005586729982413601
147,Li7,"(n,Xt)",0.0142697650185825,1.7589858452732054e-05
