cell,nuclide,score,mean,std. dev.
160,Li6,"(n,Xt)",0.8150737796479417,0.0011081026382769525
160,Li7,"(n,Xt)",0.01914013496639656,4.651675101318819e-05
157,Li6,"(n,Xt)",0.4503023053478173,0.0008245483351374844
157,Li7,"(n,Xt)",0.01309551523228544,1.4797661542774315e-05
