cell,nuclide,score,mean,std. dev.
170,Li6,"(n,Xt)",0.8082026335079604,0.00124214928752562
170,Li7,"(n,Xt)",0.016552687159121924,3.849253200437195e-05
167,Li6,"(n,Xt)",0.4437295783359466,0.0007147681233402982
167,Li7,"(n,Xt)",0.011658596584942407,1.5629457931479753e-05
