cell,nuclide,score,mean,std. dev.
180,Li6,"(n,Xt)",0.7968838876961721,0.0014576019847200564
180,Li7,"(n,Xt)",0.013434568755509853,3.421171743838996e-05
177,Li6,"(n,Xt)",0.4301218142853408,0.0006855430323918066
177,Li7,"(n,Xt)",0.009855466874836263,1.32174843911126e-05
