cell,nuclide,score,mean,std. dev.
10,Li6,"(n,Xt)",1.1348637699749176,0.0007965972195688704
10,Li7,"(n,Xt)",0.04300204103281514,8.283257274864741e-05
6,Li6,"(n,Xt)",0.1141299978604617,0.00024639784321029096
6,Li7,"(n,Xt)",0.018654476586776506,2.291522896082828e-05
