cell,nuclide,score,mean,std. dev.
30,Li6,"(n,Xt)",1.1428553156954364,0.001206706673780425
30,Li7,"(n,Xt)",0.041531068858592854,9.261131741621492e-05
27,Li6,"(n,Xt)",0.11321655722664063,0.0001652584783533353
27,Li7,"(n,Xt)",0.018245531983732393,2.0054212654367648e-05
