cell,nuclide,score,mean,std. dev.
40,Li6,"(n,Xt)",1.145787039089723,0.001175116302448657
40,Li7,"(n,Xt)",0.040747933989179384,8.272314371778172e-05
37,Li6,"(n,Xt)",0.11279899801140927,0.0002160013620252575
37,Li7,"(n,Xt)",0.01802350380564967,2.0742810681211118e-05
