cell,nuclide,score,mean,std. dev.
50,Li6,"(n,Xt)",1.148846106961917,0.0009658963984932061
50,Li7,"(n,Xt)",0.03991390352933206,8.616127886039534e-05
47,Li6,"(n,Xt)",0.11234231680203818,0.00020203604112728623
47,Li7,"(n,Xt)",0.017771976195624907,2.01750440460819e-05
