cell,nuclide,score,mean,std. dev.
60,Li6,"(n,Xt)",1.1512095938147353,0.0010493201398570349
60,Li7,"(n,Xt)",0.03893499869923237,7.681586830815985e-05
57,Li6,"(n,Xt)",0.11165204688785031,0.00018344976632944977
57,Li7,"(n,Xt)",0.017500718269428887,2.0825039882619625e-05
