cell,nuclide,score,mean,std. dev.
70,Li6,"(n,Xt)",1.153878613393425,0.0011951298579366567
70,Li7,"(n,Xt)",0.03792855096168933,9.191764235660796e-05
67,Li6,"(n,Xt)",0.11074269275288558,0.0002740671231289662
67,Li7,"(n,Xt)",0.017187634862286524,1.7356404527489845e-05
