cell,nuclide,score,mean,std. dev.
80,Li6,"(n,Xt)",1.1567798839253878,0.001251765867446568
80,Li7,"(n,Xt)",0.03681603446530184,8.34595396555477e-05
77,Li6,"(n,Xt)",0.10993119674100063,0.00020462008643638304
77,Li7,"(n,Xt)",0.016860857874965732,1.636200136021339e-05
