cell,nuclide,score,mean,std. dev.
90,Li6,"(n,Xt)",1.161595224853024,0.0012457969736272205
90,Li7,"(n,Xt)",0.035659295952139736,8.012716908221332e-05
87,Li6,"(n,Xt)",0.10927484056753692,0.00014731825704964311
87,Li7,"(n,Xt)",0.01648556928761081,1.4090520343469558e-05
