cell,nuclide,score,mean,std. dev.
110,Li6,"(n,Xt)",1.1714224519433167,0.0011983703341522847
110,Li7,"(n,Xt)",0.032859295415501553,9.052959895180039e-05
107,Li6,"(n,Xt)",0.10649665771629227,0.00021695411630175566
107,Li7,"(n,Xt)",0.015575837611627836,1.441404622127265e-05
