cell,nuclide,score,mean,std. dev.
20,Li6,"(n,Xt)",1.1396170645090768,0.0010534172406701458
20,Li7,"(n,Xt)",0.04230531364934253,8.344058016001308e-05
17,Li6,"(n,Xt)",0.11386435759310001,0.0002185178883308309
17,Li7,"(n,Xt)",0.018460627210013174,2.1292905055157835e-05
