cell,nuclide,score,mean,std. dev.
120,Li6,"(n,Xt)",1.1781513793670058,0.0010783657582751852
120,Li7,"(n,Xt)",0.031197176862948938,8.922483952781422e-05
117,Li6,"(n,Xt)",0.10466826881762077,0.00014558240455918916
117,Li7,"(n,Xt)",0.01503592193751307,1.7214793018547918e-05
