cell,nuclide,score,mean,std. dev.
130,Li6,"(n,Xt)",1.1814274463401815,0.0012862744904409862
130,Li7,"(n,Xt)",0.029314052892220704,6.782896033984857e-05
127,Li6,"(n,Xt)",0.10305646007810292,0.0001558653466169145
127,Li7,"(n,Xt)",0.014412180487610235,1.766443164246589e-05
