cell,nuclide,score,mean,std. dev.
140,Li6,"(n,Xt)",1.1900224888408473,0.0013152315361660198
140,Li7,"(n,Xt)",0.02726276074554812,7.256967423474313e-05
137,Li6,"(n,Xt)",0.1006859558015194,0.00023820640595614257
137,Li7,"(n,Xt)",0.013678491379857643,1.4652397518026198e-05
