cell,nuclide,score,mean,std. dev.
150,Li6,"(n,Xt)",1.1952401922728746,0.0011677964264750606
150,Li7,"(n,Xt)",0.02490719655941786,6.175474205662003e-05
147,Li6,"(n,Xt)",0.09752416330251082,0.00021952501205348254
147,Li7,"(n,Xt)",0.012804250227192024,1.3831742372742342e-05
