cell,nuclide,score,mean,std. dev.
170,Li6,"(n,Xt)",1.208069920066314,0.0010646329091044272
170,Li7,"(n,Xt)",0.0190473432731481,3.584828547871612e-05
167,Li6,"(n,Xt)",0.088538472660907,0.0001722102033394078
167,Li7,"(n,Xt)",0.010459623585101026,1.1821964847767484e-05
