cell,nuclide,score,mean,std. dev.
180,Li6,"(n,Xt)",1.2090095124293914,0.0020471132639066944
180,Li7,"(n,Xt)",0.015374079466149137,2.560538526400221e-05
177,Li6,"(n,Xt)",0.08131094357437992,8.10603242366977e-05
177,Li7,"(n,Xt)",0.008845276098362819,8.191118101779583e-06
