cell,nuclide,score,mean,std. dev.
190,Li6,"(n,Xt)",1.1954976683126237,0.0012575411672167078
190,Li7,"(n,Xt)",0.011068214125943197,2.4233663804472852e-05
187,Li6,"(n,Xt)",0.06981373921564059,0.00012323782585812375
187,Li7,"(n,Xt)",0.006759080847433723,7.78949682128456e-06
