cell,nuclide,score,mean,std. dev.
50,Li6,"(n,Xt)",1.0257291379189941,0.0011767129478962815
50,Li7,"(n,Xt)",0.042484565062419974,8.125884240516857e-05
47,Li6,"(n,Xt)",0.17130325579093011,0.0003311507217434562
47,Li7,"(n,Xt)",0.01038152234629346,1.4368980932115136e-05
