cell,nuclide,score,mean,std. dev.
60,Li6,"(n,Xt)",1.0142345561222212,0.0012344465365134985
60,Li7,"(n,Xt)",0.020871202274378102,3.691179392758221e-05
57,Li6,"(n,Xt)",0.1988590537121395,0.0004345543329289272
57,Li7,"(n,Xt)",0.00520323694683017,7.255908936652809e-06
