cell,nuclide,score,mean,std. dev.
70,Li6,"(n,Xt)",0.8541755717339246,0.0011607234816406553
70,Li7,"(n,Xt)",0.12280601229792656,0.00018044551864733696
67,Li6,"(n,Xt)",0.0918347731460632,0.00018836188510278336
67,Li7,"(n,Xt)",0.036736512010450244,3.863963380466383e-05
