cell,nuclide,score,mean,std. dev.
30,Li6,"(n,Xt)",0.9956386438532542,0.0013129497275857962
30,Li7,"(n,Xt)",0.075369994214148,0.00016388444795954678
27,Li6,"(n,Xt)",0.14615068698166697,0.00031940898738026135
27,Li7,"(n,Xt)",0.01903538775304053,2.733710986419495e-05
