cell,nuclide,score,mean,std. dev.
40,Li6,"(n,Xt)",0.9993253912116928,0.001329057411746885
40,Li7,"(n,Xt)",0.06678674848673072,0.00014953992943770333
37,Li6,"(n,Xt)",0.17492719578181182,0.0003873147464705668
37,Li7,"(n,Xt)",0.01700095524733731,2.2832442210724304e-05
