cell,nuclide,score,mean,std. dev.
50,Li6,"(n,Xt)",0.9871566572788201,0.0010825777418488464
50,Li7,"(n,Xt)",0.04590286711931886,9.404838311864693e-05
47,Li6,"(n,Xt)",0.2203673953231605,0.00032695037537092977
47,Li7,"(n,Xt)",0.011895613634016722,1.5143943327783932e-05
