cell,nuclide,score,mean,std. dev.
20,Li6,"(n,Xt)",0.981081572902113,0.0014238397431710326
20,Li7,"(n,Xt)",0.08189540644580806,0.00019090102718663981
17,Li6,"(n,Xt)",0.11246762926742912,0.0002334292800773507
17,Li7,"(n,Xt)",0.02054913238790878,3.124549279009391e-05
