cell,nuclide,score,mean,std. dev.
50,Li6,"(n,Xt)",0.9318601373810151,0.0009650888845869191
50,Li7,"(n,Xt)",0.04221246732196488,5.558794353004207e-05
47,Li6,"(n,Xt)",0.22767384670497517,0.0005320461618628924
47,Li7,"(n,Xt)",0.015381879148431296,1.3149957089714823e-05
