cell,nuclide,score,mean,std. dev.
6,Li6,"(n,Xt)",0.09061421775336165,0.00017745621521755197
6,Li7,"(n,Xt)",0.0189193024671458,2.5622353005167116e-05
10,Li6,"(n,Xt)",0.7446131254223106,0.0007051604685588502
10,Li7,"(n,Xt)",0.05452610212329127,8.685599893720656e-05
13,Li6,"(n,Xt)",0.3369450214985742,0.001114937905063204
13,Li7,"(n,Xt)",0.011683865237540536,4.9523909939377055e-05
