cell,nuclide,score,mean,std. dev.
33,Li6,"(n,Xt)",0.09041774811906134,0.0001672016740423885
33,Li7,"(n,Xt)",0.018498002795015962,2.5870236034111308e-05
36,Li6,"(n,Xt)",0.7486193223834703,0.000842203690277893
36,Li7,"(n,Xt)",0.052906688425540124,9.914801943370683e-05
39,Li6,"(n,Xt)",0.3411260797692227,0.0007949375620097813
39,Li7,"(n,Xt)",0.011141945647254795,3.5927475239020476e-05
