cell,nuclide,score,mean,std. dev.
46,Li6,"(n,Xt)",0.09004670955631314,0.00016714140406447932
46,Li7,"(n,Xt)",0.018271285755936725,2.7379489043208165e-05
49,Li6,"(n,Xt)",0.74972597708672,0.0011176243672622024
49,Li7,"(n,Xt)",0.05200380071783679,9.384763976130418e-05
52,Li6,"(n,Xt)",0.34478914995789545,0.0009801296413524496
52,Li7,"(n,Xt)",0.010863954982889282,3.236352610067851e-05
