cell,nuclide,score,mean,std. dev.
59,Li6,"(n,Xt)",0.08991902608575451,0.0001691909156841227
59,Li7,"(n,Xt)",0.018026085325801366,2.3653361543171498e-05
62,Li6,"(n,Xt)",0.7498532423830825,0.0008508242021298628
62,Li7,"(n,Xt)",0.050990397454599004,8.584454171805171e-05
65,Li6,"(n,Xt)",0.3470209999810859,0.0007148014605357551
65,Li7,"(n,Xt)",0.010558343495849562,3.2741368584611634e-05
