cell,nuclide,score,mean,std. dev.
85,Li6,"(n,Xt)",0.08922604971314381,0.00010297937730025102
85,Li7,"(n,Xt)",0.01742793614279074,2.037999482972929e-05
88,Li6,"(n,Xt)",0.7527062720180633,0.0005446590121280178
88,Li7,"(n,Xt)",0.04876147792016885,8.370460317823838e-05
91,Li6,"(n,Xt)",0.35344836891280584,0.0007647834619512955
91,Li7,"(n,Xt)",0.009900623939323021,4.5163445570933964e-05
