cell,nuclide,score,mean,std. dev.
98,Li6,"(n,Xt)",0.08901187167167723,0.00014778597102493702
98,Li7,"(n,Xt)",0.017084395870786962,2.0030342940433084e-05
101,Li6,"(n,Xt)",0.755136613881483,0.0011093031038491084
101,Li7,"(n,Xt)",0.04749965106363855,8.737093228060512e-05
104,Li6,"(n,Xt)",0.3564779165584396,0.0008100126173288753
104,Li7,"(n,Xt)",0.009527130017636026,3.876357383971194e-05
