cell,nuclide,score,mean,std. dev.
111,Li6,"(n,Xt)",0.08830108456022369,0.0001560900364968978
111,Li7,"(n,Xt)",0.01670039408429367,1.817048612907702e-05
114,Li6,"(n,Xt)",0.7565431347526586,0.0008777498905276962
114,Li7,"(n,Xt)",0.046036515430262305,7.069361801511498e-05
117,Li6,"(n,Xt)",0.3625148880726591,0.0008748379619016122
117,Li7,"(n,Xt)",0.009122022881017098,4.786887333438441e-05
