cell,nuclide,score,mean,std. dev.
137,Li6,"(n,Xt)",0.08719534738816048,0.0001704906544768711
137,Li7,"(n,Xt)",0.015776704304160862,1.5941718502568662e-05
140,Li6,"(n,Xt)",0.758088883579003,0.0013515382668542457
140,Li7,"(n,Xt)",0.04262929886421244,8.961575449510935e-05
143,Li6,"(n,Xt)",0.37445823833967135,0.00034447446006233366
143,Li7,"(n,Xt)",0.008182394829027384,2.8714698557837074e-05
