cell,nuclide,score,mean,std. dev.
20,Li6,"(n,Xt)",0.09045516384680621,0.00012121932575658927
20,Li7,"(n,Xt)",0.018715678876779596,2.6156645036534323e-05
23,Li6,"(n,Xt)",0.7463223746277869,0.001004392547043056
23,Li7,"(n,Xt)",0.05374250130386628,7.884625834110172e-05
26,Li6,"(n,Xt)",0.33943915399851965,0.000844943197184511
26,Li7,"(n,Xt)",0.0114039473601657,4.4223390757453e-05
