cell,nuclide,score,mean,std. dev.
150,Li6,"(n,Xt)",0.08672346082448498,0.00011569402863140121
150,Li7,"(n,Xt)",0.015213373379041158,1.774031635408343e-05
153,Li6,"(n,Xt)",0.7591244229768088,0.000801884665990483
153,Li7,"(n,Xt)",0.040613574058637546,9.108100277668999e-05
156,Li6,"(n,Xt)",0.38256486247199717,0.0007604599302119999
156,Li7,"(n,Xt)",0.007627088488190677,2.6976512619393284e-05
