cell,nuclide,score,mean,std. dev.
163,Li6,"(n,Xt)",0.08549151289793411,0.0002568636219700392
163,Li7,"(n,Xt)",0.014577069208957549,1.825804168951602e-05
166,Li6,"(n,Xt)",0.7610531856932613,0.0011896436263799364
166,Li7,"(n,Xt)",0.03835822876326743,9.46344502592566e-05
169,Li6,"(n,Xt)",0.3910787907384791,0.00104587148783133
169,Li7,"(n,Xt)",0.007016879707415517,3.253346259160452e-05
