cell,nuclide,score,mean,std. dev.
176,Li6,"(n,Xt)",0.08396339850533198,0.00014623953749639878
176,Li7,"(n,Xt)",0.01382725924190394,1.6585477766386445e-05
179,Li6,"(n,Xt)",0.7582530072298599,0.0005301727844392542
179,Li7,"(n,Xt)",0.03579647098495028,8.400795299560517e-05
182,Li6,"(n,Xt)",0.4029146173669931,0.0007692077217381095
182,Li7,"(n,Xt)",0.0063853820567442736,3.229299634364495e-05
