cell,nuclide,score,mean,std. dev.
189,Li6,"(n,Xt)",0.08170782734609473,0.0001477976690492353
189,Li7,"(n,Xt)",0.012933667013820576,1.4608775132233862e-05
192,Li6,"(n,Xt)",0.7556057086469187,0.0009380444808370207
192,Li7,"(n,Xt)",0.03283878325664472,6.559378590845997e-05
195,Li6,"(n,Xt)",0.4165065047891999,0.0005582262729667796
195,Li7,"(n,Xt)",0.005683145095624097,3.757088697330091e-05
