cell,nuclide,score,mean,std. dev.
202,Li6,"(n,Xt)",0.07926920628414191,0.00015431795059910253
202,Li7,"(n,Xt)",0.01186019412849577,1.5123389061154603e-05
205,Li6,"(n,Xt)",0.7506821053481902,0.0008835189330668279
205,Li7,"(n,Xt)",0.029453969513325164,6.360550312216014e-05
208,Li6,"(n,Xt)",0.4329077080787799,0.0006726951624167395
208,Li7,"(n,Xt)",0.004916821320947267,3.6623486150578234e-05
