cell,nuclide,score,mean,std. dev.
215,Li6,"(n,Xt)",0.07550584488795448,8.796722107480199e-05
215,Li7,"(n,Xt)",0.010546728907688796,1.2589802392223974e-05
218,Li6,"(n,Xt)",0.7397295011284674,0.000762226790427056
218,Li7,"(n,Xt)",0.025535304687610984,4.501463530650098e-05
221,Li6,"(n,Xt)",0.45930899878499354,0.000783759678386267
221,Li7,"(n,Xt)",0.0040322734771461085,2.4813914670618364e-05
