cell,nuclide,score,mean,std. dev.
228,Li6,"(n,Xt)",0.0698867544764237,0.00015780274834811917
228,Li7,"(n,Xt)",0.00890820701460923,8.951685417318598e-06
231,Li6,"(n,Xt)",0.7178079585095801,0.0007627543840457503
231,Li7,"(n,Xt)",0.020778776222530892,2.1120560959831142e-05
234,Li6,"(n,Xt)",0.4915346773986428,0.0009110227564594466
234,Li7,"(n,Xt)",0.00308415042117504,1.32059772747038e-05
