cell,nuclide,score,mean,std. dev.
30,Li6,"(n,Xt)",1.004852613083196,0.0010002552291255866
30,Li7,"(n,Xt)",0.07424778223979611,0.00015979743177489922
27,Li6,"(n,Xt)",0.1377907678680293,0.000283168284935797
27,Li7,"(n,Xt)",0.01811121401807076,2.4542684664401498e-05
