cell,nuclide,score,mean,std. dev.
40,Li6,"(n,Xt)",1.0073866055480634,0.0012579877289338472
40,Li7,"(n,Xt)",0.06505675404808196,0.00012916863728813113
37,Li6,"(n,Xt)",0.16603208601004457,0.0002734887680769163
37,Li7,"(n,Xt)",0.015988937525227932,2.0976808643194476e-05
