cell,nuclide,score,mean,std. dev.
30,Li6,"(n,Xt)",0.9782327181343838,0.0012128446873310831
30,Li7,"(n,Xt)",0.08000142907768211,0.00016231597861934575
27,Li6,"(n,Xt)",0.14435161681041067,0.000335158032989262
27,Li7,"(n,Xt)",0.020742859795559943,3.1348828474852176e-05
