cell,nuclide,score,mean,std. dev.
50,Li6,"(n,Xt)",0.9712843352178451,0.0014777578829049186
50,Li7,"(n,Xt)",0.05373877113553199,0.0001026295694911351
47,Li6,"(n,Xt)",0.21354841324682053,0.0003612254276420142
47,Li7,"(n,Xt)",0.01427610400989085,2.190258856635464e-05
