cell,nuclide,score,mean,std. dev.
40,Li6,"(n,Xt)",0.9730864528593466,0.0010121851968093597
40,Li7,"(n,Xt)",0.07522047780889556,0.0001613177957956228
37,Li6,"(n,Xt)",0.16824946601986018,0.00037346917389591576
37,Li7,"(n,Xt)",0.019877554103984077,3.090554476903315e-05
