cell,nuclide,score,mean,std. dev.
50,Li6,"(n,Xt)",0.9647091985819232,0.001560629290959822
50,Li7,"(n,Xt)",0.0577413471774381,0.00012975200254979028
47,Li6,"(n,Xt)",0.20982291926123028,0.0004947219508127608
47,Li7,"(n,Xt)",0.015491055651452566,2.0935212153808832e-05
