cell,nuclide,score,mean,std. dev.
70,Li6,"(n,Xt)",0.944968627095274,0.0015175993097693817
70,Li7,"(n,Xt)",0.02402258950021536,5.291244680341126e-05
67,Li6,"(n,Xt)",0.2580169700088163,0.0002698871724915947
67,Li7,"(n,Xt)",0.006642873167575361,8.478203037915481e-06
