cell,nuclide,score,mean,std. dev.
70,Li6,"(n,Xt)",0.9449679373016033,0.001518998099140558
70,Li7,"(n,Xt)",0.024022599954630706,5.278020846502896e-05
67,Li6,"(n,Xt)",0.258012939159014,0.0002689050546109696
67,Li7,"(n,Xt)",0.006642834962594306,8.488588947134827e-06
