cell,nuclide,score,mean,std. dev.
40,Li6,"(n,Xt)",1.0783003647514857,0.0013679008356310587
40,Li7,"(n,Xt)",0.055413548009443495,0.0001286723658817712
37,Li6,"(n,Xt)",0.14354589519429237,0.00020978667786154627
37,Li7,"(n,Xt)",0.014901036031314865,2.4636459951932216e-05
