cell,nuclide,score,mean,std. dev.
50,Li6,"(n,Xt)",1.0663585260875832,0.0012287723074479123
50,Li7,"(n,Xt)",0.036326959145032894,8.240194983949461e-05
47,Li6,"(n,Xt)",0.18859429823583507,0.00037955338125585
47,Li7,"(n,Xt)",0.00996148674072123,1.692901151866927e-05
