cell,nuclide,score,mean,std. dev.
20,Li6,"(n,Xt)",1.0587024301378285,0.0010925302046865054
20,Li7,"(n,Xt)",0.06915563564368819,0.00018029606369332656
17,Li6,"(n,Xt)",0.08690170344924755,0.00019529888677752654
17,Li7,"(n,Xt)",0.018345066173674655,3.080282611037063e-05
