cell,nuclide,score,mean,std. dev.
60,Li6,"(n,Xt)",1.0523770186645778,0.0010429983215794205
60,Li7,"(n,Xt)",0.017873516811421398,4.655776113910684e-05
57,Li6,"(n,Xt)",0.2191814033023153,0.0005849798443917469
57,Li7,"(n,Xt)",0.0049895226653586065,8.796412397937948e-06
