cell,nuclide,score,mean,std. dev.
30,Li6,"(n,Xt)",1.0059269857491464,0.0013146661024411325
30,Li7,"(n,Xt)",0.07550110822981644,0.00015259308735828447
27,Li6,"(n,Xt)",0.12858886687063267,0.000219869656542417
27,Li7,"(n,Xt)",0.018016048190558378,2.513191118698922e-05
