cell,nuclide,score,mean,std. dev.
40,Li6,"(n,Xt)",1.0078208711353027,0.0011227689162923507
40,Li7,"(n,Xt)",0.06614467418441657,0.00012943174927206635
37,Li6,"(n,Xt)",0.15563148964636056,0.00027649234474698447
37,Li7,"(n,Xt)",0.015911219284868026,1.89269185393481e-05
