cell,nuclide,score,mean,std. dev.
50,Li6,"(n,Xt)",0.9991358454039506,0.001311788308312397
50,Li7,"(n,Xt)",0.04335128718531101,7.475112633936836e-05
47,Li6,"(n,Xt)",0.19823625564787012,0.0004831857072837047
47,Li7,"(n,Xt)",0.010630473366749335,1.2746041631212083e-05
