cell,nuclide,score,mean,std. dev.
60,Li6,"(n,Xt)",0.9882681722059917,0.0010704035207066798
60,Li7,"(n,Xt)",0.021303372629126734,3.317390834652959e-05
57,Li6,"(n,Xt)",0.2259661959222378,0.0002893372248929919
57,Li7,"(n,Xt)",0.005328246577729728,6.3012048921628585e-06
