cell,nuclide,score,mean,std. dev.
70,Li6,"(n,Xt)",0.975192073088434,0.0014513138261744813
70,Li7,"(n,Xt)",8.376791017222473e-06,1.4634366630334855e-08
67,Li6,"(n,Xt)",0.24666323595652573,0.0003017307084513444
67,Li7,"(n,Xt)",2.1338523335705506e-06,2.8893520885772044e-09
