cell,nuclide,score,mean,std. dev.
40,Li6,"(n,Xt)",0.9812875287430588,0.0010323300152911882
40,Li7,"(n,Xt)",0.07234274139217328,0.00015454291411042911
37,Li6,"(n,Xt)",0.17050070227425668,0.00041081186341886415
37,Li7,"(n,Xt)",0.0188977764545485,2.7825330848043164e-05
