cell,nuclide,score,mean,std. dev.
70,Li6,"(n,Xt)",0.9509865816218627,0.0011587825255633922
70,Li7,"(n,Xt)",0.018037228886149594,3.67909036899003e-05
67,Li6,"(n,Xt)",0.26293933464284047,0.0005916190886208619
67,Li7,"(n,Xt)",0.004946314368053239,7.0375395031188665e-06
