cell,nuclide,score,mean,std. dev.
70,Li6,"(n,Xt)",0.9638393423485597,0.001059481946226415
70,Li7,"(n,Xt)",0.019709087774025438,3.67275407729692e-05
67,Li6,"(n,Xt)",0.1938696310050517,0.00032217280772716414
67,Li7,"(n,Xt)",0.004817438833822195,3.881316415096778e-06
