cell,nuclide,score,mean,std. dev.
20,Li6,"(n,Xt)",0.07712429901006043,0.00017050386028645345
20,Li7,"(n,Xt)",0.01904202856617219,2.3761141264508136e-05
23,Li6,"(n,Xt)",0.808270117418372,0.0009691820665951492
23,Li7,"(n,Xt)",0.0781802716230213,8.879938895089584e-05
26,Li6,"(n,Xt)",0.1945530717703647,0.00043402780103956473
26,Li7,"(n,Xt)",0.006867566096193063,3.467008376247232e-05
