cell,nuclide,score,mean,std. dev.
40,Li6,"(n,Xt)",0.7420022280478775,0.0012550147851899099
40,Li7,"(n,Xt)",0.047197408343549,6.494939070509374e-05
37,Li6,"(n,Xt)",0.37678629351848214,0.0005873370002972141
37,Li7,"(n,Xt)",0.04892109425660803,4.237310012479138e-05
