cell,nuclide,score,mean,std. dev.
30,Li6,"(n,Xt)",1.02141504625285,0.0009320730016570088
30,Li7,"(n,Xt)",0.07301459055892964,0.00014760711606831643
27,Li6,"(n,Xt)",0.11937248339820514,0.00017638385309279883
27,Li7,"(n,Xt)",0.017315668487899057,2.7257816409858395e-05
