cell,nuclide,score,mean,std. dev.
40,Li6,"(n,Xt)",1.0243107240410072,0.0009579458521675285
40,Li7,"(n,Xt)",0.0639806606883254,0.00012129681231034602
37,Li6,"(n,Xt)",0.1449694027399315,0.0003955137383754892
37,Li7,"(n,Xt)",0.01529413123724378,2.393361693482486e-05
