cell,nuclide,score,mean,std. dev.
60,Li6,"(n,Xt)",1.0043400646298637,0.001335517595225128
60,Li7,"(n,Xt)",0.02061322248288348,4.63583188126609e-05
57,Li6,"(n,Xt)",0.21308820806035783,0.00031967250810582316
57,Li7,"(n,Xt)",0.005114196280827479,8.30095226312673e-06
