cell,nuclide,score,mean,std. dev.
6,Li6,"(n,Xt)",0.09110262074456987,8.825670695640141e-05
6,Li7,"(n,Xt)",0.018920095017947898,2.5829359193672692e-05
10,Li6,"(n,Xt)",0.6315190161727355,0.000930961992578399
10,Li7,"(n,Xt)",0.047449025220379734,7.014223218610798e-05
13,Li6,"(n,Xt)",0.45664715492635094,0.0007379895816163113
13,Li7,"(n,Xt)",0.01765807009823752,6.737889898359832e-05
