cell,nuclide,score,mean,std. dev.
33,Li6,"(n,Xt)",0.09068043736463213,0.0001178242888720435
33,Li7,"(n,Xt)",0.018496499888484307,2.3966719618990798e-05
36,Li6,"(n,Xt)",0.6321644226445018,0.0007903332381447643
36,Li7,"(n,Xt)",0.04608520887031435,7.005973159208437e-05
39,Li6,"(n,Xt)",0.4610296529789769,0.0008474581591068589
39,Li7,"(n,Xt)",0.016930129480852988,5.9746647917942626e-05
