cell,nuclide,score,mean,std. dev.
46,Li6,"(n,Xt)",0.0904050037976009,0.0002632041966975448
46,Li7,"(n,Xt)",0.018274940469473103,2.589216703581897e-05
49,Li6,"(n,Xt)",0.6348766963914316,0.0008485812586783871
49,Li7,"(n,Xt)",0.04534849877167565,7.212435716949917e-05
52,Li6,"(n,Xt)",0.46357415971962,0.0010526310662570962
52,Li7,"(n,Xt)",0.016553582466265496,6.038064049376291e-05
