cell,nuclide,score,mean,std. dev.
59,Li6,"(n,Xt)",0.09047469629915242,0.0002461889679501591
59,Li7,"(n,Xt)",0.018025400612086382,2.408599481716039e-05
62,Li6,"(n,Xt)",0.6357747781470413,0.0007582667887955413
62,Li7,"(n,Xt)",0.04447466036348823,6.866927882703278e-05
65,Li6,"(n,Xt)",0.46795716964642364,0.0005286129823379805
65,Li7,"(n,Xt)",0.01612427845541987,6.274936109144756e-05
