cell,nuclide,score,mean,std. dev.
72,Li6,"(n,Xt)",0.09041477306596321,0.00021762269708661995
72,Li7,"(n,Xt)",0.0177417363141343,2.2962272841596685e-05
75,Li6,"(n,Xt)",0.6363051916632199,0.0012484893756236999
75,Li7,"(n,Xt)",0.043568408208087064,7.817006453315414e-05
78,Li6,"(n,Xt)",0.4715616300046935,0.0006205732539197527
78,Li7,"(n,Xt)",0.01566859884372614,6.665046065334654e-05
