cell,nuclide,score,mean,std. dev.
85,Li6,"(n,Xt)",0.08967229679789088,0.00017711864960958748
85,Li7,"(n,Xt)",0.017432747312565198,2.0879219923917745e-05
88,Li6,"(n,Xt)",0.6367156005148873,0.0009276574071110799
88,Li7,"(n,Xt)",0.04258013800697663,7.75372525882537e-05
91,Li6,"(n,Xt)",0.47625762857845455,0.0008554084434833891
91,Li7,"(n,Xt)",0.015133688984495316,6.108198343478496e-05
