cell,nuclide,score,mean,std. dev.
98,Li6,"(n,Xt)",0.08940484044421451,0.00020843163671891796
98,Li7,"(n,Xt)",0.017085653615115305,1.836975315399615e-05
101,Li6,"(n,Xt)",0.6386867326658516,0.0010730685581148006
101,Li7,"(n,Xt)",0.04148840898298047,7.620711230537425e-05
104,Li6,"(n,Xt)",0.4809030587955309,0.0008583279648710723
104,Li7,"(n,Xt)",0.014595660412954065,6.98016853266099e-05
