cell,nuclide,score,mean,std. dev.
111,Li6,"(n,Xt)",0.08892570222320444,0.00022892448393633066
111,Li7,"(n,Xt)",0.016702414008851897,1.7246826066864388e-05
114,Li6,"(n,Xt)",0.639627719397897,0.000958602259318386
114,Li7,"(n,Xt)",0.04023887261558252,7.898867246847081e-05
117,Li6,"(n,Xt)",0.4870829300961234,0.001147510990693967
117,Li7,"(n,Xt)",0.014027643308348898,5.94559053693759e-05
