cell,nuclide,score,mean,std. dev.
124,Li6,"(n,Xt)",0.08829018058757301,0.00019986570254854264
124,Li7,"(n,Xt)",0.016274268405350754,1.796848919646513e-05
127,Li6,"(n,Xt)",0.6396661130720598,0.0010746616256755684
127,Li7,"(n,Xt)",0.038904961471012946,7.605156241701275e-05
130,Li6,"(n,Xt)",0.4932049151870507,0.0008242536506657104
130,Li7,"(n,Xt)",0.013349856020926804,4.4318024473474826e-05
