cell,nuclide,score,mean,std. dev.
137,Li6,"(n,Xt)",0.08753658911577321,0.00020462598180422177
137,Li7,"(n,Xt)",0.015775705279292732,1.6836956605580894e-05
140,Li6,"(n,Xt)",0.6393101553989621,0.0008246495140533051
140,Li7,"(n,Xt)",0.037381365159226666,7.710090170622125e-05
143,Li6,"(n,Xt)",0.5007520457500135,0.0010032926551673308
143,Li7,"(n,Xt)",0.012668705197562658,5.9740625463327866e-05
