cell,nuclide,score,mean,std. dev.
20,Li6,"(n,Xt)",0.09129208476326969,0.00019533722811973582
20,Li7,"(n,Xt)",0.018720810808907265,2.5430990956649653e-05
23,Li6,"(n,Xt)",0.6320699971609146,0.0006819070369045726
23,Li7,"(n,Xt)",0.04677644375417575,6.962733649454373e-05
26,Li6,"(n,Xt)",0.45929530669503527,0.0008205482738780327
26,Li7,"(n,Xt)",0.017312085858553695,5.865092404099988e-05
