cell,nuclide,score,mean,std. dev.
150,Li6,"(n,Xt)",0.08677716228558664,0.00011773522342353973
150,Li7,"(n,Xt)",0.015213570893113199,1.760646175237004e-05
153,Li6,"(n,Xt)",0.6380651859075399,0.0009316948178361235
153,Li7,"(n,Xt)",0.03568126423622464,8.28521058766733e-05
156,Li6,"(n,Xt)",0.5096880294841171,0.0007156396810337288
156,Li7,"(n,Xt)",0.011876563843656774,5.472872498739521e-05
