cell,nuclide,score,mean,std. dev.
163,Li6,"(n,Xt)",0.0855907931094088,0.00021725097061022207
163,Li7,"(n,Xt)",0.014578367446953362,1.7386622708572602e-05
166,Li6,"(n,Xt)",0.6384833595079471,0.0009172162175425424
166,Li7,"(n,Xt)",0.03375517329764438,8.853613486770851e-05
169,Li6,"(n,Xt)",0.5191325392452535,0.0004993260877978617
169,Li7,"(n,Xt)",0.010948485559344212,4.278403771244789e-05
