cell,nuclide,score,mean,std. dev.
176,Li6,"(n,Xt)",0.08389366699738207,0.00017276575453967826
176,Li7,"(n,Xt)",0.013827915991499679,1.578938255411723e-05
179,Li6,"(n,Xt)",0.6367181936464276,0.0005949968623735702
179,Li7,"(n,Xt)",0.03158030484242112,7.932431692706467e-05
182,Li6,"(n,Xt)",0.532514947523981,0.00097880866789973
182,Li7,"(n,Xt)",0.010050881038669194,4.5671313714734756e-05
