cell,nuclide,score,mean,std. dev.
189,Li6,"(n,Xt)",0.08205342614613603,0.00011956457712470196
189,Li7,"(n,Xt)",0.012934347524227568,1.3622196500883164e-05
192,Li6,"(n,Xt)",0.6329641104184216,0.0005351922498522512
192,Li7,"(n,Xt)",0.02903596676906716,6.104954564992408e-05
195,Li6,"(n,Xt)",0.545243449148803,0.0010519804076019094
195,Li7,"(n,Xt)",0.008969202203050499,3.241879354108658e-05
