cell,nuclide,score,mean,std. dev.
202,Li6,"(n,Xt)",0.07935715076610331,0.0002108703836930454
202,Li7,"(n,Xt)",0.011860625418944979,1.3831674888688712e-05
205,Li6,"(n,Xt)",0.6268288022958785,0.0010254066394247547
205,Li7,"(n,Xt)",0.026102445416137866,5.227066175284371e-05
208,Li6,"(n,Xt)",0.564560687485144,0.000828484478189229
208,Li7,"(n,Xt)",0.007803286356847873,4.085793309435095e-05
