cell,nuclide,score,mean,std. dev.
228,Li6,"(n,Xt)",0.06983222867196504,0.00012785348817018674
228,Li7,"(n,Xt)",0.008911911013458515,8.300740807803188e-06
231,Li6,"(n,Xt)",0.5972732100977117,0.0006957913617244219
231,Li7,"(n,Xt)",0.018571749179154644,1.9065371827345533e-05
234,Li6,"(n,Xt)",0.6191924210868704,0.0007734174323441322
234,Li7,"(n,Xt)",0.0050285589305309976,1.8160443042384035e-05
