cell,nuclide,score,mean,std. dev.
241,Li6,"(n,Xt)",0.06090722321145836,0.00016948983043814657
241,Li7,"(n,Xt)",0.006801961262143505,8.015519528196073e-06
244,Li6,"(n,Xt)",0.5614865689287358,0.00062180763713803
244,Li7,"(n,Xt)",0.01358212598320053,1.8164835442704316e-05
247,Li6,"(n,Xt)",0.6599651418113985,0.0010835339043185975
247,Li7,"(n,Xt)",0.0034014401659863422,1.4107014069214949e-05
