cell,nuclide,score,mean,std. dev.
10,Li6,"(n,Xt)",1.0868740027367587,0.0007456738382709324
10,Li7,"(n,Xt)",0.06103688099277641,0.00010149391553067974
6,Li6,"(n,Xt)",0.096804315999298,0.0002235643856275348
6,Li7,"(n,Xt)",0.01882333268964868,1.8297045508628246e-05
