cell,nuclide,score,mean,std. dev.
30,Li6,"(n,Xt)",1.0924600699621623,0.0008477449933546554
30,Li7,"(n,Xt)",0.059014293005992,0.00010354725394611352
27,Li6,"(n,Xt)",0.09638578974871359,0.00017865330903997295
27,Li7,"(n,Xt)",0.018410718561999224,1.9946447251647567e-05
