cell,nuclide,score,mean,std. dev.
40,Li6,"(n,Xt)",1.0945753163729102,0.0009203316710667248
40,Li7,"(n,Xt)",0.057868625498220305,0.00011070042646404447
37,Li6,"(n,Xt)",0.09613544000675751,0.00023968170147551022
37,Li7,"(n,Xt)",0.018189851352444962,2.2048461825211794e-05
