cell,nuclide,score,mean,std. dev.
80,Li6,"(n,Xt)",1.117089702592645,0.0011756470980912473
80,Li7,"(n,Xt)",0.05235786539963196,8.144394466343004e-05
77,Li6,"(n,Xt)",0.0947370988864712,0.0001458317310238464
77,Li7,"(n,Xt)",0.01700684420058031,1.7118496173731192e-05
