cell,nuclide,score,mean,std. dev.
90,Li6,"(n,Xt)",1.1206671126888423,0.0012377586053147515
90,Li7,"(n,Xt)",0.0506630167444976,8.245855261040241e-05
87,Li6,"(n,Xt)",0.09381378243336781,0.00025384069412857734
87,Li7,"(n,Xt)",0.016625783760962423,1.890847585229596e-05
