cell,nuclide,score,mean,std. dev.
100,Li6,"(n,Xt)",1.1286981654593038,0.0010595160791805334
100,Li7,"(n,Xt)",0.04875710257562966,8.61778623875347e-05
97,Li6,"(n,Xt)",0.09300229039604502,0.00017306146968308164
97,Li7,"(n,Xt)",0.01620264198484414,1.7582415572390866e-05
