cell,nuclide,score,mean,std. dev.
110,Li6,"(n,Xt)",1.1352968459602768,0.0007001194572288991
110,Li7,"(n,Xt)",0.046640645642616586,8.732714526346858e-05
107,Li6,"(n,Xt)",0.09259438990425883,0.00018663624419010206
107,Li7,"(n,Xt)",0.015708873181219222,1.555749795109271e-05
