cell,nuclide,score,mean,std. dev.
20,Li6,"(n,Xt)",1.089592275879345,0.0013633559314451126
20,Li7,"(n,Xt)",0.06003253318498951,7.911105280727768e-05
17,Li6,"(n,Xt)",0.09627172661724867,0.00015606500483646978
17,Li7,"(n,Xt)",0.018630690405415932,2.0351304075543423e-05
