cell,nuclide,score,mean,std. dev.
120,Li6,"(n,Xt)",1.1442892712484887,0.0009043778324475542
120,Li7,"(n,Xt)",0.04425985897685379,7.875299890976288e-05
117,Li6,"(n,Xt)",0.09131031142601762,0.0001261704824287255
117,Li7,"(n,Xt)",0.015156409544244197,1.9528702421972228e-05
