cell,nuclide,score,mean,std. dev.
130,Li6,"(n,Xt)",1.1530790685232053,0.0012176995927084236
130,Li7,"(n,Xt)",0.04154655598910031,7.274792413792278e-05
127,Li6,"(n,Xt)",0.0899559471512554,0.00022090215143907952
127,Li7,"(n,Xt)",0.014520965131973915,1.827652336958132e-05
