cell,nuclide,score,mean,std. dev.
140,Li6,"(n,Xt)",1.159462358228239,0.0008629162578921915
140,Li7,"(n,Xt)",0.03862097476426561,5.3427017848982677e-05
137,Li6,"(n,Xt)",0.08862525139135527,0.00012062652628896878
137,Li7,"(n,Xt)",0.013780195090884231,1.5247774515463215e-05
