cell,nuclide,score,mean,std. dev.
150,Li6,"(n,Xt)",1.1705646544896355,0.001365199680325784
150,Li7,"(n,Xt)",0.03527157174612981,5.9295725591181486e-05
147,Li6,"(n,Xt)",0.08653219414488197,0.00013297504685283687
147,Li7,"(n,Xt)",0.012901018575415835,1.2995328808141996e-05
