cell,nuclide,score,mean,std. dev.
160,Li6,"(n,Xt)",1.1795497760680436,0.0012674807576753112
160,Li7,"(n,Xt)",0.031415227654563366,4.8657482964750005e-05
157,Li6,"(n,Xt)",0.08355198298250543,4.977492047330431e-05
157,Li7,"(n,Xt)",0.011830409456968012,1.3853254074799014e-05
