cell,nuclide,score,mean,std. dev.
170,Li6,"(n,Xt)",1.1894693021268439,0.0013076197629292884
170,Li7,"(n,Xt)",0.026984406234469425,4.3007471174862646e-05
167,Li6,"(n,Xt)",0.07998292606786189,0.00021619429099759306
167,Li7,"(n,Xt)",0.010522013470893155,1.239753769391471e-05
