cell,nuclide,score,mean,std. dev.
180,Li6,"(n,Xt)",1.1956016541800465,0.0013530666360534018
180,Li7,"(n,Xt)",0.02175923819254589,2.8682855908183454e-05
177,Li6,"(n,Xt)",0.07410286222706346,0.00014815265895522808
177,Li7,"(n,Xt)",0.008891202556840892,8.753339397698831e-06
