cell,nuclide,score,mean,std. dev.
190,Li6,"(n,Xt)",1.190107186030943,0.0010121575928963432
190,Li7,"(n,Xt)",0.01562803203312745,2.539689985906279e-05
187,Li6,"(n,Xt)",0.06453541625560397,0.00010250560969776459
187,Li7,"(n,Xt)",0.006788094587298682,7.267432974231847e-06
