cell,nuclide,score,mean,std. dev.
10,Li6,"(n,Xt)",0.8804583014719057,0.0011894916837936476
10,Li7,"(n,Xt)",0.04358602779555791,0.0001021258269150048
6,Li6,"(n,Xt)",0.3868156901597095,0.0005263338830822342
6,Li7,"(n,Xt)",0.020693903345544974,3.178112316510142e-05
