cell,nuclide,score,mean,std. dev.
40,Li6,"(n,Xt)",0.8835219337315758,0.0011871677641180375
40,Li7,"(n,Xt)",0.041517573191172934,0.00010987595893251942
37,Li6,"(n,Xt)",0.3871328624257477,0.0007417011138084843
37,Li7,"(n,Xt)",0.019990238691457895,3.059038520484398e-05
