cell,nuclide,score,mean,std. dev.
50,Li6,"(n,Xt)",0.8857069635755422,0.0011127697752110915
50,Li7,"(n,Xt)",0.04072630207235334,0.00012770462068097504
47,Li6,"(n,Xt)",0.38643278526196395,0.0006962789837052925
47,Li7,"(n,Xt)",0.019724420485787944,2.8328110367464395e-05
