cell,nuclide,score,mean,std. dev.
60,Li6,"(n,Xt)",0.8863052687289003,0.000728279853663135
60,Li7,"(n,Xt)",0.039783845978915475,0.000110093967797555
57,Li6,"(n,Xt)",0.3857994873401527,0.0006022810237663926
57,Li7,"(n,Xt)",0.019420481920003535,2.7742425692973286e-05
