cell,nuclide,score,mean,std. dev.
70,Li6,"(n,Xt)",0.8876034000750928,0.0011308954947722427
70,Li7,"(n,Xt)",0.038815555540074674,8.54460845676374e-05
67,Li6,"(n,Xt)",0.3850767031782678,0.0007480680191838471
67,Li7,"(n,Xt)",0.01909431143169032,2.864711158690702e-05
