cell,nuclide,score,mean,std. dev.
80,Li6,"(n,Xt)",0.8905863542184853,0.0010731904144172073
80,Li7,"(n,Xt)",0.03771851673659125,7.877729628082852e-05
77,Li6,"(n,Xt)",0.38445313283996113,0.0005589425885481171
77,Li7,"(n,Xt)",0.01871593447829701,2.891524964863371e-05
