cell,nuclide,score,mean,std. dev.
90,Li6,"(n,Xt)",0.8923911173616567,0.0015306276797895635
90,Li7,"(n,Xt)",0.03646288090457313,7.793012914226224e-05
87,Li6,"(n,Xt)",0.3827861475181037,0.0007689671807670209
87,Li7,"(n,Xt)",0.018303893558964595,2.8239705411188614e-05
