cell,nuclide,score,mean,std. dev.
110,Li6,"(n,Xt)",0.8928323893927848,0.0008623642717435752
110,Li7,"(n,Xt)",0.03375848552427329,4.647038505418524e-05
107,Li6,"(n,Xt)",0.38211470941878256,0.0005110031515894219
107,Li7,"(n,Xt)",0.017301235725106764,2.3089436895411357e-05
