cell,nuclide,score,mean,std. dev.
20,Li6,"(n,Xt)",0.8805830905711766,0.0005100662573324649
20,Li7,"(n,Xt)",0.04305979805589962,0.0001099356157316672
17,Li6,"(n,Xt)",0.38719702959047786,0.0007766960350875546
17,Li7,"(n,Xt)",0.02049040601537635,3.053748486916157e-05
