cell,nuclide,score,mean,std. dev.
120,Li6,"(n,Xt)",0.894833721752723,0.0008564871951710885
120,Li7,"(n,Xt)",0.03213827574220299,5.99308033124215e-05
117,Li6,"(n,Xt)",0.38118070777914614,0.0009525303027123496
117,Li7,"(n,Xt)",0.016693510153217128,2.205809043142643e-05
