cell,nuclide,score,mean,std. dev.
130,Li6,"(n,Xt)",0.8965172804463724,0.0012714154015917654
130,Li7,"(n,Xt)",0.030276435892502746,5.422155893886403e-05
127,Li6,"(n,Xt)",0.379256158814504,0.0007644840376925322
127,Li7,"(n,Xt)",0.015994569713156197,2.0592369608752182e-05
