cell,nuclide,score,mean,std. dev.
140,Li6,"(n,Xt)",0.8957859896551075,0.0011517076618737742
140,Li7,"(n,Xt)",0.028270039809365988,4.104640053373019e-05
137,Li6,"(n,Xt)",0.3774601616592109,0.0009032168685734701
137,Li7,"(n,Xt)",0.015187386362770363,2.3263712572787282e-05
