cell,nuclide,score,mean,std. dev.
150,Li6,"(n,Xt)",0.8944969851461899,0.00147597977043294
150,Li7,"(n,Xt)",0.02586385266516204,5.374830491332528e-05
147,Li6,"(n,Xt)",0.3736809973790792,0.000603631131707725
147,Li7,"(n,Xt)",0.014218203545955807,2.235110711452992e-05
