cell,nuclide,score,mean,std. dev.
160,Li6,"(n,Xt)",0.8939602631821681,0.0010110751213542144
160,Li7,"(n,Xt)",0.023156589146224683,4.411042550336819e-05
157,Li6,"(n,Xt)",0.37042902140344147,0.0005960147500922988
157,Li7,"(n,Xt)",0.013046990693364308,1.8766315914759043e-05
