cell,nuclide,score,mean,std. dev.
170,Li6,"(n,Xt)",0.8895594082776981,0.0010224672917187529
170,Li7,"(n,Xt)",0.019978411970605937,4.8003228223161114e-05
167,Li6,"(n,Xt)",0.36503117839258525,0.0005491590873494789
167,Li7,"(n,Xt)",0.011616714504708452,1.4077673918912866e-05
