cell,nuclide,score,mean,std. dev.
180,Li6,"(n,Xt)",0.8816111712261098,0.0007522152603148509
180,Li7,"(n,Xt)",0.01619567095512855,4.611572665606281e-05
177,Li6,"(n,Xt)",0.3540002393474336,0.0009401320174679512
177,Li7,"(n,Xt)",0.009818649495843188,1.3267348417877364e-05
