cell,nuclide,score,mean,std. dev.
190,Li6,"(n,Xt)",0.8513969044139852,0.0013129026796612597
190,Li7,"(n,Xt)",0.011740929203657682,2.7571239455888055e-05
187,Li6,"(n,Xt)",0.3350569702763172,0.0006174708484590936
187,Li7,"(n,Xt)",0.007502192403298841,1.298462913273614e-05
