cell,nuclide,score,mean,std. dev.
40,Li6,"(n,Xt)",0.9813191490315425,0.0010383366699753555
40,Li7,"(n,Xt)",0.07234366269360407,0.00015481406469505465
37,Li6,"(n,Xt)",0.17050123029810177,0.0004103155925272157
37,Li7,"(n,Xt)",0.018897750223453656,2.7826847694439543e-05
