cell,nuclide,score,mean,std. dev.
50,Li6,"(n,Xt)",0.9712828210813674,0.0014740812865672605
50,Li7,"(n,Xt)",0.053738914804808614,0.00010247995298687151
47,Li6,"(n,Xt)",0.2135502665278289,0.00035898772699300595
47,Li7,"(n,Xt)",0.014276090532211952,2.189852149552196e-05
