cell,nuclide,score,mean,std. dev.
20,Li6,"(n,Xt)",0.9661737531305665,0.0008013396465613118
20,Li7,"(n,Xt)",0.0857571012854733,0.00018185057406240173
17,Li6,"(n,Xt)",0.11438260194099406,0.00031032195788674265
17,Li7,"(n,Xt)",0.02212396621222624,3.413889723108039e-05
