cell,nuclide,score,mean,std. dev.
60,Li6,"(n,Xt)",0.9608886105206482,0.0014115803992708802
60,Li7,"(n,Xt)",0.03564122794551868,7.608025032185839e-05
57,Li6,"(n,Xt)",0.24167692971489668,0.00030586601527460473
57,Li7,"(n,Xt)",0.009622131516886522,1.374907174739299e-05
