cell,nuclide,score,mean,std. dev.
40,Li6,"(n,Xt)",0.9503026043610061,0.0008054144968929442
40,Li7,"(n,Xt)",0.09110258678459915,0.0001767230320017171
37,Li6,"(n,Xt)",0.11239419436144067,0.00026951626298214536
37,Li7,"(n,Xt)",0.022255112740078745,1.6983223260778087e-05
