cell,nuclide,score,mean,std. dev.
50,Li6,"(n,Xt)",0.9478601439644857,0.001331881817369637
50,Li7,"(n,Xt)",0.07558579599770848,0.0001442061365407813
47,Li6,"(n,Xt)",0.14044680365579504,0.00019028886744301457
47,Li7,"(n,Xt)",0.018713141653469004,1.4082376361298426e-05
