cell,nuclide,score,mean,std. dev.
60,Li6,"(n,Xt)",0.9414334542399129,0.0010856141215875713
60,Li7,"(n,Xt)",0.06043182247179615,0.00013358543814281118
57,Li6,"(n,Xt)",0.16071688249783928,0.0004244892805793553
57,Li7,"(n,Xt)",0.015149912711213229,1.0975473256244871e-05
