cell,nuclide,score,mean,std. dev.
30,Li6,"(n,Xt)",1.007540718297911,0.0010750372761168428
30,Li7,"(n,Xt)",0.07824368013383018,0.00018414797840024037
27,Li6,"(n,Xt)",0.11084319646781701,0.0001878715516764986
27,Li7,"(n,Xt)",0.01781453635210485,2.6262859511556316e-05
