cell,nuclide,score,mean,std. dev.
40,Li6,"(n,Xt)",1.0115690546650982,0.0013676879153952564
40,Li7,"(n,Xt)",0.06855732164017206,0.00016651968580612414
37,Li6,"(n,Xt)",0.13488163497307698,0.00019595203561763265
37,Li7,"(n,Xt)",0.015730891723178875,2.0854982137470493e-05
