cell,nuclide,score,mean,std. dev.
10,Li6,"(n,Xt)",0.32545593157874897,0.0003384230791000552
10,Li7,"(n,Xt)",0.07920180419653439,0.00020819030427619004
6,Li6,"(n,Xt)",0.0008564619780043316,2.50918311414318e-06
6,Li7,"(n,Xt)",0.020506259473378904,2.8635596796471453e-05
