cell,nuclide,score,mean,std. dev.
30,Li6,"(n,Xt)",1.0596369691567076,0.0015113377804189226
30,Li7,"(n,Xt)",0.06665524404040182,0.00016951677057511254
27,Li6,"(n,Xt)",0.11757476112204583,0.00032583345152266267
27,Li7,"(n,Xt)",0.017462020477090424,2.4128858137147042e-05
