cell,nuclide,score,mean,std. dev.
40,Li6,"(n,Xt)",1.06404500803817,0.001150423998941238
40,Li7,"(n,Xt)",0.058361180518722744,0.00014096496325051523
37,Li6,"(n,Xt)",0.1443454144614391,0.00026079166566165304
37,Li7,"(n,Xt)",0.015423278695091483,1.9848451739798618e-05
