cell,nuclide,score,mean,std. dev.
50,Li6,"(n,Xt)",1.0504134889073862,0.0011948464815484112
50,Li7,"(n,Xt)",0.03824663859741216,9.370642556566341e-05
47,Li6,"(n,Xt)",0.18859323048994894,0.0003394040754981385
47,Li7,"(n,Xt)",0.010307308142768791,1.2982415885624243e-05
