cell,nuclide,score,mean,std. dev.
20,Li6,"(n,Xt)",1.0471648887725227,0.0011773632351087951
20,Li7,"(n,Xt)",0.07293289848394738,0.00018302196188154708
17,Li6,"(n,Xt)",0.08690870809366347,0.00024762848037421904
17,Li7,"(n,Xt)",0.01899004022733342,2.3991896126953182e-05
