cell,nuclide,score,mean,std. dev.
60,Li6,"(n,Xt)",1.011175195214351,0.0008480991762774909
60,Li7,"(n,Xt)",0.01999254359002753,3.9525147483611985e-05
57,Li6,"(n,Xt)",0.20349827025349626,0.00032719158379346784
57,Li7,"(n,Xt)",0.0051925367363164915,5.741078555966617e-06
