cell,nuclide,score,mean,std. dev.
60,Li6,"(n,Xt)",1.0364969277547131,0.0013698538491490036
60,Li7,"(n,Xt)",0.018779845574540283,4.802628422727177e-05
57,Li6,"(n,Xt)",0.2189497874450808,0.0003432432575772755
57,Li7,"(n,Xt)",0.005168816049555628,6.8556968271811396e-06
