cell,nuclide,score,mean,std. dev.
70,Li6,"(n,Xt)",1.0241396757961816,0.0008585227846356743
70,Li7,"(n,Xt)",7.39416414164828e-06,1.9328198380315874e-08
67,Li6,"(n,Xt)",0.24293476587289314,0.00029338395071253813
67,Li7,"(n,Xt)",2.071760699842564e-06,2.5039231175214865e-09
