cell,nuclide,score,mean,std. dev.
30,Li6,"(n,Xt)",1.0215238256408967,0.0015213023477027498
30,Li7,"(n,Xt)",0.07739090671101888,0.00015397882322123056
27,Li6,"(n,Xt)",0.10653296139530617,0.0002268258841512729
27,Li7,"(n,Xt)",0.018438500336825994,2.8438896425703813e-05
