cell,nuclide,score,mean,std. dev.
50,Li6,"(n,Xt)",1.0156062442696414,0.001309550809234451
50,Li7,"(n,Xt)",0.0471437569331888,8.533150374293075e-05
47,Li6,"(n,Xt)",0.16681012783723717,0.00037266034838813217
47,Li7,"(n,Xt)",0.011528730091529295,1.5531530868920025e-05
