cell,nuclide,score,mean,std. dev.
30,Li6,"(n,Xt)",1.0047476312465797,0.00099362915078281
30,Li7,"(n,Xt)",0.07424760601037803,0.00016023094604715132
27,Li6,"(n,Xt)",0.13779633712261655,0.0002836736394922711
27,Li7,"(n,Xt)",0.01811111615747361,2.4473261551097974e-05
