cell,nuclide,score,mean,std. dev.
40,Li6,"(n,Xt)",1.0073333529323185,0.001254500102637477
40,Li7,"(n,Xt)",0.0650568981675177,0.00012886012200859535
37,Li6,"(n,Xt)",0.1660280804630116,0.0002744006238952954
37,Li7,"(n,Xt)",0.015989003889150123,2.0995383403912234e-05
