cell,nuclide,score,mean,std. dev.
20,Li6,"(n,Xt)",0.988742739391637,0.0009236518816592184
20,Li7,"(n,Xt)",0.08120164234271186,0.00018083592214385166
17,Li6,"(n,Xt)",0.10402224418180309,0.00035955725581636076
17,Li7,"(n,Xt)",0.019686956931990282,2.737370823812616e-05
