cell,nuclide,score,mean,std. dev.
30,Li6,"(n,Xt)",0.8804824027110542,0.0008901977081154905
30,Li7,"(n,Xt)",0.11689716125937792,0.0001531360849655781
27,Li6,"(n,Xt)",0.08882110757114187,0.0002109948475728204
27,Li7,"(n,Xt)",0.032279883163334126,3.377195482116056e-05
