cell,nuclide,score,mean,std. dev.
40,Li6,"(n,Xt)",0.8815209713419542,0.0005329210911649203
40,Li7,"(n,Xt)",0.11504386677675957,0.00014822500630746845
37,Li6,"(n,Xt)",0.09417510103247081,0.000250779419776454
37,Li7,"(n,Xt)",0.03181132245992462,3.329395820332073e-05
