cell,nuclide,score,mean,std. dev.
20,Li6,"(n,Xt)",0.8775675973511647,0.0011365879198621007
20,Li7,"(n,Xt)",0.11828498634526263,0.00015582678497355845
17,Li6,"(n,Xt)",0.08455238458092658,0.0002590267928655778
17,Li7,"(n,Xt)",0.03262563792547392,3.458533339295066e-05
