cell,nuclide,score,mean,std. dev.
40,Li6,"(n,Xt)",1.020840031135842,0.0009767079251433962
40,Li7,"(n,Xt)",0.06072606744677663,0.00011769100296206344
37,Li6,"(n,Xt)",0.17737492414052503,0.00029072803123245133
37,Li7,"(n,Xt)",0.015504626495396856,2.7837361856572245e-05
