cell,nuclide,score,mean,std. dev.
30,Li6,"(n,Xt)",1.0095193121827937,0.0011933570721853867
30,Li7,"(n,Xt)",0.07304935230436041,0.0001477603137942763
27,Li6,"(n,Xt)",0.13737696794213788,0.00023865149959637468
27,Li7,"(n,Xt)",0.017924052228570107,3.0348377609106396e-05
