cell,nuclide,score,mean,std. dev.
40,Li6,"(n,Xt)",1.0117433869577437,0.0009815466389398503
40,Li7,"(n,Xt)",0.06404987886303637,0.00012984849286842986
37,Li6,"(n,Xt)",0.16601696791772275,0.0003482748055305796
37,Li7,"(n,Xt)",0.015833048238845356,2.6578355038034137e-05
