cell,nuclide,score,mean,std. dev.
50,Li6,"(n,Xt)",1.0014988742386675,0.0008447876154346336
50,Li7,"(n,Xt)",0.04196506305242286,8.901026813960641e-05
47,Li6,"(n,Xt)",0.21080747288912,0.0002733611246160756
47,Li7,"(n,Xt)",0.01057184908157931,1.6007994449062337e-05
