cell,nuclide,score,mean,std. dev.
20,Li6,"(n,Xt)",0.9938519583677419,0.0007296297042882698
20,Li7,"(n,Xt)",0.07992893339723971,0.0001720417817644613
17,Li6,"(n,Xt)",0.1039945738019635,0.0002496776961840089
17,Li7,"(n,Xt)",0.01949548168110754,3.0813235739566077e-05
