cell,nuclide,score,mean,std. dev.
40,Li6,"(n,Xt)",1.048665436109753,0.0010605874721219186
40,Li7,"(n,Xt)",0.06183290181538871,0.0001550859903018107
37,Li6,"(n,Xt)",0.1377125622698171,0.0003454425081467815
37,Li7,"(n,Xt)",0.01548167993787515,2.0511325887166703e-05
