cell,nuclide,score,mean,std. dev.
30,Li6,"(n,Xt)",1.1664073469702445,0.0006189284060962047
30,Li7,"(n,Xt)",0.026193910951142662,8.822457079168314e-05
27,Li6,"(n,Xt)",0.13438239252629064,0.0003051351987126248
27,Li7,"(n,Xt)",0.018160814484702345,2.0612958391784176e-05
