cell,nuclide,score,mean,std. dev.
40,Li6,"(n,Xt)",1.166896688700659,0.0006820018573920957
40,Li7,"(n,Xt)",0.025699613790844615,8.394127816687463e-05
37,Li6,"(n,Xt)",0.1335796508668606,0.0002666936651952466
37,Li7,"(n,Xt)",0.017942166806175403,2.190734020827154e-05
