cell,nuclide,score,mean,std. dev.
50,Li6,"(n,Xt)",1.1696169922956536,0.000844001462706411
50,Li7,"(n,Xt)",0.025190049430194143,7.924518546104117e-05
47,Li6,"(n,Xt)",0.1324965992201449,0.00023923329854465822
47,Li7,"(n,Xt)",0.017694924981482014,2.0363436730588615e-05
