cell,nuclide,score,mean,std. dev.
60,Li6,"(n,Xt)",1.1733454722380348,0.0013708923378022346
60,Li7,"(n,Xt)",0.024617482677534292,8.738540890322506e-05
57,Li6,"(n,Xt)",0.13158836458224876,0.00016987767960078293
57,Li7,"(n,Xt)",0.017421553804325175,2.0002466662264816e-05
