cell,nuclide,score,mean,std. dev.
70,Li6,"(n,Xt)",1.1747192673311655,0.0012464908934946054
70,Li7,"(n,Xt)",0.02399755168314932,8.983082098031684e-05
67,Li6,"(n,Xt)",0.13044686391513852,0.0002839026734131534
67,Li7,"(n,Xt)",0.017121007961558646,1.6690199100722835e-05
