cell,nuclide,score,mean,std. dev.
80,Li6,"(n,Xt)",1.176028191711547,0.0007978936369161894
80,Li7,"(n,Xt)",0.023270612458522626,9.744778960237616e-05
77,Li6,"(n,Xt)",0.12912497885208235,0.0001994259872756563
77,Li7,"(n,Xt)",0.0167853055991073,1.6048597005981577e-05
