cell,nuclide,score,mean,std. dev.
90,Li6,"(n,Xt)",1.1778495346132687,0.001918511103013066
90,Li7,"(n,Xt)",0.022530786997976913,9.172189393874703e-05
87,Li6,"(n,Xt)",0.1279352453080505,0.00018258520030725155
87,Li7,"(n,Xt)",0.016411774008958067,1.4194671757233442e-05
