cell,nuclide,score,mean,std. dev.
100,Li6,"(n,Xt)",1.1836023738492392,0.001978661394430754
100,Li7,"(n,Xt)",0.021707328117072638,8.834438722128689e-05
97,Li6,"(n,Xt)",0.12608732346302629,0.00022026379005532997
97,Li7,"(n,Xt)",0.015994769292874498,1.3214884660485248e-05
