cell,nuclide,score,mean,std. dev.
110,Li6,"(n,Xt)",1.1852379478147508,0.0007691579575225494
110,Li7,"(n,Xt)",0.020784909330530506,7.435787633017448e-05
107,Li6,"(n,Xt)",0.12426786129701409,0.00020149894888018687
107,Li7,"(n,Xt)",0.015515856873632442,1.3841904450174946e-05
