cell,nuclide,score,mean,std. dev.
20,Li6,"(n,Xt)",1.1638736467515518,0.0007298356734003644
20,Li7,"(n,Xt)",0.02663558102380877,9.089629627437938e-05
17,Li6,"(n,Xt)",0.13492762091271954,0.0002486903148401951
17,Li7,"(n,Xt)",0.01837236818937455,2.328722295181418e-05
