cell,nuclide,score,mean,std. dev.
120,Li6,"(n,Xt)",1.1884824176515454,0.001244077181047371
120,Li7,"(n,Xt)",0.019730919124728796,7.167142235093912e-05
117,Li6,"(n,Xt)",0.1216008026954789,0.0002679676488715253
117,Li7,"(n,Xt)",0.01497347772941649,1.72957085549513e-05
