cell,nuclide,score,mean,std. dev.
130,Li6,"(n,Xt)",1.1908317908847375,0.0005513619805452383
130,Li7,"(n,Xt)",0.018562626555158255,6.194633907719072e-05
127,Li6,"(n,Xt)",0.11928774589858063,0.00019507011018859898
127,Li7,"(n,Xt)",0.014359759919124599,1.6423458717467316e-05
