cell,nuclide,score,mean,std. dev.
140,Li6,"(n,Xt)",1.1959738254987453,0.001483440059516051
140,Li7,"(n,Xt)",0.017245484225125843,5.4187566131152016e-05
137,Li6,"(n,Xt)",0.11557749768037458,0.00023342381055457226
137,Li7,"(n,Xt)",0.013630410869961269,1.5029366541835176e-05
