cell,nuclide,score,mean,std. dev.
150,Li6,"(n,Xt)",1.2017034076715634,0.0014436981509599555
150,Li7,"(n,Xt)",0.015756159276175713,4.7941089376533275e-05
147,Li6,"(n,Xt)",0.1115069869308393,0.0001363416630739151
147,Li7,"(n,Xt)",0.012766262072101343,1.315834597624729e-05
