cell,nuclide,score,mean,std. dev.
160,Li6,"(n,Xt)",1.2054636587608953,0.0014360612696559369
160,Li7,"(n,Xt)",0.014036969648873243,4.8521879462206434e-05
157,Li6,"(n,Xt)",0.1064919520174191,0.00021225470384930175
157,Li7,"(n,Xt)",0.01171537896849698,1.0497615976173156e-05
