cell,nuclide,score,mean,std. dev.
170,Li6,"(n,Xt)",1.2059836168480902,0.0012754102364194813
170,Li7,"(n,Xt)",0.012034460789684707,3.818847348737935e-05
167,Li6,"(n,Xt)",0.10013204041103804,0.00019809608540279392
167,Li7,"(n,Xt)",0.010431001720569062,1.159142512809426e-05
