cell,nuclide,score,mean,std. dev.
180,Li6,"(n,Xt)",1.2061869623347274,0.0009088261224669773
180,Li7,"(n,Xt)",0.00972426770414975,3.170908211154499e-05
177,Li6,"(n,Xt)",0.09052760289665411,0.00017540627881351602
177,Li7,"(n,Xt)",0.00882522475360299,9.057676244909882e-06
