cell,nuclide,score,mean,std. dev.
190,Li6,"(n,Xt)",1.1878078203753224,0.0009362272957422861
190,Li7,"(n,Xt)",0.0070084350966746365,2.629380377846851e-05
187,Li6,"(n,Xt)",0.07653000192882913,0.00010687906147810954
187,Li7,"(n,Xt)",0.006743706578908526,7.183318782352384e-06
