cell,nuclide,score,mean,std. dev.
10,Li6,"(n,Xt)",0.9371091678992318,0.0008915478979078551
10,Li7,"(n,Xt)",0.052853865753292116,0.0001036026554081321
6,Li6,"(n,Xt)",0.2991716717925843,0.0006604643974120174
6,Li7,"(n,Xt)",0.020592613410782914,2.969655256442778e-05
