cell,nuclide,score,mean,std. dev.
30,Li6,"(n,Xt)",0.9394411365000099,0.001471063466501189
30,Li7,"(n,Xt)",0.05121055538508301,9.296288424678603e-05
27,Li6,"(n,Xt)",0.29798482140146626,0.0004741135491200375
27,Li7,"(n,Xt)",0.02014439157542198,3.243861949986571e-05
