cell,nuclide,score,mean,std. dev.
40,Li6,"(n,Xt)",0.9438048016658513,0.0006874609412199106
40,Li7,"(n,Xt)",0.050245505688900495,9.319532043410189e-05
37,Li6,"(n,Xt)",0.29728380906897806,0.0005849167755463604
37,Li7,"(n,Xt)",0.01990514829028175,3.0668211898581044e-05
