cell,nuclide,score,mean,std. dev.
50,Li6,"(n,Xt)",0.9432370158233064,0.0010341199460516797
50,Li7,"(n,Xt)",0.04926676712723834,0.00010807622369670175
47,Li6,"(n,Xt)",0.2972539182525519,0.0005300995953056735
47,Li7,"(n,Xt)",0.019631417361074977,2.788237685655008e-05
