cell,nuclide,score,mean,std. dev.
60,Li6,"(n,Xt)",0.9443790417346557,0.0004676541464089694
60,Li7,"(n,Xt)",0.04815902075337957,0.00010876042281852018
57,Li6,"(n,Xt)",0.2974747378012245,0.0006714597078266568
57,Li7,"(n,Xt)",0.019323356372056365,2.4576298907909122e-05
