cell,nuclide,score,mean,std. dev.
70,Li6,"(n,Xt)",0.9481039015882136,0.0008247273085544333
70,Li7,"(n,Xt)",0.04695105911242038,0.00011348835403527842
67,Li6,"(n,Xt)",0.29793859613202384,0.0003896785712919006
67,Li7,"(n,Xt)",0.018980245784151785,2.3703875965455374e-05
