cell,nuclide,score,mean,std. dev.
110,Li6,"(n,Xt)",0.9559446882860059,0.001169779979150227
110,Li7,"(n,Xt)",0.04084069231460598,7.100507008737342e-05
107,Li6,"(n,Xt)",0.29503406668788135,0.0005664445209768142
107,Li7,"(n,Xt)",0.0171930195597648,2.246660809282468e-05
