cell,nuclide,score,mean,std. dev.
20,Li6,"(n,Xt)",0.9373461734396743,0.0010787232467701564
20,Li7,"(n,Xt)",0.052084313584942865,0.0001072992875356939
17,Li6,"(n,Xt)",0.29868464380637133,0.0005380396108206437
17,Li7,"(n,Xt)",0.02038404968801974,3.0115329451916315e-05
