cell,nuclide,score,mean,std. dev.
120,Li6,"(n,Xt)",0.9605162803062453,0.0007702982237919992
120,Li7,"(n,Xt)",0.03881245565733041,7.243367886585087e-05
117,Li6,"(n,Xt)",0.2949682190546656,0.0007668723781198518
117,Li7,"(n,Xt)",0.016595844348353653,2.0259239270380233e-05
