cell,nuclide,score,mean,std. dev.
130,Li6,"(n,Xt)",0.9639093559235876,0.0012123969161426907
130,Li7,"(n,Xt)",0.03655936950169713,5.005632892797533e-05
127,Li6,"(n,Xt)",0.2940028881347207,0.00047860379614254384
127,Li7,"(n,Xt)",0.015901294245094358,1.811827857450086e-05
