cell,nuclide,score,mean,std. dev.
140,Li6,"(n,Xt)",0.9637265243912653,0.001010801946676053
140,Li7,"(n,Xt)",0.034022954671084134,5.367145455842984e-05
137,Li6,"(n,Xt)",0.2922349361276763,0.00047466746875818224
137,Li7,"(n,Xt)",0.015084142350947554,1.5384266041088015e-05
