cell,nuclide,score,mean,std. dev.
150,Li6,"(n,Xt)",0.9663851092952023,0.000947248032042565
150,Li7,"(n,Xt)",0.031105812686879654,7.777087254338697e-05
147,Li6,"(n,Xt)",0.2891599532779995,0.0003863672779171529
147,Li7,"(n,Xt)",0.014128249429494899,1.632260641341545e-05
