cell,nuclide,score,mean,std. dev.
160,Li6,"(n,Xt)",0.9679130048125868,0.000780056824748909
160,Li7,"(n,Xt)",0.027833991698723276,6.341526949338995e-05
157,Li6,"(n,Xt)",0.2863012165930964,0.00047867719176057123
157,Li7,"(n,Xt)",0.012970814603019515,1.3528014162221885e-05
