cell,nuclide,score,mean,std. dev.
170,Li6,"(n,Xt)",0.9661609149312085,0.0011616754616616228
170,Li7,"(n,Xt)",0.02401806572423599,4.515095289252666e-05
167,Li6,"(n,Xt)",0.28006047020159563,0.0004212366084069839
167,Li7,"(n,Xt)",0.0115516391553071,1.4341769845412162e-05
