cell,nuclide,score,mean,std. dev.
180,Li6,"(n,Xt)",0.960693413344719,0.0012284987561508715
180,Li7,"(n,Xt)",0.019450719836619577,3.760601923991884e-05
177,Li6,"(n,Xt)",0.2729624026267821,0.0005263462568305591
177,Li7,"(n,Xt)",0.00975162556811884,1.0757818877754705e-05
