cell,nuclide,score,mean,std. dev.
190,Li6,"(n,Xt)",0.9326485633800454,0.001145555030746303
190,Li7,"(n,Xt)",0.014060945694004729,2.4762195237199516e-05
187,Li6,"(n,Xt)",0.2573811067878828,0.0005756752136713684
187,Li7,"(n,Xt)",0.007448626795985976,1.1179342910243504e-05
