cell,nuclide,score,mean,std. dev.
30,Li6,"(n,Xt)",1.0236447320979554,0.001100890872720468
30,Li7,"(n,Xt)",0.07553417812070322,9.911642600275554e-05
27,Li6,"(n,Xt)",0.10248021617114536,0.00021191943219472524
27,Li7,"(n,Xt)",0.01707873769192427,2.0233223836336525e-05
