cell,nuclide,score,mean,std. dev.
40,Li6,"(n,Xt)",1.0272560517167668,0.0012831499422734569
40,Li7,"(n,Xt)",0.06618373382636102,8.46004017039496e-05
37,Li6,"(n,Xt)",0.12435634886929259,0.0002205495471950271
37,Li7,"(n,Xt)",0.015078533143097813,1.7700248993279394e-05
