cell,nuclide,score,mean,std. dev.
50,Li6,"(n,Xt)",1.0224106814237888,0.0009114245649473639
50,Li7,"(n,Xt)",0.043432936786444824,5.4926869316221725e-05
47,Li6,"(n,Xt)",0.1605537543061297,0.00025734626661266113
47,Li7,"(n,Xt)",0.010073008050648142,1.1193686274073784e-05
