cell,nuclide,score,mean,std. dev.
20,Li6,"(n,Xt)",1.0071996948679545,0.0008558872070227796
20,Li7,"(n,Xt)",0.08257169612541539,0.0001094856048572368
17,Li6,"(n,Xt)",0.07718006683393078,0.00010754857388466205
17,Li7,"(n,Xt)",0.018572796216653264,2.3865364781265896e-05
