cell,nuclide,score,mean,std. dev.
60,Li6,"(n,Xt)",1.0131601172783078,0.0008806196632761419
60,Li7,"(n,Xt)",0.02139296863174765,3.104937408692832e-05
57,Li6,"(n,Xt)",0.1851996664488914,0.00041572097335047705
57,Li7,"(n,Xt)",0.0050448870188690795,6.31138210150209e-06
