cell,nuclide,score,mean,std. dev.
46,Li6,"(n,Xt)",0.0942312069347315,0.00014079924489572056
46,Li7,"(n,Xt)",0.018258721240185953,2.7958280865663107e-05
49,Li6,"(n,Xt)",0.4365185322322514,0.0006418551502987944
49,Li7,"(n,Xt)",0.034888575117474584,6.51789390845464e-05
52,Li6,"(n,Xt)",0.6464978508742021,0.0008690921308464838
52,Li7,"(n,Xt)",0.023517969840116476,4.32600800618899e-05
