cell,nuclide,score,mean,std. dev.
59,Li6,"(n,Xt)",0.09435388460221887,0.00014827212849749635
59,Li7,"(n,Xt)",0.01800514786854886,2.498076701939784e-05
62,Li6,"(n,Xt)",0.43598373312209115,0.0006772518821274106
62,Li7,"(n,Xt)",0.0342830666094667,6.125042867629293e-05
65,Li6,"(n,Xt)",0.6490568579116903,0.0010901035795968055
65,Li7,"(n,Xt)",0.022954473143989258,3.395134851474173e-05
