cell,nuclide,score,mean,std. dev.
72,Li6,"(n,Xt)",0.09382468493719459,0.0002502386082808321
72,Li7,"(n,Xt)",0.017723208862618606,2.459964946955172e-05
75,Li6,"(n,Xt)",0.43677337052483367,0.0007789043066764198
75,Li7,"(n,Xt)",0.03362356077720457,6.90230586801621e-05
78,Li6,"(n,Xt)",0.6558047063187505,0.0011796812420670412
78,Li7,"(n,Xt)",0.02234858075523028,4.011605603640108e-05
