cell,nuclide,score,mean,std. dev.
98,Li6,"(n,Xt)",0.09324772219351762,0.00013300980752547215
98,Li7,"(n,Xt)",0.017070005602717892,2.0161556756597625e-05
101,Li6,"(n,Xt)",0.4358032655289786,0.00032793189379045506
101,Li7,"(n,Xt)",0.03207336905222659,6.441396297091195e-05
104,Li6,"(n,Xt)",0.66607139733552,0.0008189245070387506
104,Li7,"(n,Xt)",0.020952024185433443,5.218708802596788e-05
