cell,nuclide,score,mean,std. dev.
111,Li6,"(n,Xt)",0.09301359129495486,0.00015699307508360987
111,Li7,"(n,Xt)",0.01668572765509853,1.711042376250628e-05
114,Li6,"(n,Xt)",0.4362697818796556,0.0007840623376294298
114,Li7,"(n,Xt)",0.03114908769705372,6.429509784847294e-05
117,Li6,"(n,Xt)",0.6736502410430978,0.0007562159406268106
117,Li7,"(n,Xt)",0.02014357689213702,5.422043185437801e-05
