cell,nuclide,score,mean,std. dev.
124,Li6,"(n,Xt)",0.09205263515742869,0.00018657621714163338
124,Li7,"(n,Xt)",0.016257741131468224,1.6859472589939654e-05
127,Li6,"(n,Xt)",0.43418004642065594,0.0006869848848708909
127,Li7,"(n,Xt)",0.030171778237977835,7.08400017957897e-05
130,Li6,"(n,Xt)",0.680254147311519,0.0012028540538004146
130,Li7,"(n,Xt)",0.019278706918814243,6.544543432924226e-05
