cell,nuclide,score,mean,std. dev.
150,Li6,"(n,Xt)",0.09075491380332924,0.0001853099279714132
150,Li7,"(n,Xt)",0.015200967302523714,1.7617186385463555e-05
153,Li6,"(n,Xt)",0.4314664630602998,0.0008056621775346563
153,Li7,"(n,Xt)",0.02777375369815647,6.181788312492354e-05
156,Li6,"(n,Xt)",0.6977603936890275,0.0008573382693995077
156,Li7,"(n,Xt)",0.017184900988723738,7.077138039099891e-05
