cell,nuclide,score,mean,std. dev.
163,Li6,"(n,Xt)",0.08921256310200923,0.00022258284675537063
163,Li7,"(n,Xt)",0.014569811445967732,1.8839389654722097e-05
166,Li6,"(n,Xt)",0.42858842443563017,0.0006531530953946179
166,Li7,"(n,Xt)",0.026356113183217077,6.714001052986379e-05
169,Li6,"(n,Xt)",0.7085283512155506,0.0009984114414427257
169,Li7,"(n,Xt)",0.015990502081254868,7.373674770987339e-05
