cell,nuclide,score,mean,std. dev.
176,Li6,"(n,Xt)",0.0879489343043677,0.00014046596923556235
176,Li7,"(n,Xt)",0.013822345206734723,1.6261112822554483e-05
179,Li6,"(n,Xt)",0.4252336789557713,0.0005342318356675923
179,Li7,"(n,Xt)",0.024726221098212008,6.025412047469714e-05
182,Li6,"(n,Xt)",0.7204290656082951,0.0012148097718896428
182,Li7,"(n,Xt)",0.01468010195324844,5.421768869488043e-05
