cell,nuclide,score,mean,std. dev.
189,Li6,"(n,Xt)",0.08609524423185513,0.00012561367341676946
189,Li7,"(n,Xt)",0.012926396187750771,1.5136472847820972e-05
192,Li6,"(n,Xt)",0.420878316207922,0.00045801577197240287
192,Li7,"(n,Xt)",0.02282642071989954,4.817397257522078e-05
195,Li6,"(n,Xt)",0.7337694048010283,0.0009235050816828605
195,Li7,"(n,Xt)",0.013181815350831863,6.069413136959892e-05
