cell,nuclide,score,mean,std. dev.
202,Li6,"(n,Xt)",0.08334241652270065,9.956764605642538e-05
202,Li7,"(n,Xt)",0.011855895505116114,1.4344999627091654e-05
205,Li6,"(n,Xt)",0.4127479728425598,0.0006479983627829068
205,Li7,"(n,Xt)",0.02060132078787767,4.660681110040898e-05
208,Li6,"(n,Xt)",0.7538942385746038,0.0012644925749882383
208,Li7,"(n,Xt)",0.011535977462412816,6.219257969840154e-05
