cell,nuclide,score,mean,std. dev.
215,Li6,"(n,Xt)",0.07970148743272978,0.00013665158972195953
215,Li7,"(n,Xt)",0.01054489408647763,1.266449487900461e-05
218,Li6,"(n,Xt)",0.40072883271969806,0.0004836974192572563
218,Li7,"(n,Xt)",0.01798043518387946,3.672860545520522e-05
221,Li6,"(n,Xt)",0.7740876954267925,0.0009987431743225762
221,Li7,"(n,Xt)",0.00969995971357541,3.905843111120118e-05
