cell,nuclide,score,mean,std. dev.
228,Li6,"(n,Xt)",0.07397841283942358,0.00014399484054756944
228,Li7,"(n,Xt)",0.008908160878254062,9.04031867717959e-06
231,Li6,"(n,Xt)",0.37921679389130636,0.00048090000484469364
231,Li7,"(n,Xt)",0.014797134591785763,1.5679755903788484e-05
234,Li6,"(n,Xt)",0.8008193313076193,0.0007281960610944669
234,Li7,"(n,Xt)",0.0075981983941279625,3.092482239264673e-05
