cell,nuclide,score,mean,std. dev.
241,Li6,"(n,Xt)",0.06482416167120826,8.129968528881695e-05
241,Li7,"(n,Xt)",0.006800841547042474,8.424875608472604e-06
244,Li6,"(n,Xt)",0.3431000300678246,0.00045394676020601673
244,Li7,"(n,Xt)",0.010925679875053856,1.6665381968265994e-05
247,Li6,"(n,Xt)",0.8276585034797257,0.0007441208495091303
247,Li7,"(n,Xt)",0.005229559322553884,2.550901457139326e-05
