cell,nuclide,score,mean,std. dev.
33,Li6,"(n,Xt)",0.09173941607291178,0.00020854910145370753
33,Li7,"(n,Xt)",0.018493462770862824,2.5965409414001195e-05
36,Li6,"(n,Xt)",0.7176358388139755,0.0007969951310106337
36,Li7,"(n,Xt)",0.05270070594306227,0.0001029509990740276
39,Li6,"(n,Xt)",0.3581182938362929,0.0007641521760706893
39,Li7,"(n,Xt)",0.010576001569567294,3.118857848429676e-05
