cell,nuclide,score,mean,std. dev.
59,Li6,"(n,Xt)",0.09097967205577458,0.0001493207456297077
59,Li7,"(n,Xt)",0.018025549429799323,2.4342830308617554e-05
62,Li6,"(n,Xt)",0.7204124943236724,0.0008837557045197973
62,Li7,"(n,Xt)",0.05080054594575598,8.633305033682858e-05
65,Li6,"(n,Xt)",0.36390821810426205,0.00043991432983759703
65,Li7,"(n,Xt)",0.010011899950884546,4.0563676865744014e-05
