cell,nuclide,score,mean,std. dev.
72,Li6,"(n,Xt)",0.09086681856129745,0.00017555631152334604
72,Li7,"(n,Xt)",0.01774443026273747,2.3401047851631357e-05
75,Li6,"(n,Xt)",0.7214715278893611,0.0010860960884302195
75,Li7,"(n,Xt)",0.04972000553459037,9.980973804020063e-05
78,Li6,"(n,Xt)",0.36780124512641,0.0008916900544378086
78,Li7,"(n,Xt)",0.009705279097828312,2.851863855257502e-05
