cell,nuclide,score,mean,std. dev.
85,Li6,"(n,Xt)",0.09034261395730533,0.00014627937646130947
85,Li7,"(n,Xt)",0.017427085036425642,2.0858782821824205e-05
88,Li6,"(n,Xt)",0.7216288734851796,0.0006305218404953466
88,Li7,"(n,Xt)",0.04857592577169041,8.962809012470271e-05
91,Li6,"(n,Xt)",0.37169327538496344,0.0007945152687690957
91,Li7,"(n,Xt)",0.009409915566109373,4.26023593571188e-05
