cell,nuclide,score,mean,std. dev.
98,Li6,"(n,Xt)",0.0902280240898556,0.0001160205038000061
98,Li7,"(n,Xt)",0.017082144680691937,2.018949199063238e-05
101,Li6,"(n,Xt)",0.7224744797153873,0.0006922416492661795
101,Li7,"(n,Xt)",0.04730775541415514,8.905257684975976e-05
104,Li6,"(n,Xt)",0.3755385871071562,0.0007616663820083044
104,Li7,"(n,Xt)",0.009051574839424722,4.189835547321364e-05
