cell,nuclide,score,mean,std. dev.
111,Li6,"(n,Xt)",0.08976982653933274,0.00016190709048488378
111,Li7,"(n,Xt)",0.016697038002071694,1.811144847247076e-05
114,Li6,"(n,Xt)",0.7256483094197506,0.001010487249010399
114,Li7,"(n,Xt)",0.045856558409089414,7.58253898734317e-05
117,Li6,"(n,Xt)",0.3809989895736206,0.0006516587336527253
117,Li7,"(n,Xt)",0.00866334021644195,4.9538232704338355e-05
