cell,nuclide,score,mean,std. dev.
124,Li6,"(n,Xt)",0.08900754161175942,0.00016070383844138804
124,Li7,"(n,Xt)",0.016272396299281948,1.7178270152582342e-05
127,Li6,"(n,Xt)",0.7259182950365181,0.0011446306154975021
127,Li7,"(n,Xt)",0.044244079739163396,8.209107878680366e-05
130,Li6,"(n,Xt)",0.38650753116119696,0.0006624730753448336
130,Li7,"(n,Xt)",0.008239813526850829,4.850276929999396e-05
