cell,nuclide,score,mean,std. dev.
137,Li6,"(n,Xt)",0.0887460839380971,0.00022400852307716843
137,Li7,"(n,Xt)",0.01577209865444994,1.5514358586257483e-05
140,Li6,"(n,Xt)",0.7266998985418663,0.0009794759553064757
140,Li7,"(n,Xt)",0.042436313149159854,9.100751190117837e-05
143,Li6,"(n,Xt)",0.39253446698340566,0.0002509256723234726
143,Li7,"(n,Xt)",0.007758715645750369,4.203982573494574e-05
