cell,nuclide,score,mean,std. dev.
20,Li6,"(n,Xt)",0.09164378356838515,0.00012390960279061786
20,Li7,"(n,Xt)",0.018715961622477267,2.577561670487559e-05
23,Li6,"(n,Xt)",0.715970561501164,0.0004680777026093297
23,Li7,"(n,Xt)",0.05351185191401846,8.200982728612838e-05
26,Li6,"(n,Xt)",0.3543895506778579,0.0008844427689022598
26,Li7,"(n,Xt)",0.010816285111964018,3.861444742835661e-05
