cell,nuclide,score,mean,std. dev.
150,Li6,"(n,Xt)",0.08816105539958573,0.0001852646539589524
150,Li7,"(n,Xt)",0.01521312196100109,1.7067465909196715e-05
153,Li6,"(n,Xt)",0.7257675311353607,0.0009223135748707813
153,Li7,"(n,Xt)",0.0404552049529878,9.167119261636108e-05
156,Li6,"(n,Xt)",0.401185957829614,0.0006663002135998793
156,Li7,"(n,Xt)",0.007235064618040169,3.2558259470912416e-05
