cell,nuclide,score,mean,std. dev.
163,Li6,"(n,Xt)",0.08709754586946579,0.00025100071716226076
163,Li7,"(n,Xt)",0.014575805883432264,1.7755111784918414e-05
166,Li6,"(n,Xt)",0.7253436243420346,0.001067951027151762
166,Li7,"(n,Xt)",0.03819691293420251,9.351928243314379e-05
169,Li6,"(n,Xt)",0.41088898975299737,0.00047497383471619195
169,Li7,"(n,Xt)",0.00665112401091898,3.5153721298190596e-05
