cell,nuclide,score,mean,std. dev.
176,Li6,"(n,Xt)",0.0859016898650242,0.00012997422155098593
176,Li7,"(n,Xt)",0.0138274781348281,1.5893600792067966e-05
179,Li6,"(n,Xt)",0.7228442914295009,0.0009346480382686237
179,Li7,"(n,Xt)",0.03564315666875151,8.195958459993073e-05
182,Li6,"(n,Xt)",0.42216470873889866,0.0007208287388105204
182,Li7,"(n,Xt)",0.0060510942709806285,3.484507176221471e-05
