cell,nuclide,score,mean,std. dev.
189,Li6,"(n,Xt)",0.08350047164334892,0.00013268127263103716
189,Li7,"(n,Xt)",0.012934176385017213,1.3441499903240325e-05
192,Li6,"(n,Xt)",0.7191774805412294,0.0009684551343575213
192,Li7,"(n,Xt)",0.032710736072245054,6.706812888581503e-05
195,Li6,"(n,Xt)",0.43519378022106087,0.0009147788251573583
195,Li7,"(n,Xt)",0.005381329005547618,3.632083917027488e-05
