cell,nuclide,score,mean,std. dev.
215,Li6,"(n,Xt)",0.07781761942463103,0.00011373484498825479
215,Li7,"(n,Xt)",0.010546417247502538,1.2531911245597923e-05
218,Li6,"(n,Xt)",0.6977643019467054,0.0008138920397680121
218,Li7,"(n,Xt)",0.02543337021271237,4.785641029894085e-05
221,Li6,"(n,Xt)",0.47998390814885966,0.0009375942808040086
221,Li7,"(n,Xt)",0.0038041300317823443,2.310128427157448e-05
