cell,nuclide,score,mean,std. dev.
228,Li6,"(n,Xt)",0.07255106104387651,9.454727287968684e-05
228,Li7,"(n,Xt)",0.008907321175000333,9.286825498337373e-06
231,Li6,"(n,Xt)",0.6712966345758435,0.0007055347702262357
231,Li7,"(n,Xt)",0.020700390533801277,2.2213827704960454e-05
234,Li6,"(n,Xt)",0.5132871849133746,0.0012443590208278954
234,Li7,"(n,Xt)",0.0029082808258991477,1.6918340173757052e-05
