cell,nuclide,score,mean,std. dev.
241,Li6,"(n,Xt)",0.06397425407011396,8.299562229120759e-05
241,Li7,"(n,Xt)",0.006801969583973669,7.943174659468076e-06
244,Li6,"(n,Xt)",0.6207159758887976,0.0006811300598471751
244,Li7,"(n,Xt)",0.015060641614769606,2.5690067360363787e-05
247,Li6,"(n,Xt)",0.5568637918067838,0.0007637376594148798
247,Li7,"(n,Xt)",0.0019459950894341507,9.01877635034398e-06
