cell,nuclide,score,mean,std. dev.
50,Li6,"(n,Xt)",1.001196259439303,0.001071289536794881
50,Li7,"(n,Xt)",0.044144354429288775,9.64341679357357e-05
47,Li6,"(n,Xt)",0.1849644164838588,0.00023649556507073248
47,Li7,"(n,Xt)",0.010573940096971043,1.287593745885978e-05
