cell,nuclide,score,mean,std. dev.
10,Li6,"(n,Xt)",0.3016445742589865,0.0003300957307702947
10,Li7,"(n,Xt)",0.08825340313023573,0.00018017903786819053
6,Li6,"(n,Xt)",0.0008548853040792325,2.3179477715389133e-06
6,Li7,"(n,Xt)",0.02020513907811578,3.204753392690277e-05
