cell,nuclide,score,mean,std. dev.
30,Li6,"(n,Xt)",1.0216380526870825,0.001817659403570388
30,Li7,"(n,Xt)",0.07426016300508938,0.00013494879439034238
27,Li6,"(n,Xt)",0.11069127423269547,0.00016392479828519568
27,Li7,"(n,Xt)",0.017198452508467986,2.916267294927985e-05
