cell,nuclide,score,mean,std. dev.
40,Li6,"(n,Xt)",1.0261218883716912,0.0010863918291578161
40,Li7,"(n,Xt)",0.06509349193089056,0.00011441369607771624
37,Li6,"(n,Xt)",0.13424792517910547,0.000271760971034379
37,Li7,"(n,Xt)",0.015192640694160644,2.62020690838201e-05
