cell,nuclide,score,mean,std. dev.
50,Li6,"(n,Xt)",1.0192557966074842,0.0012633314498242871
50,Li7,"(n,Xt)",0.04267030224602231,7.847831166472829e-05
47,Li6,"(n,Xt)",0.1732004512157312,0.00032969856781695417
47,Li7,"(n,Xt)",0.010145809934731536,1.6689155284037926e-05
