cell,nuclide,score,mean,std. dev.
20,Li6,"(n,Xt)",1.00524376314576,0.0014179759637261364
20,Li7,"(n,Xt)",0.08119533832273308,0.0001533655148896398
17,Li6,"(n,Xt)",0.08366523927084307,0.00017474903977877137
17,Li7,"(n,Xt)",0.018706744711041192,3.323802219728733e-05
