cell,nuclide,score,mean,std. dev.
60,Li6,"(n,Xt)",1.00897925077469,0.0015838955529728362
60,Li7,"(n,Xt)",0.02098416735730229,4.391182836582623e-05
57,Li6,"(n,Xt)",0.19893081232537443,0.00036558684645326983
57,Li7,"(n,Xt)",0.0050824936603692025,9.04299787166089e-06
