cell,nuclide,score,mean,std. dev.
40,Li6,"(n,Xt)",1.1556824593254387,0.0012428804914739074
40,Li7,"(n,Xt)",0.03309742744379694,8.496085185186319e-05
37,Li6,"(n,Xt)",0.19058503215165043,0.0002989281483780481
37,Li7,"(n,Xt)",0.014230378129703411,1.6012946583366376e-05
