cell,nuclide,score,mean,std. dev.
50,Li6,"(n,Xt)",1.136807495795881,0.0014066230119053717
50,Li7,"(n,Xt)",0.021749358256483428,5.848369628551044e-05
47,Li6,"(n,Xt)",0.2548633186601269,0.0004228480364761332
47,Li7,"(n,Xt)",0.009517314762623288,1.0698428480895042e-05
