cell,nuclide,score,mean,std. dev.
20,Li6,"(n,Xt)",1.1416641138570396,0.0010570900373098057
20,Li7,"(n,Xt)",0.041255470409854486,0.00010547448385780736
17,Li6,"(n,Xt)",0.10925587568401958,0.00022997924277487226
17,Li7,"(n,Xt)",0.017509239333272492,2.180334625139833e-05
