cell,nuclide,score,mean,std. dev.
60,Li6,"(n,Xt)",1.1134242498012683,0.0009914321342545161
60,Li7,"(n,Xt)",0.010706613133635228,3.116810778711363e-05
57,Li6,"(n,Xt)",0.2987795836080155,0.00042800509341109274
57,Li7,"(n,Xt)",0.0047707878871784465,5.926030241121615e-06
