cell,nuclide,score,mean,std. dev.
70,Li6,"(n,Xt)",1.0949982284764475,0.0006519262165870561
70,Li7,"(n,Xt)",4.2212352578001825e-06,1.2880745856214597e-08
67,Li6,"(n,Xt)",0.33223403098683907,0.000243065420089608
67,Li7,"(n,Xt)",1.9146368591032968e-06,2.2773593757133352e-09
