cell,nuclide,score,mean,std. dev.
10,Li6,"(n,Xt)",0.288770900443721,0.00042311387628142223
10,Li7,"(n,Xt)",0.008400320005180522,4.014587342045441e-05
6,Li6,"(n,Xt)",0.000756944310951097,1.2865350675151868e-06
6,Li7,"(n,Xt)",0.018772890375976965,2.176225798058511e-05
