cell,nuclide,score,mean,std. dev.
30,Li6,"(n,Xt)",1.1182878516817818,0.001470395255162232
30,Li7,"(n,Xt)",0.007071522186457265,2.9897925295337054e-05
27,Li6,"(n,Xt)",0.25907661970626283,0.0004317299742811745
27,Li7,"(n,Xt)",0.015993050551712542,1.647096110048186e-05
