cell,nuclide,score,mean,std. dev.
40,Li6,"(n,Xt)",1.1023615035095473,0.0018630365208889435
40,Li7,"(n,Xt)",0.00619891790328958,2.699928958765052e-05
37,Li6,"(n,Xt)",0.33206120127713035,0.0006243993242039702
37,Li7,"(n,Xt)",0.014131614838286965,1.4429260936698964e-05
