cell,nuclide,score,mean,std. dev.
50,Li6,"(n,Xt)",1.059106285233809,0.0014457215640802513
50,Li7,"(n,Xt)",0.004080587305938221,1.942201063226493e-05
47,Li6,"(n,Xt)",0.44553371271962644,0.0006143394469599832
47,Li7,"(n,Xt)",0.009452314535588643,8.915942135343165e-06
