cell,nuclide,score,mean,std. dev.
20,Li6,"(n,Xt)",1.115283355219329,0.000919044237933128
20,Li7,"(n,Xt)",0.007730194842503256,3.5459977021454484e-05
17,Li6,"(n,Xt)",0.17784054498009988,0.000294311999804897
17,Li7,"(n,Xt)",0.01738741865085981,1.8782307903743037e-05
