cell,nuclide,score,mean,std. dev.
60,Li6,"(n,Xt)",1.0235886586911964,0.001104052004925693
60,Li7,"(n,Xt)",0.0020136034030263624,9.7281470796767e-06
57,Li6,"(n,Xt)",0.518244883050711,0.0007509054209604341
57,Li7,"(n,Xt)",0.004740568211544525,4.428828249363353e-06
