cell,nuclide,score,mean,std. dev.
70,Li6,"(n,Xt)",0.9913849457229166,0.0012054738336493348
70,Li7,"(n,Xt)",7.928380586743211e-07,3.764245511407194e-09
67,Li6,"(n,Xt)",0.5716609898692189,0.0009236823878159497
67,Li7,"(n,Xt)",1.9029658783091178e-06,1.9428853849227923e-09
