cell,nuclide,score,mean,std. dev.
10,Li6,"(n,Xt)",0.9304145983194265,0.0014962285212520288
10,Li7,"(n,Xt)",0.10480917892913919,0.00020470557884271179
6,Li6,"(n,Xt)",0.09727815703974818,0.000219181581438935
6,Li7,"(n,Xt)",0.036108110432385404,5.217699080998006e-05
