cell,nuclide,score,mean,std. dev.
30,Li6,"(n,Xt)",0.9304145983194234,0.0014962285212437843
30,Li7,"(n,Xt)",0.10480917892913914,0.00020470557884318257
27,Li6,"(n,Xt)",0.09727815703974806,0.00021918158143761592
27,Li7,"(n,Xt)",0.036108110432385404,5.217699081021094e-05
