cell,nuclide,score,mean,std. dev.
40,Li6,"(n,Xt)",0.9304145983194184,0.0014962285212479067
40,Li7,"(n,Xt)",0.10480917892913907,0.00020470557884412418
37,Li6,"(n,Xt)",0.09727815703974797,0.00021918158143849532
37,Li7,"(n,Xt)",0.03610811043238542,5.217699080974918e-05
