cell,nuclide,score,mean,std. dev.
10,Li6,"(n,Xt)",0.2976392117889759,0.00019876020999806275
10,Li7,"(n,Xt)",0.08528868908531631,0.00016819896968021006
6,Li6,"(n,Xt)",0.0009254617392501179,3.1118446163756956e-06
6,Li7,"(n,Xt)",0.02044661142827015,3.302270056936451e-05
