cell,nuclide,score,mean,std. dev.
30,Li6,"(n,Xt)",1.019858509595377,0.001175856441620598
30,Li7,"(n,Xt)",0.07177533734514333,0.00013308133958500184
27,Li6,"(n,Xt)",0.12853409143701722,0.00031434997958139344
27,Li7,"(n,Xt)",0.017404458397856086,2.815664390712699e-05
