cell,nuclide,score,mean,std. dev.
40,Li6,"(n,Xt)",1.0243924729400522,0.0011741709837278858
40,Li7,"(n,Xt)",0.06291974652015982,0.0001204381479158905
37,Li6,"(n,Xt)",0.15533749312428843,0.0003695014126421273
37,Li7,"(n,Xt)",0.015370445206738966,2.528149198419462e-05
