cell,nuclide,score,mean,std. dev.
50,Li6,"(n,Xt)",1.0137724881505195,0.0014239268795332152
50,Li7,"(n,Xt)",0.04123465511398256,8.864679318615478e-05
47,Li6,"(n,Xt)",0.19847598424182528,0.0003052276523200802
47,Li7,"(n,Xt)",0.010264117157268746,1.6873408814339182e-05
