cell,nuclide,score,mean,std. dev.
60,Li6,"(n,Xt)",1.0019084864127046,0.001581177641014929
60,Li7,"(n,Xt)",0.020284051975409632,4.317036252650707e-05
57,Li6,"(n,Xt)",0.22669300320362562,0.00020847981772919243
57,Li7,"(n,Xt)",0.0051403574134323195,8.40948634103116e-06
