cell,nuclide,score,mean,std. dev.
70,Li6,"(n,Xt)",0.9908042459305267,0.0010048378785622763
70,Li7,"(n,Xt)",7.983818238050164e-06,1.8525109592791492e-08
67,Li6,"(n,Xt)",0.2471723280848784,0.0003298607421347315
67,Li7,"(n,Xt)",2.0603379081161992e-06,3.015177322047385e-09
