cell,nuclide,score,mean,std. dev.
40,Li6,"(n,Xt)",0.99886357680846,0.0009776863166299132
40,Li7,"(n,Xt)",0.07426241196469122,0.00012989799717517354
37,Li6,"(n,Xt)",0.12157388649037207,0.00019937525613208563
37,Li7,"(n,Xt)",0.0170109279063893,1.3531961175358572e-05
