cell,nuclide,score,mean,std. dev.
20,Li6,"(n,Xt)",0.9806459476491755,0.0013733134890102834
20,Li7,"(n,Xt)",0.0902312180769489,0.00016608308649503867
17,Li6,"(n,Xt)",0.07828045142806904,0.00020784445704794463
17,Li7,"(n,Xt)",0.020393320240395255,1.8057850383357336e-05
