cell,nuclide,score,mean,std. dev.
60,Li6,"(n,Xt)",0.9842482417468643,0.0010937969941694256
60,Li7,"(n,Xt)",0.030670153481171008,5.9509257368414594e-05
57,Li6,"(n,Xt)",0.1802006135021684,0.00045534417562619213
57,Li7,"(n,Xt)",0.007282475168761765,5.4536351154325986e-06
