cell,nuclide,score,mean,std. dev.
10,Li6,"(n,Xt)",0.30265475922283913,0.00042308297457441057
10,Li7,"(n,Xt)",0.0884112372402278,0.0001501846993115102
6,Li6,"(n,Xt)",0.0009342364975510238,2.166732041989549e-06
6,Li7,"(n,Xt)",0.020947300287963627,3.56376892165444e-05
