cell,nuclide,score,mean,std. dev.
30,Li6,"(n,Xt)",1.0093142606182663,0.0007963529071459574
30,Li7,"(n,Xt)",0.07434834099538357,0.00011123629304812842
27,Li6,"(n,Xt)",0.12874120085372795,0.0003107948805472905
27,Li7,"(n,Xt)",0.017831802663408267,2.981973379879334e-05
