cell,nuclide,score,mean,std. dev.
40,Li6,"(n,Xt)",1.012116326441456,0.0010925821202692656
40,Li7,"(n,Xt)",0.06514906936434198,0.0001110481635942588
37,Li6,"(n,Xt)",0.15523400015015779,0.0003385863836467791
37,Li7,"(n,Xt)",0.01575118925702331,2.6005718948648295e-05
