cell,nuclide,score,mean,std. dev.
50,Li6,"(n,Xt)",1.0020385305193655,0.0010478559514781613
50,Li7,"(n,Xt)",0.04268080456142139,7.460519772575184e-05
47,Li6,"(n,Xt)",0.1981044144115041,0.0003722932735430686
47,Li7,"(n,Xt)",0.01051932939045564,1.628435140954706e-05
