cell,nuclide,score,mean,std. dev.
70,Li6,"(n,Xt)",0.978804350610563,0.0011081334255443292
70,Li7,"(n,Xt)",8.24866065826948e-06,1.705732262902698e-08
67,Li6,"(n,Xt)",0.2476308108551056,0.00044851080972725205
67,Li7,"(n,Xt)",2.1108680896103594e-06,3.191257364222566e-09
