cell,nuclide,score,mean,std. dev.
30,Li6,"(n,Xt)",1.154937481485786,0.0007280930825014497
30,Li7,"(n,Xt)",0.040039701537563185,9.464318830192044e-05
27,Li6,"(n,Xt)",0.14737837983596067,0.0002559834224379539
27,Li7,"(n,Xt)",0.016129868871594094,1.6911503832006953e-05
