cell,nuclide,score,mean,std. dev.
40,Li6,"(n,Xt)",1.1521771844988724,0.0016881436087968706
40,Li7,"(n,Xt)",0.03512703773827512,7.624186650530966e-05
37,Li6,"(n,Xt)",0.18549627651123635,0.00038643540244965457
37,Li7,"(n,Xt)",0.0142509696297009,1.3963186356845538e-05
