cell,nuclide,score,mean,std. dev.
60,Li6,"(n,Xt)",1.111130235586367,0.0012687396320483163
60,Li7,"(n,Xt)",0.011361952924285004,3.0278026144495332e-05
57,Li6,"(n,Xt)",0.2891036860362615,0.0006169783416233938
57,Li7,"(n,Xt)",0.004776541525670836,5.290992647593513e-06
