cell,nuclide,score,mean,std. dev.
70,Li6,"(n,Xt)",1.09229779314018,0.0008104576024798364
70,Li7,"(n,Xt)",4.478419297915643e-06,1.2380806697311343e-08
67,Li6,"(n,Xt)",0.32145616132122684,0.00036662896329133215
67,Li7,"(n,Xt)",1.9167137275126156e-06,2.092460596047634e-09
