cell,nuclide,score,mean,std. dev.
30,Li6,"(n,Xt)",0.9865706421163777,0.0013555451255658478
30,Li7,"(n,Xt)",0.07764780699589116,0.00016477351130502236
27,Li6,"(n,Xt)",0.14539319798645897,0.0003822781452059522
27,Li7,"(n,Xt)",0.019890673613923195,3.1670447744160805e-05
