cell,nuclide,score,mean,std. dev.
40,Li6,"(n,Xt)",0.9897623428642339,0.001185917548407162
40,Li7,"(n,Xt)",0.06954956984754453,0.00014150617403066914
37,Li6,"(n,Xt)",0.1729943167602347,0.0002035530631128573
37,Li7,"(n,Xt)",0.01794860913246038,2.7493544106315493e-05
