cell,nuclide,score,mean,std. dev.
50,Li6,"(n,Xt)",0.9813530353368719,0.0012486116715620822
50,Li7,"(n,Xt)",0.0497926563017907,0.00010707240871214912
47,Li6,"(n,Xt)",0.2170040887159052,0.0005235495419832433
47,Li7,"(n,Xt)",0.013079158517611725,1.8194848379647504e-05
