cell,nuclide,score,mean,std. dev.
50,Li6,"(n,Xt)",0.9578444868947301,0.0011115287503183904
50,Li7,"(n,Xt)",0.06163636759256397,0.00015084001042271677
47,Li6,"(n,Xt)",0.20598572231777346,0.00032800933076318803
47,Li7,"(n,Xt)",0.016714777464538713,2.3162783218698345e-05
