cell,nuclide,score,mean,std. dev.
70,Li6,"(n,Xt)",0.9401452864721793,0.001401143434741827
70,Li7,"(n,Xt)",0.02996755541622213,7.114546617799405e-05
67,Li6,"(n,Xt)",0.25306999857876994,0.0005070122475036166
67,Li7,"(n,Xt)",0.008361809548176983,1.0785503603654383e-05
