cell,nuclide,score,mean,std. dev.
10,Li6,"(n,Xt)",1.128888629905678,0.0010227870143717118
10,Li7,"(n,Xt)",0.045562268515017455,9.251316975504462e-05
6,Li6,"(n,Xt)",0.11143068880804678,0.00030313765099993303
6,Li7,"(n,Xt)",0.018670031096812464,2.279614826339415e-05
