cell,nuclide,score,mean,std. dev.
40,Li6,"(n,Xt)",1.1389367649484894,0.000782385470974145
40,Li7,"(n,Xt)",0.04319771229158775,0.00010440079627281044
37,Li6,"(n,Xt)",0.11024748705811568,0.00019923577295129222
37,Li7,"(n,Xt)",0.01803399407780019,2.21168475073047e-05
