cell,nuclide,score,mean,std. dev.
50,Li6,"(n,Xt)",1.1410318111520612,0.0012772297456278218
50,Li7,"(n,Xt)",0.042283650822267524,0.00010635014204750631
47,Li6,"(n,Xt)",0.1097071205889171,0.00011113917668704907
47,Li7,"(n,Xt)",0.01778708345017788,1.9965376011846824e-05
