cell,nuclide,score,mean,std. dev.
60,Li6,"(n,Xt)",1.1416641138570454,0.0010570900372981363
60,Li7,"(n,Xt)",0.04125547040985438,0.00010547448385803579
57,Li6,"(n,Xt)",0.10925587568401982,0.00022997924277571037
57,Li7,"(n,Xt)",0.01750923933327249,2.1803346251812718e-05
