cell,nuclide,score,mean,std. dev.
70,Li6,"(n,Xt)",1.1493689025362177,0.001438807294162896
70,Li7,"(n,Xt)",0.0401788646707982,0.00010605702762077724
67,Li6,"(n,Xt)",0.10832494256283412,0.0002533239355025047
67,Li7,"(n,Xt)",0.017199932369267448,1.729883282510358e-05
