cell,nuclide,score,mean,std. dev.
90,Li6,"(n,Xt)",1.156953131123329,0.0010187808101677894
90,Li7,"(n,Xt)",0.03776635369854244,0.00010214206466717115
87,Li6,"(n,Xt)",0.10679317068504572,0.00013238259031446819
87,Li7,"(n,Xt)",0.0164978436997857,1.639983659691984e-05
