cell,nuclide,score,mean,std. dev.
100,Li6,"(n,Xt)",1.1624587882246533,0.0012773492097655527
100,Li7,"(n,Xt)",0.036376027357916466,0.00010270212669142748
97,Li6,"(n,Xt)",0.10529273177495632,0.00021147036154928666
97,Li7,"(n,Xt)",0.016078272932632014,1.6631259644604574e-05
