cell,nuclide,score,mean,std. dev.
110,Li6,"(n,Xt)",1.1644783911293102,0.0012673925592820397
110,Li7,"(n,Xt)",0.03479005764013387,0.00012128952541653727
107,Li6,"(n,Xt)",0.10406558285861149,0.00015681403564464839
107,Li7,"(n,Xt)",0.015593077711499643,1.570435219483554e-05
