cell,nuclide,score,mean,std. dev.
20,Li6,"(n,Xt)",1.131281579004986,0.0010476693840732476
20,Li7,"(n,Xt)",0.0448203018959697,9.13966655223793e-05
17,Li6,"(n,Xt)",0.11124303523108006,0.00017820353043893002
17,Li7,"(n,Xt)",0.01847540200283157,2.2438033123716922e-05
