cell,nuclide,score,mean,std. dev.
120,Li6,"(n,Xt)",1.171306023134358,0.0008625805548548903
120,Li7,"(n,Xt)",0.03300932480730114,0.00011378693023104084
117,Li6,"(n,Xt)",0.10278133056417493,0.00020350368612888337
117,Li7,"(n,Xt)",0.015048465134907235,1.6602683276389053e-05
