cell,nuclide,score,mean,std. dev.
140,Li6,"(n,Xt)",1.186434044307407,0.001461474080601171
140,Li7,"(n,Xt)",0.028838140681719204,8.514459140033627e-05
137,Li6,"(n,Xt)",0.09854378369616193,9.935176050113536e-05
137,Li7,"(n,Xt)",0.013689403528578023,1.3413395482256762e-05
