cell,nuclide,score,mean,std. dev.
150,Li6,"(n,Xt)",1.191589782270531,0.0011728342180825071
150,Li7,"(n,Xt)",0.02636385073811446,6.990933988319023e-05
147,Li6,"(n,Xt)",0.09587626272620443,0.0001491038961211973
147,Li7,"(n,Xt)",0.012817973705135252,1.3242376117463718e-05
