cell,nuclide,score,mean,std. dev.
160,Li6,"(n,Xt)",1.197360450032993,0.0013224983215831398
160,Li7,"(n,Xt)",0.02348438391257709,5.632626608115673e-05
157,Li6,"(n,Xt)",0.09210168993884478,0.0001444828943195644
157,Li7,"(n,Xt)",0.01176241965521883,1.240482118392428e-05
