cell,nuclide,score,mean,std. dev.
170,Li6,"(n,Xt)",1.2043502526412637,0.0012077285497009511
170,Li7,"(n,Xt)",0.020173292525920268,4.2192761620400135e-05
167,Li6,"(n,Xt)",0.08690899840878599,0.00018722114782809582
167,Li7,"(n,Xt)",0.01046859025527635,1.0821472808939119e-05
