cell,nuclide,score,mean,std. dev.
180,Li6,"(n,Xt)",1.2079541556223696,0.0013472001287853522
180,Li7,"(n,Xt)",0.01630190996438889,3.2556847048989955e-05
177,Li6,"(n,Xt)",0.07996524271048454,0.00018040812948650692
177,Li7,"(n,Xt)",0.008852702247754961,7.829477426321334e-06
