cell,nuclide,score,mean,std. dev.
190,Li6,"(n,Xt)",1.196141856545592,0.0011448846339974217
190,Li7,"(n,Xt)",0.011742424043129269,1.8505836183394132e-05
187,Li6,"(n,Xt)",0.06906462191225317,0.00015285675190525167
187,Li7,"(n,Xt)",0.006762427888709606,7.240387953970488e-06
