cell,nuclide,score,mean,std. dev.
10,Li6,"(n,Xt)",0.9116735282294874,0.0009423739094766388
10,Li7,"(n,Xt)",0.09969887455858882,0.0002073830527344975
6,Li6,"(n,Xt)",0.05906992838016829,0.00014785690258128337
6,Li7,"(n,Xt)",0.024635083514765288,3.8585233702401124e-05
