cell,nuclide,score,mean,std. dev.
30,Li6,"(n,Xt)",0.9614417154830079,0.001080557664631801
30,Li7,"(n,Xt)",0.08911420997926765,0.00018137482879899614
27,Li6,"(n,Xt)",0.11569337947123852,0.00022015830642592362
27,Li7,"(n,Xt)",0.022200355356280396,3.132028187334816e-05
