cell,nuclide,score,mean,std. dev.
40,Li6,"(n,Xt)",0.9638416343402108,0.001206070106662091
40,Li7,"(n,Xt)",0.08209646367617557,0.00017005347883387612
37,Li6,"(n,Xt)",0.13554096421149808,0.0002353784133775046
37,Li7,"(n,Xt)",0.02057029797815857,2.709331346067398e-05
