cell,nuclide,score,mean,std. dev.
50,Li6,"(n,Xt)",0.9614640734882475,0.0014513718057439307
50,Li7,"(n,Xt)",0.06490278257967944,0.00014019433171677008
47,Li6,"(n,Xt)",0.17058712417768557,0.00038545286192648136
47,Li7,"(n,Xt)",0.016491837255853972,2.1046741890399115e-05
