cell,nuclide,score,mean,std. dev.
60,Li6,"(n,Xt)",0.9527280188981182,0.0008024458650103271
60,Li7,"(n,Xt)",0.048019367035572184,0.00010415922677878946
57,Li6,"(n,Xt)",0.1946118223333711,0.0003888347114228296
57,Li7,"(n,Xt)",0.0123811868673595,1.555433246796838e-05
