cell,nuclide,score,mean,std. dev.
70,Li6,"(n,Xt)",0.943075856135309,0.0012562910716275063
70,Li7,"(n,Xt)",0.03155064817437461,6.155470622616716e-05
67,Li6,"(n,Xt)",0.21347078799745306,0.0004925308956371541
67,Li7,"(n,Xt)",0.008251655509303388,1.0564964838476776e-05
