cell,nuclide,score,mean,std. dev.
70,Li6,"(n,Xt)",0.9480675374674716,0.0012656020183923829
70,Li7,"(n,Xt)",0.032682473695823756,7.090828381878718e-05
67,Li6,"(n,Xt)",0.18574500487214923,0.00042154477894747037
67,Li7,"(n,Xt)",0.008139876448540926,4.83600828071395e-06
