cell,nuclide,score,mean,std. dev.
10,Li6,"(n,Xt)",0.8643201565521208,0.000877604334776098
10,Li7,"(n,Xt)",0.04153945361186111,9.467150694872755e-05
6,Li6,"(n,Xt)",0.4094422561873989,0.0006926531509522798
6,Li7,"(n,Xt)",0.02070418410185939,3.4850962144215794e-05
