cell,nuclide,score,mean,std. dev.
40,Li6,"(n,Xt)",0.8695548114914876,0.0010963306446913088
40,Li7,"(n,Xt)",0.03951737200123632,0.00010346201452344758
37,Li6,"(n,Xt)",0.4075011004552028,0.0008404595000152049
37,Li7,"(n,Xt)",0.01999878359242622,2.844916595291161e-05
