cell,nuclide,score,mean,std. dev.
50,Li6,"(n,Xt)",0.8700877866714807,0.0012397818592152507
50,Li7,"(n,Xt)",0.03873682089801121,0.00010263363887280938
47,Li6,"(n,Xt)",0.40792102296884664,0.0009211919571899
47,Li7,"(n,Xt)",0.019737837248488203,2.3189923497683498e-05
