cell,nuclide,score,mean,std. dev.
60,Li6,"(n,Xt)",0.8693192511876144,0.0009927441659168224
60,Li7,"(n,Xt)",0.037893966774250595,9.455586918227667e-05
57,Li6,"(n,Xt)",0.40741631521477795,0.0009951241973411183
57,Li7,"(n,Xt)",0.019440518298284807,2.6469771612872125e-05
