cell,nuclide,score,mean,std. dev.
70,Li6,"(n,Xt)",0.8700157383231076,0.0011271567036692078
70,Li7,"(n,Xt)",0.03697122742258485,6.612264737952952e-05
67,Li6,"(n,Xt)",0.4068869395572672,0.0008881687727959369
67,Li7,"(n,Xt)",0.019094267904736485,2.4097540427712767e-05
