cell,nuclide,score,mean,std. dev.
80,Li6,"(n,Xt)",0.8724788422383938,0.0015485211107566258
80,Li7,"(n,Xt)",0.035935210492717105,8.081668716649762e-05
77,Li6,"(n,Xt)",0.4062859285632996,0.0006271466668075039
77,Li7,"(n,Xt)",0.018734760869913363,2.5365578958227075e-05
