cell,nuclide,score,mean,std. dev.
90,Li6,"(n,Xt)",0.8763613827714293,0.001275770159493555
90,Li7,"(n,Xt)",0.03480451208483172,7.219139308318598e-05
87,Li6,"(n,Xt)",0.40500098801353374,0.0007872818005479
87,Li7,"(n,Xt)",0.018307840638607013,2.3059436475557405e-05
