cell,nuclide,score,mean,std. dev.
110,Li6,"(n,Xt)",0.8758439629751964,0.0010202305442006663
110,Li7,"(n,Xt)",0.03219634741266096,7.262754606393198e-05
107,Li6,"(n,Xt)",0.4029089932353531,0.0007523453661140251
107,Li7,"(n,Xt)",0.017303361298481236,2.064366468491872e-05
