cell,nuclide,score,mean,std. dev.
120,Li6,"(n,Xt)",0.8763356300741085,0.0009868912335691527
120,Li7,"(n,Xt)",0.030636022175826328,5.966437894947542e-05
117,Li6,"(n,Xt)",0.4017836271006301,0.0006301539682613174
117,Li7,"(n,Xt)",0.01670171875438401,2.177311293483528e-05
