cell,nuclide,score,mean,std. dev.
130,Li6,"(n,Xt)",0.8787295212726951,0.001028722545392363
130,Li7,"(n,Xt)",0.0289166279991801,5.373832255701606e-05
127,Li6,"(n,Xt)",0.40145505904490697,0.0005789121604719656
127,Li7,"(n,Xt)",0.01601391055195269,2.4434818613093606e-05
