cell,nuclide,score,mean,std. dev.
160,Li6,"(n,Xt)",0.875773672654109,0.0013237005843268132
160,Li7,"(n,Xt)",0.02210684056828032,4.320654265831733e-05
157,Li6,"(n,Xt)",0.3906486712500486,0.0008250770062780147
157,Li7,"(n,Xt)",0.013065040196799424,1.679128178430858e-05
