cell,nuclide,score,mean,std. dev.
190,Li6,"(n,Xt)",0.832803324031137,0.000794853661753005
190,Li7,"(n,Xt)",0.011235772578451248,3.586506225265439e-05
187,Li6,"(n,Xt)",0.3522750994160307,0.000570077785442677
187,Li7,"(n,Xt)",0.0075050903471081416,1.1331721127199257e-05
