cell,nuclide,score,mean,std. dev.
10,Li6,"(n,Xt)",0.29937011986641276,0.0004812837308080518
10,Li7,"(n,Xt)",0.08535122994626639,0.000199297030843554
6,Li6,"(n,Xt)",0.0009742391348332661,3.520929973045929e-06
6,Li7,"(n,Xt)",0.020810529162357063,3.461311724727849e-05
