cell,nuclide,score,mean,std. dev.
30,Li6,"(n,Xt)",1.0160788233295122,0.0013079277323124546
30,Li7,"(n,Xt)",0.07183114212407876,0.00017325482683015175
27,Li6,"(n,Xt)",0.137733173466348,0.00023715703661955875
27,Li7,"(n,Xt)",0.017709611198764047,2.790202275661183e-05
