cell,nuclide,score,mean,std. dev.
40,Li6,"(n,Xt)",1.016403971092577,0.0011807317130416702
40,Li7,"(n,Xt)",0.0629513723103909,0.00014701164893677956
37,Li6,"(n,Xt)",0.16595188314930553,0.00024996173833305955
37,Li7,"(n,Xt)",0.015644262396602698,2.5206921330198378e-05
