cell,nuclide,score,mean,std. dev.
20,Li6,"(n,Xt)",0.99759451716711,0.0006616665624817654
20,Li7,"(n,Xt)",0.07855932447878762,0.0001902709002049853
17,Li6,"(n,Xt)",0.10387529134784876,0.00019836188354974013
17,Li7,"(n,Xt)",0.019255944441585637,2.8514310530469264e-05
