cell,nuclide,score,mean,std. dev.
60,Li6,"(n,Xt)",0.992683840247996,0.001617158514258883
60,Li7,"(n,Xt)",0.020284484432931984,5.059002210116552e-05
57,Li6,"(n,Xt)",0.24004184308348112,0.0004371062728328781
57,Li7,"(n,Xt)",0.005231249891046778,8.437902577057438e-06
