cell,nuclide,score,mean,std. dev.
70,Li6,"(n,Xt)",0.983684383204468,0.0014644799466195409
70,Li7,"(n,Xt)",7.979888270555346e-06,2.190429491366187e-08
67,Li6,"(n,Xt)",0.26098955945467356,0.00034398802169024697
67,Li7,"(n,Xt)",2.0962913260048398e-06,2.933318669253913e-09
