cell,nuclide,score,mean,std. dev.
10,Li6,"(n,Xt)",1.1217113522198932,0.0012192301903217043
10,Li7,"(n,Xt)",0.04837936593878855,9.391208164735189e-05
6,Li6,"(n,Xt)",0.10879928483604509,0.00021388913742794008
6,Li7,"(n,Xt)",0.01869013171247581,2.009628668874241e-05
