cell,nuclide,score,mean,std. dev.
30,Li6,"(n,Xt)",1.1286936679978954,0.0014196228757570595
30,Li7,"(n,Xt)",0.04678913934366456,9.838327694657461e-05
27,Li6,"(n,Xt)",0.10754654999136273,0.000237044264553614
27,Li7,"(n,Xt)",0.018282767106329454,1.8740983246042623e-05
