cell,nuclide,score,mean,std. dev.
40,Li6,"(n,Xt)",1.1326041057782537,0.0014053567791534336
40,Li7,"(n,Xt)",0.045894905168816044,9.088688688201737e-05
37,Li6,"(n,Xt)",0.10740386777496229,0.00014583962757880293
37,Li7,"(n,Xt)",0.01805892624158822,2.042468249218213e-05
