cell,nuclide,score,mean,std. dev.
50,Li6,"(n,Xt)",1.1363023774743488,0.0011593591120349289
50,Li7,"(n,Xt)",0.04489645148691866,9.732222650818183e-05
47,Li6,"(n,Xt)",0.10692279424475407,0.00021727293883222403
47,Li7,"(n,Xt)",0.017811254740724848,1.8646880008605693e-05
