cell,nuclide,score,mean,std. dev.
60,Li6,"(n,Xt)",1.1386421859499227,0.0014006175914484428
60,Li7,"(n,Xt)",0.0437791119897452,0.00010186152542407559
57,Li6,"(n,Xt)",0.10626857996121256,0.0001946367694566053
57,Li7,"(n,Xt)",0.017535734839474536,1.854422555003368e-05
