cell,nuclide,score,mean,std. dev.
70,Li6,"(n,Xt)",1.1442868960245636,0.0008812136268184955
70,Li7,"(n,Xt)",0.0426706820039104,0.00010285006154994395
67,Li6,"(n,Xt)",0.10592323091239944,0.00018642247184579036
67,Li7,"(n,Xt)",0.017226523126028504,1.4080852583004793e-05
