cell,nuclide,score,mean,std. dev.
80,Li6,"(n,Xt)",1.148858664219699,0.0008463023909170654
80,Li7,"(n,Xt)",0.04143716011143717,9.760110845119219e-05
77,Li6,"(n,Xt)",0.10495872020844665,0.00017040359807190755
77,Li7,"(n,Xt)",0.016891977221076788,1.4865450782326137e-05
