cell,nuclide,score,mean,std. dev.
90,Li6,"(n,Xt)",1.1542778382493408,0.0011965581760892833
90,Li7,"(n,Xt)",0.040100552788409044,0.00010972774073768162
87,Li6,"(n,Xt)",0.10431742225278798,0.00010869823996803119
87,Li7,"(n,Xt)",0.016518821326870665,1.4294093122644855e-05
