cell,nuclide,score,mean,std. dev.
100,Li6,"(n,Xt)",1.1569997971841568,0.0009279800344409665
100,Li7,"(n,Xt)",0.03856105274888254,0.0001008073071906849
97,Li6,"(n,Xt)",0.10309342016672458,0.000160779125550123
97,Li7,"(n,Xt)",0.016097319577901704,1.3577228825754161e-05
