cell,nuclide,score,mean,std. dev.
110,Li6,"(n,Xt)",1.1608705976882463,0.0013311682792817637
110,Li7,"(n,Xt)",0.0368984350000552,9.718692383880023e-05
107,Li6,"(n,Xt)",0.10215333833467347,0.00015665588676051626
107,Li7,"(n,Xt)",0.015607173101717794,1.33637363375423e-05
