cell,nuclide,score,mean,std. dev.
20,Li6,"(n,Xt)",1.1266200392164978,0.001269278426000491
20,Li7,"(n,Xt)",0.04758226183528206,7.943834384529948e-05
17,Li6,"(n,Xt)",0.10792219227383189,0.00013310349637328831
17,Li7,"(n,Xt)",0.018495400632207185,2.0801415476891047e-05
