cell,nuclide,score,mean,std. dev.
120,Li6,"(n,Xt)",1.1685045171592416,0.0011117692650429924
120,Li7,"(n,Xt)",0.035020039096500984,8.56803219117268e-05
117,Li6,"(n,Xt)",0.10054452480307943,0.00017730802904593579
117,Li7,"(n,Xt)",0.015064206960343052,1.4468880355178772e-05
