cell,nuclide,score,mean,std. dev.
130,Li6,"(n,Xt)",1.173827370470685,0.0010145567939635958
130,Li7,"(n,Xt)",0.03290218084723716,8.233100024626318e-05
127,Li6,"(n,Xt)",0.09901195092954843,0.00015978728852993976
127,Li7,"(n,Xt)",0.014439931784000428,1.485345344625681e-05
