cell,nuclide,score,mean,std. dev.
140,Li6,"(n,Xt)",1.1824672225249377,0.0013929218989032755
140,Li7,"(n,Xt)",0.03059331238242393,8.515654123556866e-05
137,Li6,"(n,Xt)",0.0970372768898231,0.00023327831906226517
137,Li7,"(n,Xt)",0.013702653163518392,1.2508019346680736e-05
