cell,nuclide,score,mean,std. dev.
150,Li6,"(n,Xt)",1.1896210128063696,0.0015095067961752877
150,Li7,"(n,Xt)",0.027975175749499103,6.060996335561026e-05
147,Li6,"(n,Xt)",0.09414880176429388,0.0002201017474864685
147,Li7,"(n,Xt)",0.012828779169237067,1.292576068185908e-05
