cell,nuclide,score,mean,std. dev.
160,Li6,"(n,Xt)",1.1965705535252875,0.0005749307858783171
160,Li7,"(n,Xt)",0.024907370270528768,5.229802884193615e-05
157,Li6,"(n,Xt)",0.09045720730690537,9.245579827623405e-05
157,Li7,"(n,Xt)",0.011771463864717698,1.1799549036551967e-05
