cell,nuclide,score,mean,std. dev.
170,Li6,"(n,Xt)",1.2006810482571901,0.000815809173352954
170,Li7,"(n,Xt)",0.02136529424955879,4.437828525036771e-05
167,Li6,"(n,Xt)",0.08578855708621501,0.00013937971388480578
167,Li7,"(n,Xt)",0.010480400839890788,9.776500125038967e-06
