cell,nuclide,score,mean,std. dev.
180,Li6,"(n,Xt)",1.2071457411100819,0.0009353473320139334
180,Li7,"(n,Xt)",0.017288986103012726,3.3617529154268194e-05
177,Li6,"(n,Xt)",0.0788680765337411,9.45171277689717e-05
177,Li7,"(n,Xt)",0.008858826740198304,7.5588045482587e-06
