cell,nuclide,score,mean,std. dev.
190,Li6,"(n,Xt)",1.1958565305214954,0.0012623672544625853
190,Li7,"(n,Xt)",0.012433073219664855,2.4296378754722158e-05
187,Li6,"(n,Xt)",0.06822609768205108,0.00014072381701817194
187,Li7,"(n,Xt)",0.0067674653086053724,6.353279254774574e-06
