cell,nuclide,score,mean,std. dev.
30,Li6,"(n,Xt)",1.0075749518397044,0.0010784408257250501
30,Li7,"(n,Xt)",0.0782447180895727,0.00018363869125817282
27,Li6,"(n,Xt)",0.11084486331286329,0.00018825573704098198
27,Li7,"(n,Xt)",0.017814600620360582,2.628501726534198e-05
