cell,nuclide,score,mean,std. dev.
20,Li6,"(n,Xt)",0.9916818078445498,0.00124876613534699
20,Li7,"(n,Xt)",0.08558357070861607,0.00020692531414642123
17,Li6,"(n,Xt)",0.083401021925035,0.00017739250005638105
17,Li7,"(n,Xt)",0.019379164410501762,2.848486906432404e-05
