cell,nuclide,score,mean,std. dev.
70,Li6,"(n,Xt)",0.9797207135696674,0.0014880400394441037
70,Li7,"(n,Xt)",8.678311270040527e-06,1.9254075062191994e-08
67,Li6,"(n,Xt)",0.2182081731036158,0.00038057867120820844
67,Li7,"(n,Xt)",2.1104720659630673e-06,3.1985579721160153e-09
