cell,nuclide,score,mean,std. dev.
10,Li6,"(n,Xt)",0.8948998485955737,0.001031010721456371
10,Li7,"(n,Xt)",0.11407729803443087,0.00015686524938516582
6,Li6,"(n,Xt)",0.07256873580218577,0.0001839060157757449
6,Li7,"(n,Xt)",0.02965412001534311,3.2300191392264e-05
