cell,nuclide,score,mean,std. dev.
30,Li6,"(n,Xt)",0.9072625473572208,0.0007096246108588887
30,Li7,"(n,Xt)",0.1084100565715804,0.00015382352725654068
27,Li6,"(n,Xt)",0.09254970199149937,0.000246982521593275
27,Li7,"(n,Xt)",0.028308970638690794,3.215506308898373e-05
