cell,nuclide,score,mean,std. dev.
70,Li6,"(n,Xt)",0.9031254894583489,0.0011233122947110704
70,Li7,"(n,Xt)",0.07665439344566619,0.0001262884339786573
67,Li6,"(n,Xt)",0.15227319950693535,0.00039478153023403363
67,Li7,"(n,Xt)",0.020570265869172936,2.2458386518050738e-05
