cell,nuclide,score,mean,std. dev.
10,Li6,"(n,Xt)",0.9067681593875229,0.0006381261550833626
10,Li7,"(n,Xt)",0.09811299082514457,0.0001879654303491349
6,Li6,"(n,Xt)",0.05316205188100951,0.00015605551832111478
6,Li7,"(n,Xt)",0.023903503587697727,3.7242334392495356e-05
