cell,nuclide,score,mean,std. dev.
50,Li6,"(n,Xt)",0.9682424541388176,0.0008686773731952596
50,Li7,"(n,Xt)",0.060797126445650884,0.00013815061748336595
47,Li6,"(n,Xt)",0.1735804430569139,0.00020921233817834458
47,Li7,"(n,Xt)",0.015283278856343794,2.0534966153470924e-05
