cell,nuclide,score,mean,std. dev.
70,Li6,"(n,Xt)",0.9493161593835694,0.0009569069029985355
70,Li7,"(n,Xt)",0.025298386767983783,5.442552559576515e-05
67,Li6,"(n,Xt)",0.21801971481507465,0.000385845036433223
67,Li7,"(n,Xt)",0.006554914889132413,7.75269187712252e-06
