cell,nuclide,score,mean,std. dev.
40,Li6,"(n,Xt)",0.9756856623586436,0.0007589483792869998
40,Li7,"(n,Xt)",0.08200313233043216,0.00012942684373089687
37,Li6,"(n,Xt)",0.11754012621663994,0.0002014424403963215
37,Li7,"(n,Xt)",0.019342277082463496,1.59699298430233e-05
