cell,nuclide,score,mean,std. dev.
30,Li6,"(n,Xt)",1.0523587484616828,0.0009133508090834936
30,Li7,"(n,Xt)",0.0688063599766598,0.00017126915914516448
27,Li6,"(n,Xt)",0.11693549656889665,0.00020549785066465925
27,Li7,"(n,Xt)",0.018287586072140684,2.5404664413890702e-05
