cell,nuclide,score,mean,std. dev.
20,Li6,"(n,Xt)",1.0393923951728503,0.0013129051911597222
20,Li7,"(n,Xt)",0.07471847110054781,0.00018883426571789785
17,Li6,"(n,Xt)",0.08812152727987785,0.00017673584310110853
17,Li7,"(n,Xt)",0.019748896370176416,2.6377086174273465e-05
