cell,nuclide,score,mean,std. dev.
60,Li6,"(n,Xt)",1.0312439715455097,0.0008996426234265605
60,Li7,"(n,Xt)",0.023426354519954815,6.09130609936108e-05
57,Li6,"(n,Xt)",0.2155800068064902,0.00028694591190752604
57,Li7,"(n,Xt)",0.006514718621841166,8.297837110807746e-06
