cell,nuclide,score,mean,std. dev.
70,Li6,"(n,Xt)",1.0183375798538228,0.0011328155261078662
70,Li7,"(n,Xt)",0.005532892477874062,1.3464973255518319e-05
67,Li6,"(n,Xt)",0.23830038400324066,0.0004181016755838218
67,Li7,"(n,Xt)",0.0015674599600232271,2.037620134484452e-06
