enrichment,mean,std. dev.
0.01,0.4260204572266664,0.00039837127992099324
7.5,1.225996535577467,0.0012172003537991513
15.0,1.2613289947962456,0.001555515175738852
25.0,1.2821748817134233,0.0011881720212659006
50.0,1.2875606661375159,0.0012457137224289661
75.0,1.2793953768238897,0.0014130353946225848
99.99,1.2670839075939162,0.0009072681602778686
