enrichment,mean,std. dev.
0.01,0.4047756235399992,0.00043308213764670566
7.5,1.167001691337779,0.0010229499464148558
15.0,1.2102127273478434,0.001144142277991484
25.0,1.2377605083654428,0.0009437298502875794
50.0,1.251392668491446,0.0011902446389445037
75.0,1.249048818190887,0.0012612477261903388
99.99,1.234028145743674,0.001104575386430252
