enrichment,mean,std. dev.
0.01,0.42702171535155053,0.0004662403955291906
7.5,1.2097935697496396,0.0015022824442067605
15.0,1.246152766971387,0.0007325702981641576
25.0,1.263663726666766,0.0011220377839428444
50.0,1.2692424102871414,0.001477298961496527
75.0,1.2593512732121557,0.0008425774195286035
99.99,1.2427504749941096,0.0013937532524611852
