enrichment,mean,std. dev.
0.01,0.4280722873056262,0.000469355508252196
7.5,1.1947553981804027,0.0012580153186033808
15.0,1.2288226998746494,0.0016360320035362405
25.0,1.2449696843042097,0.0012206092765897774
50.0,1.2467380849595302,0.0014260521185456034
75.0,1.2351082030878466,0.0015509216647324638
99.99,1.2161553146900772,0.0016595683487801985
