enrichment,bare,22_slry_0_mlt_0.5_ref_0_pp.csv,22_slry_0_mlt_1.5_ref_0_pp.csv,22_slry_0_mlt_1_ref_0_pp.csv,22_slry_0_mlt_2_ref_0_pp.csv
0.01,0.000474573,0.0004693555082521,0.0003983712799209,0.0004662403955291,0.0004272702315209
7.5,0.000587528,0.0012580153186033,0.0012172003537991,0.0015022824442067,0.0008669921140592
15.0,0.001251596,0.0016360320035362,0.0015555151757388,0.0007325702981641,0.0012269541416613
25.0,0.001272486,0.0012206092765897,0.0011881720212659,0.0011220377839428,0.001052842205036
50.0,0.001310144,0.0014260521185456,0.0012457137224289,0.0014772989614965,0.0012513414079117
75.0,0.00113424,0.0015509216647324,0.0014130353946225,0.0008425774195286,0.0012668679190433
99.99,0.001036591,0.0016595683487801,0.0009072681602778,0.0013937532524611,0.0015451569963349
