cell,nuclide,score,mean,std. dev.
40,Li6,"(n,Xt)",1.0486237856005558,0.0010625929008115946
40,Li7,"(n,Xt)",0.06183334996003009,0.00015495894069896104
37,Li6,"(n,Xt)",0.13771551624955525,0.00034608636705578665
37,Li7,"(n,Xt)",0.015481664382555754,2.0507509893516663e-05
