cell,nuclide,score,mean,std. dev.
60,Li6,"(n,Xt)",0.791584761993849,0.0009344891669315707
60,Li7,"(n,Xt)",0.017644099399333174,3.305834448180873e-05
57,Li6,"(n,Xt)",0.37672877400427274,0.0006984210032947381
57,Li7,"(n,Xt)",0.012249238784881492,1.1286798396832692e-05
