cell,nuclide,score,mean,std. dev.
30,Li6,"(n,Xt)",1.0058507802250172,0.001298922203358079
30,Li7,"(n,Xt)",0.07550049743769574,0.00015218061741423467
27,Li6,"(n,Xt)",0.12859108434316308,0.00021847363102270605
27,Li7,"(n,Xt)",0.018016200412638135,2.516728120420216e-05
