cell,nuclide,score,mean,std. dev.
40,Li6,"(n,Xt)",1.0077565657344483,0.001117025412959258
40,Li7,"(n,Xt)",0.06614585758505596,0.00012886593816410446
37,Li6,"(n,Xt)",0.15563169059707957,0.0002766149772918751
37,Li7,"(n,Xt)",0.01591136748251624,1.898900728806235e-05
