cell,nuclide,score,mean,std. dev.
50,Li6,"(n,Xt)",0.9991281134644516,0.0013082804805403395
50,Li7,"(n,Xt)",0.04335085596544365,7.441025692509374e-05
47,Li6,"(n,Xt)",0.19823588567482558,0.0004821888313280422
47,Li7,"(n,Xt)",0.01063052841617997,1.2762084721420301e-05
