cell,nuclide,score,mean,std. dev.
60,Li6,"(n,Xt)",0.9882209308014774,0.001072708297070271
60,Li7,"(n,Xt)",0.021303307213482718,3.3173630200906375e-05
57,Li6,"(n,Xt)",0.22596615876758902,0.0002908092932997879
57,Li7,"(n,Xt)",0.0053282350486324615,6.298039213174325e-06
