cell,nuclide,score,mean,std. dev.
70,Li6,"(n,Xt)",0.9751573042322177,0.0014436806443096206
70,Li7,"(n,Xt)",8.37663665082648e-06,1.460823379860568e-08
67,Li6,"(n,Xt)",0.2466647297056995,0.0003002110628156288
67,Li7,"(n,Xt)",2.133840282089094e-06,2.8844533039298343e-09
