cell,nuclide,score,mean,std. dev.
30,Li6,"(n,Xt)",0.9858431090079722,0.0010641535175555602
30,Li7,"(n,Xt)",0.08684717248393388,0.00017225340288329135
27,Li6,"(n,Xt)",0.10344326003416834,0.0002310914227586781
27,Li7,"(n,Xt)",0.021810565856282542,3.249489495257486e-05
