cell,nuclide,score,mean,std. dev.
40,Li6,"(n,Xt)",1.010766873865004,0.0009152657245374174
40,Li7,"(n,Xt)",0.06733935227429802,0.00015677598722675128
37,Li6,"(n,Xt)",0.14504582125556129,0.00039265231573575054
37,Li7,"(n,Xt)",0.01582544331647212,2.0066169713973043e-05
