cell,nuclide,score,mean,std. dev.
50,Li6,"(n,Xt)",1.001230988969826,0.0010581427354184548
50,Li7,"(n,Xt)",0.04414452161080654,9.675790512299023e-05
47,Li6,"(n,Xt)",0.18496898112530086,0.0002369918432023833
47,Li7,"(n,Xt)",0.01057396457094575,1.2872986462837304e-05
