cell,nuclide,score,mean,std. dev.
30,Li6,"(n,Xt)",0.8609914428555243,0.0015535388205612087
30,Li7,"(n,Xt)",0.11507429398737319,0.00025530375249333497
27,Li6,"(n,Xt)",0.12586812298120506,0.0003771746391340622
27,Li7,"(n,Xt)",0.03747913375598358,4.616093431890971e-05
