cell,nuclide,score,mean,std. dev.
40,Li6,"(n,Xt)",1.1331105865092368,0.0008698445029053413
40,Li7,"(n,Xt)",0.04401873696693177,0.00010783988241894752
37,Li6,"(n,Xt)",0.1469704680710992,0.00021664953859498162
37,Li7,"(n,Xt)",0.013222130634471951,1.4307536669676872e-05
