cell,nuclide,score,mean,std. dev.
50,Li6,"(n,Xt)",1.1249179312301507,0.001129194645103545
50,Li7,"(n,Xt)",0.028971693232826907,7.578654408464218e-05
47,Li6,"(n,Xt)",0.1936022409526925,0.00042873316475819763
47,Li7,"(n,Xt)",0.008837846717384298,1.05169891525666e-05
