cell,nuclide,score,mean,std. dev.
20,Li6,"(n,Xt)",1.1105795835909809,0.0012548550590582319
20,Li7,"(n,Xt)",0.05475405854773423,0.0001447130123840181
17,Li6,"(n,Xt)",0.08788762063376308,0.0002186425441737717
17,Li7,"(n,Xt)",0.01627622921308091,1.7608008246700335e-05
