cell,nuclide,score,mean,std. dev.
60,Li6,"(n,Xt)",1.1115210927110872,0.00154919536720896
60,Li7,"(n,Xt)",0.014298900873641574,3.914260469114323e-05
57,Li6,"(n,Xt)",0.22603324997587784,0.0006720440640621996
57,Li7,"(n,Xt)",0.004431148308482444,4.9738506679239e-06
