cell,nuclide,score,mean,std. dev.
70,Li6,"(n,Xt)",1.0985040734521316,0.0011205321776367786
70,Li7,"(n,Xt)",5.647090253043082e-06,1.500211133989859e-08
67,Li6,"(n,Xt)",0.2507987469879148,0.0006198420064557961
67,Li7,"(n,Xt)",1.7783982196437577e-06,1.8658969095120375e-09
