cell,nuclide,score,mean,std. dev.
30,Li6,"(n,Xt)",1.0074712914677777,0.0010722786661384756
30,Li7,"(n,Xt)",0.07824491528186459,0.00018316615951968434
27,Li6,"(n,Xt)",0.11084972397216393,0.00018621320870192425
27,Li7,"(n,Xt)",0.017814551390339266,2.6265859616175276e-05
