cell,nuclide,score,mean,std. dev.
20,Li6,"(n,Xt)",0.9915920866005076,0.0012298438421056604
20,Li7,"(n,Xt)",0.08558300749968215,0.00020645028180741383
17,Li6,"(n,Xt)",0.08339958090204233,0.0001772706759488976
17,Li7,"(n,Xt)",0.01937925983212431,2.851929730249248e-05
