cell,nuclide,score,mean,std. dev.
60,Li6,"(n,Xt)",0.9912400704193584,0.0011553987961387315
60,Li7,"(n,Xt)",0.022083366331340726,4.8459664723133096e-05
57,Li6,"(n,Xt)",0.19897636545164116,0.00026251268965087955
57,Li7,"(n,Xt)",0.005267946015619052,7.232936717305268e-06
