cell,nuclide,score,mean,std. dev.
30,Li6,"(n,Xt)",1.0074772964983718,0.0010649631039893102
30,Li7,"(n,Xt)",0.07824547330154337,0.00018333094508360412
27,Li6,"(n,Xt)",0.1108462077773326,0.00018708515162455287
27,Li7,"(n,Xt)",0.017814588600700513,2.6279727984785284e-05
