cell,nuclide,score,mean,std. dev.
50,Li6,"(n,Xt)",1.002340811263438,0.0012563869324039444
50,Li7,"(n,Xt)",0.04491108435252727,0.00010004655553075773
47,Li6,"(n,Xt)",0.17291487745606476,0.00029191627146741157
47,Li7,"(n,Xt)",0.010511721518342964,1.4070553539445435e-05
