cell,nuclide,score,mean,std. dev.
30,Li6,"(n,Xt)",1.0093837407386996,0.0013045542830213575
30,Li7,"(n,Xt)",0.07997465539138573,0.00013331391440327622
27,Li6,"(n,Xt)",0.10203314173657003,0.00021043388684615827
27,Li7,"(n,Xt)",0.01785285960776465,1.7119886406059884e-05
