cell,nuclide,score,mean,std. dev.
50,Li6,"(n,Xt)",1.0029794201199103,0.0014512564925482118
50,Li7,"(n,Xt)",0.046465628560949324,8.481209284054817e-05
47,Li6,"(n,Xt)",0.15955437205306683,0.0002760495907941671
47,Li7,"(n,Xt)",0.01066097565682605,9.475801929085675e-06
