cell,nuclide,score,mean,std. dev.
60,Li6,"(n,Xt)",0.9920666559563281,0.001221183329904519
60,Li7,"(n,Xt)",0.023520455440178452,4.903711170001546e-05
57,Li6,"(n,Xt)",0.18413002913497983,0.0003150754824462817
57,Li7,"(n,Xt)",0.005498900180216204,4.703310192217896e-06
