cell,nuclide,score,mean,std. dev.
50,Li6,"(n,Xt)",0.8543390842606678,0.0006992590551026239
50,Li7,"(n,Xt)",0.12490092032024955,0.00019695388492691173
47,Li6,"(n,Xt)",0.08357328202035927,0.00017107203828988472
47,Li7,"(n,Xt)",0.03643953391901632,3.453180464164256e-05
