cell,nuclide,score,mean,std. dev.
20,Li6,"(n,Xt)",0.8543390842606678,0.0006992590550761621
20,Li7,"(n,Xt)",0.12490092032024958,0.0001969538849259331
17,Li6,"(n,Xt)",0.0835732820203597,0.0001710720382890397
17,Li7,"(n,Xt)",0.036439533919016304,3.4531804641293704e-05
