cell,nuclide,score,mean,std. dev.
40,Li6,"(n,Xt)",1.0320851696396869,0.0011529377233954453
40,Li7,"(n,Xt)",0.06731678855856545,0.00014515761476361787
37,Li6,"(n,Xt)",0.1342279175118101,0.00016371145737016448
37,Li7,"(n,Xt)",0.017316553897090997,2.4234025897798912e-05
