cell,nuclide,score,mean,std. dev.
50,Li6,"(n,Xt)",1.0225531200006253,0.001435472864135151
50,Li7,"(n,Xt)",0.048188144955290134,0.0001148198072728775
47,Li6,"(n,Xt)",0.1735465073467496,0.0002956195202688742
47,Li7,"(n,Xt)",0.012624030831003535,1.856711781123074e-05
