cell,nuclide,score,mean,std. dev.
20,Li6,"(n,Xt)",1.0158868966721233,0.001171953245615397
20,Li7,"(n,Xt)",0.08108367723147518,0.00020426811538456428
17,Li6,"(n,Xt)",0.08587910195929967,0.0001746870504575511
17,Li7,"(n,Xt)",0.020580744026585163,3.2299504064706875e-05
