cell,nuclide,score,mean,std. dev.
60,Li6,"(n,Xt)",1.011583041873343,0.0015876780054393316
60,Li7,"(n,Xt)",0.029670370984434435,7.307374110757399e-05
57,Li6,"(n,Xt)",0.20118064988510148,0.0003073429544028203
57,Li7,"(n,Xt)",0.007907987046240086,1.0770225178202951e-05
