cell,nuclide,score,mean,std. dev.
70,Li6,"(n,Xt)",1.000573788387515,0.0014293971126275085
70,Li7,"(n,Xt)",0.011675920905679801,2.932323789709756e-05
67,Li6,"(n,Xt)",0.22169696389852364,0.00034174708377029283
67,Li7,"(n,Xt)",0.0031654703565533668,4.602130864063896e-06
