cell,nuclide,score,mean,std. dev.
10,Li6,"(n,Xt)",0.8776268631636907,0.0009656909050557526
10,Li7,"(n,Xt)",0.09157677772978436,0.0001524283585481473
6,Li6,"(n,Xt)",0.042642245161759386,7.935231601784667e-05
6,Li7,"(n,Xt)",0.02270801125859829,3.638469472568966e-05
