cell,nuclide,score,mean,std. dev.
30,Li6,"(n,Xt)",0.9869503700948791,0.0012169373327989633
30,Li7,"(n,Xt)",0.07905065862191456,0.00013712317062672193
27,Li6,"(n,Xt)",0.13611704264899818,0.00023757768294003167
27,Li7,"(n,Xt)",0.019812833755447318,3.311321868016625e-05
