cell,nuclide,score,mean,std. dev.
50,Li6,"(n,Xt)",0.9818677771128185,0.0014952471161007363
50,Li7,"(n,Xt)",0.05068867874185519,8.056269746322852e-05
47,Li6,"(n,Xt)",0.2051386406237498,0.0004014048059024727
47,Li7,"(n,Xt)",0.013029263040885017,1.9530233225906884e-05
