cell,nuclide,score,mean,std. dev.
60,Li6,"(n,Xt)",0.9703868976495729,0.0014697027744794283
60,Li7,"(n,Xt)",0.031207215926881422,4.949977319123296e-05
57,Li6,"(n,Xt)",0.23278755749799837,0.00043335603088372323
57,Li7,"(n,Xt)",0.008160768628150903,1.1928622788848038e-05
