cell,nuclide,score,mean,std. dev.
30,Li6,"(n,Xt)",0.8609920066026147,0.001547429615793482
30,Li7,"(n,Xt)",0.11507543442910026,0.0002547613923045291
27,Li6,"(n,Xt)",0.12586883607056515,0.00037672880479101085
27,Li7,"(n,Xt)",0.03747867189077171,4.618983876128557e-05
