cell,nuclide,score,mean,std. dev.
70,Li6,"(n,Xt)",0.8609920066026275,0.0015474296158054397
70,Li7,"(n,Xt)",0.11507543442910013,0.0002547613923045291
67,Li6,"(n,Xt)",0.12586883607056476,0.0003767288047904992
67,Li7,"(n,Xt)",0.037478671890771746,4.6189838761546384e-05
