cell,nuclide,score,mean,std. dev.
30,Li6,"(n,Xt)",1.0634942540679224,0.0014228806570674272
30,Li7,"(n,Xt)",0.0661728326557105,9.449690130339634e-05
27,Li6,"(n,Xt)",0.10218923379201254,0.00022859461659701432
27,Li7,"(n,Xt)",0.01558640776365705,1.285229917681712e-05
