cell,nuclide,score,mean,std. dev.
40,Li6,"(n,Xt)",1.0693361754539488,0.0013755239886529842
40,Li7,"(n,Xt)",0.05802321596033934,8.356723610651847e-05
37,Li6,"(n,Xt)",0.12440354887357252,0.00030133240268236875
37,Li7,"(n,Xt)",0.013765616595013547,1.1315801032061944e-05
