cell,nuclide,score,mean,std. dev.
50,Li6,"(n,Xt)",1.064401346928109,0.001067871531934792
50,Li7,"(n,Xt)",0.03817455664310275,4.41219306390698e-05
47,Li6,"(n,Xt)",0.160789104934646,0.0003230116784868947
47,Li7,"(n,Xt)",0.009196737178625007,8.408902479087014e-06
