cell,nuclide,score,mean,std. dev.
20,Li6,"(n,Xt)",1.0426784101510194,0.0011484949259882682
20,Li7,"(n,Xt)",0.07229193152370943,9.934201116600834e-05
17,Li6,"(n,Xt)",0.07685168470691585,0.00010728232927307415
17,Li7,"(n,Xt)",0.01694876884447729,1.5190973286834569e-05
