cell,nuclide,score,mean,std. dev.
60,Li6,"(n,Xt)",1.0569927626027278,0.0012626075077487825
60,Li7,"(n,Xt)",0.01883456942831451,2.3867301605662175e-05
57,Li6,"(n,Xt)",0.1853120071641004,0.0003299220430565741
57,Li7,"(n,Xt)",0.004608857584115559,4.719953792821336e-06
