cell,nuclide,score,mean,std. dev.
10,Li6,"(n,Xt)",1.0115129227384094,0.0008866935053397113
10,Li7,"(n,Xt)",0.08193306368203354,0.00015477670359095912
6,Li6,"(n,Xt)",0.08055211713752775,0.00017968814158766074
6,Li7,"(n,Xt)",0.019143365703995434,3.1312892923556575e-05
