cell,nuclide,score,mean,std. dev.
30,Li6,"(n,Xt)",1.020702391269017,0.0008415848427076185
30,Li7,"(n,Xt)",0.07928566404650565,0.00015888360790296504
27,Li6,"(n,Xt)",0.0804875595242415,0.00014588177870543918
27,Li7,"(n,Xt)",0.01871539407725605,3.100571963766449e-05
