cell,nuclide,score,mean,std. dev.
40,Li6,"(n,Xt)",1.0275353986923619,0.0011365948799725186
40,Li7,"(n,Xt)",0.07780940313097524,0.00015186445491827046
37,Li6,"(n,Xt)",0.08057567116495637,0.00015678939545306033
37,Li7,"(n,Xt)",0.018483157554828718,3.193680875679584e-05
