cell,nuclide,score,mean,std. dev.
50,Li6,"(n,Xt)",1.0306382217638754,0.0010734066235093549
50,Li7,"(n,Xt)",0.07622125847395186,0.00013730592155093124
47,Li6,"(n,Xt)",0.08064137719683137,0.00018482788410102835
47,Li7,"(n,Xt)",0.01822741265712227,2.7309736241624885e-05
