cell,nuclide,score,mean,std. dev.
60,Li6,"(n,Xt)",1.0373772058260513,0.001668609561337278
60,Li7,"(n,Xt)",0.07443508117483688,0.0001530559384888684
57,Li6,"(n,Xt)",0.08016093400214602,0.00015318811837452252
57,Li7,"(n,Xt)",0.017941311233080695,2.9688070431627406e-05
