cell,nuclide,score,mean,std. dev.
70,Li6,"(n,Xt)",1.0442122865085746,0.0011083045662483749
70,Li7,"(n,Xt)",0.07250803155463345,0.00013975532596883358
67,Li6,"(n,Xt)",0.08041489116168007,0.00020453053714971614
67,Li7,"(n,Xt)",0.017611704807822575,2.617039167711975e-05
