cell,nuclide,score,mean,std. dev.
80,Li6,"(n,Xt)",1.0505016016188493,0.00159346715528206
80,Li7,"(n,Xt)",0.0704104929710537,0.00015247691904017298
77,Li6,"(n,Xt)",0.08020949144880102,0.00015059158882541868
77,Li7,"(n,Xt)",0.017261549398873553,2.424888454831654e-05
