cell,nuclide,score,mean,std. dev.
90,Li6,"(n,Xt)",1.0604405376162043,0.0015040763673769375
90,Li7,"(n,Xt)",0.0681197779749577,0.00015068951609580506
87,Li6,"(n,Xt)",0.08014957401036259,0.00013035922764114376
87,Li7,"(n,Xt)",0.016873828258090556,2.1836832802840817e-05
