cell,nuclide,score,mean,std. dev.
100,Li6,"(n,Xt)",1.0673440074759737,0.0012861293696876633
100,Li7,"(n,Xt)",0.06548844764318851,0.00013985787139394188
97,Li6,"(n,Xt)",0.0793960713613986,0.00010970312792715998
97,Li7,"(n,Xt)",0.016433434714193566,2.0044832626735086e-05
