cell,nuclide,score,mean,std. dev.
110,Li6,"(n,Xt)",1.077065521826785,0.0012708113906205977
110,Li7,"(n,Xt)",0.06261577450055181,0.0001284067144498974
107,Li6,"(n,Xt)",0.07944607319010721,0.00014288045127984792
107,Li7,"(n,Xt)",0.015929560328678358,1.806228287151153e-05
