cell,nuclide,score,mean,std. dev.
20,Li6,"(n,Xt)",1.0157501352416924,0.0008437772837076106
20,Li7,"(n,Xt)",0.08065927300789812,0.00014564683894651304
17,Li6,"(n,Xt)",0.08058670515434072,0.00014102788833764694
17,Li7,"(n,Xt)",0.018942526621833256,3.1959818832111284e-05
