cell,nuclide,score,mean,std. dev.
120,Li6,"(n,Xt)",1.0893670580798578,0.0010204227239980664
120,Li7,"(n,Xt)",0.059443947143310874,0.0001302881167134981
117,Li6,"(n,Xt)",0.07897990416919613,0.00016860537929670085
117,Li7,"(n,Xt)",0.015361952040238658,1.835484061461656e-05
