cell,nuclide,score,mean,std. dev.
130,Li6,"(n,Xt)",1.0987245082593569,0.0013107051416421385
130,Li7,"(n,Xt)",0.05588974099232806,0.00011112328295903783
127,Li6,"(n,Xt)",0.0783965150872343,0.00013196624392829525
127,Li7,"(n,Xt)",0.014710468209499047,1.826630073114749e-05
