cell,nuclide,score,mean,std. dev.
140,Li6,"(n,Xt)",1.1144353125912723,0.0007813339716284508
140,Li7,"(n,Xt)",0.05185903411947377,0.00011385321679374539
137,Li6,"(n,Xt)",0.07759003970380116,0.00011135135331086361
137,Li7,"(n,Xt)",0.013948931462725533,1.7615029027278506e-05
