cell,nuclide,score,mean,std. dev.
150,Li6,"(n,Xt)",1.1273753140261975,0.0010635915628226147
150,Li7,"(n,Xt)",0.047346620097453114,9.149489012846863e-05
147,Li6,"(n,Xt)",0.07636363813458756,0.00014748158585939638
147,Li7,"(n,Xt)",0.01304051210457062,1.6772783522332808e-05
