cell,nuclide,score,mean,std. dev.
160,Li6,"(n,Xt)",1.1409205909815885,0.0010948529308506506
160,Li7,"(n,Xt)",0.0421038101692207,0.00010069253156669617
157,Li6,"(n,Xt)",0.07479074099653263,0.00010330361167907081
157,Li7,"(n,Xt)",0.011946496139889257,1.5072506556485166e-05
