cell,nuclide,score,mean,std. dev.
170,Li6,"(n,Xt)",1.1566334819273105,0.0014137577964648599
170,Li7,"(n,Xt)",0.03609979143315082,6.933035770854544e-05
167,Li6,"(n,Xt)",0.07172464035235741,0.00013050196177455246
167,Li7,"(n,Xt)",0.010610859978858463,1.2906744107931782e-05
