cell,nuclide,score,mean,std. dev.
180,Li6,"(n,Xt)",1.1699927964029124,0.0010000956484132648
180,Li7,"(n,Xt)",0.02905112551712006,5.821376040378183e-05
177,Li6,"(n,Xt)",0.06725806768119884,0.00016867709095570312
177,Li7,"(n,Xt)",0.00895771444094845,9.909898521005413e-06
