cell,nuclide,score,mean,std. dev.
190,Li6,"(n,Xt)",1.1685540912475105,0.001414978708471659
190,Li7,"(n,Xt)",0.02084977408122616,4.35026822067379e-05
187,Li6,"(n,Xt)",0.0597991569496948,0.00010678593092620315
187,Li7,"(n,Xt)",0.00683348462381862,9.775252318072464e-06
