cell,nuclide,score,mean,std. dev.
10,Li6,"(n,Xt)",1.0115129227383832,0.0008866935053257991
10,Li7,"(n,Xt)",0.081933063682034,0.00015477670358971378
6,Li6,"(n,Xt)",0.08055211713752759,0.0001796881415871244
6,Li7,"(n,Xt)",0.01914336570399543,3.131289292365276e-05
