cell,nuclide,score,mean,std. dev.
20,Li6,"(n,Xt)",1.0157501352416838,0.0008437772837076106
20,Li7,"(n,Xt)",0.0806592730078978,0.00014564683894518967
17,Li6,"(n,Xt)",0.08058670515434065,0.0001410278883366219
17,Li7,"(n,Xt)",0.01894252662183333,3.195981883239398e-05
