cell,nuclide,score,mean,std. dev.
30,Li6,"(n,Xt)",1.1795775384670586,0.0012449954786767946
30,Li7,"(n,Xt)",0.02381805042957138,7.330890428813386e-05
27,Li6,"(n,Xt)",0.18395002450240258,0.00036301273312688614
27,Li7,"(n,Xt)",0.01603114384442504,1.7915014146084102e-05
