cell,nuclide,score,mean,std. dev.
40,Li6,"(n,Xt)",1.1725574947194535,0.0014250478839935108
40,Li7,"(n,Xt)",0.020863581036317698,6.462023329481836e-05
37,Li6,"(n,Xt)",0.23359394652716467,0.00040066400956781384
37,Li7,"(n,Xt)",0.014163619413544304,1.577663265618743e-05
