cell,nuclide,score,mean,std. dev.
50,Li6,"(n,Xt)",1.1448663133723724,0.0012020592851431863
50,Li7,"(n,Xt)",0.01369763497263678,4.033316528491842e-05
47,Li6,"(n,Xt)",0.31415302476694074,0.0005610963706405543
47,Li7,"(n,Xt)",0.009474223259603915,1.121929180600851e-05
