cell,nuclide,score,mean,std. dev.
20,Li6,"(n,Xt)",1.1696956486440295,0.0012623698163668502
20,Li7,"(n,Xt)",0.026060918129737605,8.586028398355552e-05
17,Li6,"(n,Xt)",0.1292042384749838,0.0002485948382373868
17,Li7,"(n,Xt)",0.017428683909876543,2.0782580375441752e-05
