cell,nuclide,score,mean,std. dev.
60,Li6,"(n,Xt)",1.1130098213364132,0.0008018069854579998
60,Li7,"(n,Xt)",0.00674475699464235,1.9970262881349484e-05
57,Li6,"(n,Xt)",0.36801531926536735,0.000575916455596675
57,Li7,"(n,Xt)",0.004750985849937387,5.553277520096286e-06
