cell,nuclide,score,mean,std. dev.
70,Li6,"(n,Xt)",1.0915758131815825,0.0009543986561856106
70,Li7,"(n,Xt)",2.658297268224184e-06,7.73097493416257e-09
67,Li6,"(n,Xt)",0.4091389916277312,0.0005964842776073146
67,Li7,"(n,Xt)",1.9071503475334286e-06,2.3870846079431046e-09
