cell,nuclide,score,mean,std. dev.
33,Li6,"(n,Xt)",0.10028890937281298,0.0002319332711084914
33,Li7,"(n,Xt)",0.01850384534974938,2.539858849432247e-05
36,Li6,"(n,Xt)",0.2974938568205799,0.0004998562819835018
36,Li7,"(n,Xt)",0.021104326090422433,4.4529950342312454e-05
39,Li6,"(n,Xt)",0.8084710702994359,0.0009412481312365467
39,Li7,"(n,Xt)",0.03810886789900207,8.069369011534655e-05
