cell,nuclide,score,mean,std. dev.
46,Li6,"(n,Xt)",0.09979639628335532,0.00018991332532553124
46,Li7,"(n,Xt)",0.018278959764018124,2.7460841628196834e-05
49,Li6,"(n,Xt)",0.29773498040095675,0.00034731807724293346
49,Li7,"(n,Xt)",0.020789357904228603,5.1101900681012714e-05
52,Li6,"(n,Xt)",0.8143524842042413,0.0009112896806888817
52,Li7,"(n,Xt)",0.03735055911325697,8.56173785367374e-05
