cell,nuclide,score,mean,std. dev.
59,Li6,"(n,Xt)",0.0995071366890882,0.0001852674578325765
59,Li7,"(n,Xt)",0.018029223615847512,2.439727884499241e-05
62,Li6,"(n,Xt)",0.2971581195406897,0.0005580032236592705
62,Li7,"(n,Xt)",0.020451345679880502,4.124518527784642e-05
65,Li6,"(n,Xt)",0.8184312087487798,0.0010803090165095479
65,Li7,"(n,Xt)",0.03649724499902794,7.392305252732762e-05
