cell,nuclide,score,mean,std. dev.
72,Li6,"(n,Xt)",0.09913861970727066,0.00018007320680028655
72,Li7,"(n,Xt)",0.017745365538499158,2.400508637935668e-05
75,Li6,"(n,Xt)",0.2981924076026154,0.0003250023772271659
75,Li7,"(n,Xt)",0.020079852623085946,4.227438907246566e-05
78,Li6,"(n,Xt)",0.8197278605656191,0.0010002268659400817
78,Li7,"(n,Xt)",0.03563488953317685,6.12913359128881e-05
