cell,nuclide,score,mean,std. dev.
98,Li6,"(n,Xt)",0.09811469669002205,0.0001462708875323219
98,Li7,"(n,Xt)",0.01708682258557813,1.893251057790149e-05
101,Li6,"(n,Xt)",0.29728521367197003,0.00039061633734223676
101,Li7,"(n,Xt)",0.019200173525086447,3.686735756586387e-05
104,Li6,"(n,Xt)",0.8307294813714394,0.000957155646035761
104,Li7,"(n,Xt)",0.03362093456738805,8.295849533240738e-05
