cell,nuclide,score,mean,std. dev.
111,Li6,"(n,Xt)",0.09754388080200267,0.0001467390761508463
111,Li7,"(n,Xt)",0.01670564624782337,1.592710447073655e-05
114,Li6,"(n,Xt)",0.2976374545341368,0.000504560538972149
114,Li7,"(n,Xt)",0.01870523355697513,3.643116383035767e-05
117,Li6,"(n,Xt)",0.8367549868013491,0.0009267816088395243
117,Li7,"(n,Xt)",0.032361734978380435,8.17761689601125e-05
