cell,nuclide,score,mean,std. dev.
124,Li6,"(n,Xt)",0.0972100975234997,0.0001993772508990356
124,Li7,"(n,Xt)",0.016282336335378778,1.6043495861684008e-05
127,Li6,"(n,Xt)",0.2981105101414729,0.000487171475099822
127,Li7,"(n,Xt)",0.018162368173666635,3.8615971325817727e-05
130,Li6,"(n,Xt)",0.8420539474724238,0.0009301245650359244
130,Li7,"(n,Xt)",0.031057491762421584,9.705356280301603e-05
