cell,nuclide,score,mean,std. dev.
137,Li6,"(n,Xt)",0.09588824260305669,0.00020523972279376225
137,Li7,"(n,Xt)",0.01578032018651706,1.4705799773266997e-05
140,Li6,"(n,Xt)",0.2968752083425434,0.0004145374071967224
140,Li7,"(n,Xt)",0.017535080261135816,3.959477058446993e-05
143,Li6,"(n,Xt)",0.849118618713906,0.0007740795881282432
143,Li7,"(n,Xt)",0.029590300976846402,7.803027460875659e-05
