cell,nuclide,score,mean,std. dev.
20,Li6,"(n,Xt)",0.10036697844223352,0.00019197816824603913
20,Li7,"(n,Xt)",0.018730738671369023,2.624795757430616e-05
23,Li6,"(n,Xt)",0.29756406475347574,0.0005662251423996776
23,Li7,"(n,Xt)",0.021388539084864842,4.8395119560606654e-05
26,Li6,"(n,Xt)",0.8040539298336327,0.0011713673246918346
26,Li7,"(n,Xt)",0.03880597298701492,6.8682133937572e-05
