cell,nuclide,score,mean,std. dev.
150,Li6,"(n,Xt)",0.09528539290284396,0.00023120774434540035
150,Li7,"(n,Xt)",0.01522156950246946,1.5446622514102015e-05
153,Li6,"(n,Xt)",0.2970877246549775,0.00045883224116920375
153,Li7,"(n,Xt)",0.01680181099446187,3.637832213252995e-05
156,Li6,"(n,Xt)",0.8581853286193436,0.001007235525775599
156,Li7,"(n,Xt)",0.02796233800086968,6.241569968246997e-05
