cell,nuclide,score,mean,std. dev.
163,Li6,"(n,Xt)",0.09423947284804177,0.00014283276979260877
163,Li7,"(n,Xt)",0.014588847544307653,1.7463057236378274e-05
166,Li6,"(n,Xt)",0.2960042199468028,0.0005105782956211621
166,Li7,"(n,Xt)",0.016023311711145172,4.275633414341335e-05
169,Li6,"(n,Xt)",0.86838310977069,0.0008350479520549723
169,Li7,"(n,Xt)",0.026186749440254842,6.134291934350112e-05
