cell,nuclide,score,mean,std. dev.
176,Li6,"(n,Xt)",0.09261987765748228,0.00013795084689698239
176,Li7,"(n,Xt)",0.013841113359093054,1.4633585482917152e-05
179,Li6,"(n,Xt)",0.2937516510970543,0.00030299999090271267
179,Li7,"(n,Xt)",0.015088892840522537,3.438292215507494e-05
182,Li6,"(n,Xt)",0.8777583570585392,0.0007510254637229496
182,Li7,"(n,Xt)",0.024171199571478157,6.218767602746933e-05
