cell,nuclide,score,mean,std. dev.
189,Li6,"(n,Xt)",0.09054426707737176,0.00015286502283048823
189,Li7,"(n,Xt)",0.012944253007858819,1.5156306005526191e-05
192,Li6,"(n,Xt)",0.2913672844506067,0.0004935429387207568
192,Li7,"(n,Xt)",0.013986333706697666,2.925028462505109e-05
195,Li6,"(n,Xt)",0.8899298421172164,0.0011641138881291501
195,Li7,"(n,Xt)",0.021933508230763128,6.975546664652022e-05
