cell,nuclide,score,mean,std. dev.
202,Li6,"(n,Xt)",0.08762036077761262,0.00020018738630901958
202,Li7,"(n,Xt)",0.011872980355234226,1.5562811067700287e-05
205,Li6,"(n,Xt)",0.2878350336166767,0.000429477157391824
205,Li7,"(n,Xt)",0.012684017984253513,2.8509026445862963e-05
208,Li6,"(n,Xt)",0.9056493155794643,0.0009071245173856878
208,Li7,"(n,Xt)",0.01937337497417925,6.084950552017602e-05
