cell,nuclide,score,mean,std. dev.
215,Li6,"(n,Xt)",0.08379193937585286,0.0001793338649765421
215,Li7,"(n,Xt)",0.01056332989511909,1.2299300128454597e-05
218,Li6,"(n,Xt)",0.28229801420548783,0.0005335130367658667
218,Li7,"(n,Xt)",0.011140442042189013,2.2664468321844258e-05
221,Li6,"(n,Xt)",0.9190767043288484,0.0009575252704510795
221,Li7,"(n,Xt)",0.01646393404644559,3.818420698940883e-05
