cell,nuclide,score,mean,std. dev.
228,Li6,"(n,Xt)",0.07852343975139883,0.00014108879924528057
228,Li7,"(n,Xt)",0.008921967097256196,8.670979468147566e-06
231,Li6,"(n,Xt)",0.2728362929613535,0.0003971633600871684
231,Li7,"(n,Xt)",0.009257203687955096,1.854801782553575e-05
234,Li6,"(n,Xt)",0.9402663935600598,0.001568703174211807
234,Li7,"(n,Xt)",0.01310472013156196,3.8495169709780086e-05
