cell,nuclide,score,mean,std. dev.
241,Li6,"(n,Xt)",0.06976654955365763,0.00013927254914135198
241,Li7,"(n,Xt)",0.006811937187739811,8.591463936886017e-06
244,Li6,"(n,Xt)",0.255912235699734,0.0004330735108722667
244,Li7,"(n,Xt)",0.00690967058400292,1.3510454935775476e-05
247,Li6,"(n,Xt)",0.9529196963164704,0.001165807496236173
247,Li7,"(n,Xt)",0.00922205500119688,2.272668207492336e-05
