cell,nuclide,score,mean,std. dev.
10,Li6,"(n,Xt)",1.1153526714916322,0.001140336414491472
10,Li7,"(n,Xt)",0.05120888228023004,8.77609444055693e-05
6,Li6,"(n,Xt)",0.10560884617211441,0.00025921723571365216
6,Li7,"(n,Xt)",0.01871605611804098,2.1294708934327742e-05
