cell,nuclide,score,mean,std. dev.
30,Li6,"(n,Xt)",1.1208202891633432,0.0013957791915128646
30,Li7,"(n,Xt)",0.04953228628789637,9.670816056467704e-05
27,Li6,"(n,Xt)",0.1049110447107707,0.0002573488994505342
27,Li7,"(n,Xt)",0.018305571241497825,1.969155961765038e-05
