cell,nuclide,score,mean,std. dev.
40,Li6,"(n,Xt)",1.124623429304115,0.0006991005784794254
40,Li7,"(n,Xt)",0.04859386347589079,9.928467100407885e-05
37,Li6,"(n,Xt)",0.10459744892312525,0.00022286077485547724
37,Li7,"(n,Xt)",0.018082134711210125,2.0184800187469686e-05
