cell,nuclide,score,mean,std. dev.
50,Li6,"(n,Xt)",1.1286924964343412,0.0011634628901499465
50,Li7,"(n,Xt)",0.04757498927438998,0.00010098094020318733
47,Li6,"(n,Xt)",0.10408487196147195,0.0001548674270253694
47,Li7,"(n,Xt)",0.017831349884347036,1.8860672778293913e-05
