cell,nuclide,score,mean,std. dev.
60,Li6,"(n,Xt)",1.1313560472837907,0.0007428194622239427
60,Li7,"(n,Xt)",0.04641520572323379,0.00010479815676325835
57,Li6,"(n,Xt)",0.10369954539640078,0.0002395841464509001
57,Li7,"(n,Xt)",0.017556687292043485,1.9532047424708385e-05
