cell,nuclide,score,mean,std. dev.
70,Li6,"(n,Xt)",1.1376761149376173,0.0010994720387765653
70,Li7,"(n,Xt)",0.04520318669721414,0.00010625889154388655
67,Li6,"(n,Xt)",0.10295496543742336,0.0001777333324234882
67,Li7,"(n,Xt)",0.01724603035380117,1.5244412281228703e-05
