cell,nuclide,score,mean,std. dev.
80,Li6,"(n,Xt)",1.1423429304832482,0.0010164841664756417
80,Li7,"(n,Xt)",0.043882229136549815,0.00010692134119183982
77,Li6,"(n,Xt)",0.10242240174963173,8.558135489801871e-05
77,Li7,"(n,Xt)",0.016914104971055183,1.6823468149422817e-05
