cell,nuclide,score,mean,std. dev.
90,Li6,"(n,Xt)",1.1491322675547615,0.0014370305575626115
90,Li7,"(n,Xt)",0.04246930901178585,0.00010754197185256436
87,Li6,"(n,Xt)",0.10153904971157834,0.00027630261204659155
87,Li7,"(n,Xt)",0.016539344855194198,1.525691054187987e-05
