cell,nuclide,score,mean,std. dev.
100,Li6,"(n,Xt)",1.1515285488665037,0.0011403870484224222
100,Li7,"(n,Xt)",0.04086561750499174,0.00013465532027328184
97,Li6,"(n,Xt)",0.10059409404534785,0.00020332273596081912
97,Li7,"(n,Xt)",0.0161181305180388,1.3719881560893756e-05
