cell,nuclide,score,mean,std. dev.
110,Li6,"(n,Xt)",1.156927345012742,0.0012381226556161906
110,Li7,"(n,Xt)",0.039144982292205206,0.0001280744592577039
107,Li6,"(n,Xt)",0.09957053774311371,0.0002268402477070525
107,Li7,"(n,Xt)",0.015620280439246893,1.3298225519602727e-05
