cell,nuclide,score,mean,std. dev.
20,Li6,"(n,Xt)",1.1185975896752722,0.0010863232920552538
20,Li7,"(n,Xt)",0.0503916431428289,7.922573826246439e-05
17,Li6,"(n,Xt)",0.10546403316944297,0.00025031249659858076
17,Li7,"(n,Xt)",0.018520519633359826,2.127880979400826e-05
