cell,nuclide,score,mean,std. dev.
120,Li6,"(n,Xt)",1.1619900964482075,0.0014814291352417954
120,Li7,"(n,Xt)",0.03713340455777607,0.00010536587330730812
117,Li6,"(n,Xt)",0.09847508905054746,0.0002067270340115797
117,Li7,"(n,Xt)",0.015076399807948074,1.4921974312260908e-05
