cell,nuclide,score,mean,std. dev.
130,Li6,"(n,Xt)",1.1689774295077058,0.0011779647385002613
130,Li7,"(n,Xt)",0.0349075588997662,0.00010084353853910617
127,Li6,"(n,Xt)",0.09671419825778063,0.00020211584963249261
127,Li7,"(n,Xt)",0.014452190529659714,1.6611924326095188e-05
