cell,nuclide,score,mean,std. dev.
140,Li6,"(n,Xt)",1.1777065034525283,0.0010194799004349883
140,Li7,"(n,Xt)",0.03244351054789821,9.284871592226906e-05
137,Li6,"(n,Xt)",0.0951058713841342,0.00014247814442563587
137,Li7,"(n,Xt)",0.013713964302629986,1.5125223626318027e-05
