cell,nuclide,score,mean,std. dev.
150,Li6,"(n,Xt)",1.18663515851185,0.0018356133909963697
150,Li7,"(n,Xt)",0.02966099460746983,5.59081239119149e-05
147,Li6,"(n,Xt)",0.09230379797238558,0.00012076971488981314
147,Li7,"(n,Xt)",0.012840118744884502,1.5092218184006776e-05
