cell,nuclide,score,mean,std. dev.
160,Li6,"(n,Xt)",1.1935207157507584,0.0006897995621457741
160,Li7,"(n,Xt)",0.026429358362492356,4.2785111804745154e-05
157,Li6,"(n,Xt)",0.08874601935979193,0.00013387742623888714
157,Li7,"(n,Xt)",0.011778532076394005,1.2255016620733807e-05
