cell,nuclide,score,mean,std. dev.
170,Li6,"(n,Xt)",1.1997157306814918,0.0007798957213791174
170,Li7,"(n,Xt)",0.02263733691193472,3.845780223908167e-05
167,Li6,"(n,Xt)",0.08414376707052872,0.0002023930108518898
167,Li7,"(n,Xt)",0.01048642492746156,1.0480088413107611e-05
