cell,nuclide,score,mean,std. dev.
180,Li6,"(n,Xt)",1.204048894015512,0.0008353730406358453
180,Li7,"(n,Xt)",0.01829167599484364,3.803419312070296e-05
177,Li6,"(n,Xt)",0.0776668517381526,0.00012168714508375334
177,Li7,"(n,Xt)",0.008864377205627948,7.1070272042413475e-06
