cell,nuclide,score,mean,std. dev.
190,Li6,"(n,Xt)",1.1920358234369728,0.0010491758132660533
190,Li7,"(n,Xt)",0.013175361720140596,3.0215652745600865e-05
187,Li6,"(n,Xt)",0.06749713734450724,0.0001705509165794782
187,Li7,"(n,Xt)",0.006771305007040905,7.289798103156584e-06
