cell,nuclide,score,mean,std. dev.
30,Li6,"(n,Xt)",1.0084781389026107,0.0013856364719737576
30,Li7,"(n,Xt)",0.07684392589118104,0.00017979616552151883
27,Li6,"(n,Xt)",0.11997454147644249,0.00029616660326722404
27,Li7,"(n,Xt)",0.017921725808234524,2.4192071738689067e-05
