cell,nuclide,score,mean,std. dev.
50,Li6,"(n,Xt)",1.0012267967315283,0.001053962690851336
50,Li7,"(n,Xt)",0.04414455208650782,9.673849891871512e-05
47,Li6,"(n,Xt)",0.18497194590928087,0.0002363669936161414
47,Li7,"(n,Xt)",0.010573959560120978,1.287354779938567e-05
