cell,nuclide,score,mean,std. dev.
60,Li6,"(n,Xt)",0.9896910626299154,0.0013062724572962846
60,Li7,"(n,Xt)",0.021688382257300347,4.697872318413776e-05
57,Li6,"(n,Xt)",0.21255121620207454,0.000290147062793468
57,Li7,"(n,Xt)",0.005299617807932076,6.351893680835021e-06
