cell,nuclide,score,mean,std. dev.
70,Li6,"(n,Xt)",0.9775592729750908,0.0016961381008166693
70,Li7,"(n,Xt)",8.52423503809356e-06,1.931869360633331e-08
67,Li6,"(n,Xt)",0.23249841804070642,0.0003266252399548435
67,Li7,"(n,Xt)",2.1236336605190516e-06,2.6256527761800236e-09
