cell,nuclide,score,mean,std. dev.
40,Li6,"(n,Xt)",0.981218827352374,0.0010276412712514073
40,Li7,"(n,Xt)",0.0723446791353308,0.0001545796368239697
37,Li6,"(n,Xt)",0.17050875570322133,0.0004074818880307587
37,Li7,"(n,Xt)",0.018897615234160853,2.778807560357934e-05
