cell,nuclide,score,mean,std. dev.
50,Li6,"(n,Xt)",0.9712551176206826,0.001465893212532248
50,Li7,"(n,Xt)",0.05373857943410966,0.00010308035656356993
47,Li6,"(n,Xt)",0.2135464486777357,0.0003583767182290231
47,Li7,"(n,Xt)",0.01427605786074417,2.189731746999568e-05
