cell,nuclide,score,mean,std. dev.
30,Li6,"(n,Xt)",1.0124457362789836,0.0012579430864444981
30,Li7,"(n,Xt)",0.0769456018839041,0.0001241334889417802
27,Li6,"(n,Xt)",0.11058963533536854,0.00021276780302570986
27,Li7,"(n,Xt)",0.01762889211348698,3.0492070423550047e-05
