cell,nuclide,score,mean,std. dev.
40,Li6,"(n,Xt)",1.0133647841774838,0.0013426401504628043
40,Li7,"(n,Xt)",0.06746108762950902,0.00011570045747771159
37,Li6,"(n,Xt)",0.1341458036313807,0.00024867909177011773
37,Li7,"(n,Xt)",0.015565917138933665,2.6356437849409554e-05
