cell,nuclide,score,mean,std. dev.
20,Li6,"(n,Xt)",0.9953462039592799,0.0008611089122977708
20,Li7,"(n,Xt)",0.08417718378827234,0.0001448475632393311
17,Li6,"(n,Xt)",0.08354408954177166,0.00016586821588918612
17,Li7,"(n,Xt)",0.019169075858423087,3.260069397133976e-05
