cell,nuclide,score,mean,std. dev.
60,Li6,"(n,Xt)",0.9947514752293548,0.0014243090954295637
60,Li7,"(n,Xt)",0.021708773388037624,3.8970650848609654e-05
57,Li6,"(n,Xt)",0.19903451109486503,0.0003214933722889083
57,Li7,"(n,Xt)",0.0052077784979264645,9.221001062309608e-06
