cell,nuclide,score,mean,std. dev.
30,Li6,"(n,Xt)",1.0381997604918471,0.0012852038358008536
30,Li7,"(n,Xt)",0.07272505646449443,0.00012594630592202357
27,Li6,"(n,Xt)",0.11885671563577582,0.00024727097956158724
27,Li7,"(n,Xt)",0.021571331328949138,2.612127767877391e-05
