cell,nuclide,score,mean,std. dev.
60,Li6,"(n,Xt)",1.0199124182329418,0.0011862783299885586
60,Li7,"(n,Xt)",0.03917467617093986,9.322887721866427e-05
57,Li6,"(n,Xt)",0.20973000285522367,0.0003781405916069368
57,Li7,"(n,Xt)",0.012043369674708256,1.1815992006226719e-05
