cell,nuclide,score,mean,std. dev.
20,Li6,"(n,Xt)",0.07728780599409178,0.00013771690174307175
20,Li7,"(n,Xt)",0.019042694087616302,2.357234557539066e-05
23,Li6,"(n,Xt)",0.7999054488579418,0.0006934296756305278
23,Li7,"(n,Xt)",0.07810724816843834,8.691702832689356e-05
26,Li6,"(n,Xt)",0.1998802774156883,0.0006446380300714023
26,Li7,"(n,Xt)",0.006697112086422184,3.79234564367966e-05
