cell,nuclide,score,mean,std. dev.
30,Li6,"(n,Xt)",1.0311695376005852,0.000651554668556308
30,Li7,"(n,Xt)",0.07516203040450005,0.00016647419166244747
27,Li6,"(n,Xt)",0.1148046558703492,0.00021834139701120203
27,Li7,"(n,Xt)",0.020787774844123582,2.82207597882953e-05
