cell,nuclide,score,mean,std. dev.
40,Li6,"(n,Xt)",1.03272839125818,0.0011110747005986504
40,Li7,"(n,Xt)",0.06861471798125411,0.00015903794718833916
37,Li6,"(n,Xt)",0.13695105535400134,0.00016876916370284735
37,Li7,"(n,Xt)",0.01911017856208463,2.588148588194189e-05
