cell,nuclide,score,mean,std. dev.
50,Li6,"(n,Xt)",1.022057802653798,0.0007891092504569688
50,Li7,"(n,Xt)",0.05266084672142409,0.00012402068089881576
47,Li6,"(n,Xt)",0.17639737476824163,0.0002471518555109564
47,Li7,"(n,Xt)",0.014900320267774953,1.9081405185457688e-05
