cell,nuclide,score,mean,std. dev.
20,Li6,"(n,Xt)",1.0202208851810095,0.0010556700703171936
20,Li7,"(n,Xt)",0.08007076044270735,0.0001696750472691947
17,Li6,"(n,Xt)",0.09136217206300697,0.00027226665969215037
17,Li7,"(n,Xt)",0.022040767359914844,3.16524159552366e-05
