cell,nuclide,score,mean,std. dev.
60,Li6,"(n,Xt)",1.0122940630905986,0.0007615100456714964
60,Li7,"(n,Xt)",0.03709404575907015,8.988771066947306e-05
57,Li6,"(n,Xt)",0.20426202206266658,0.0003291584186859193
57,Li7,"(n,Xt)",0.01065978728061279,1.3319083393982259e-05
