cell,nuclide,score,mean,std. dev.
70,Li6,"(n,Xt)",1.0013053078404242,0.0011078020788068941
70,Li7,"(n,Xt)",0.02192064014255813,5.384868324395485e-05
67,Li6,"(n,Xt)",0.22640623623652018,0.00046556155052021353
67,Li7,"(n,Xt)",0.00639540046891882,7.824149403704015e-06
