cell,nuclide,score,mean,std. dev.
40,Li6,"(n,Xt)",1.2758419228806492,0.0013128874788432244
40,Li7,"(n,Xt)",0.014201240558575556,2.5708232284166272e-05
37,Li6,"(n,Xt)",0.11163094238052065,0.00027604300766929143
37,Li7,"(n,Xt)",0.00553340371949788,6.430403743219025e-06
