cell,nuclide,score,mean,std. dev.
50,Li6,"(n,Xt)",1.302359163248024,0.001027892489035873
50,Li7,"(n,Xt)",0.009454417006314357,1.657556403131757e-05
47,Li6,"(n,Xt)",0.15042497333801702,0.00021328986408274632
47,Li7,"(n,Xt)",0.003704458779376761,4.4042298705874235e-06
