cell,nuclide,score,mean,std. dev.
20,Li6,"(n,Xt)",1.1819352312883802,0.0014524478826264259
20,Li7,"(n,Xt)",0.017515646253697593,3.133342457839641e-05
17,Li6,"(n,Xt)",0.06276784808931697,7.448024211657244e-05
17,Li7,"(n,Xt)",0.006802426261336049,7.495914895617948e-06
