cell,nuclide,score,mean,std. dev.
60,Li6,"(n,Xt)",1.3080911881482433,0.0011607201721302116
60,Li7,"(n,Xt)",0.004723508050692871,8.510269932745772e-06
57,Li6,"(n,Xt)",0.17789375297620935,0.0002468531436718799
57,Li7,"(n,Xt)",0.0018607045931210789,2.211052120469659e-06
