cell,nuclide,score,mean,std. dev.
70,Li6,"(n,Xt)",1.306698366796025,0.001066897287293142
70,Li7,"(n,Xt)",1.8883002289642455e-06,3.4387761866371925e-09
67,Li6,"(n,Xt)",0.19994516012825286,0.0004497367341175982
67,Li7,"(n,Xt)",7.473828239352372e-07,8.724096429341047e-10
