cell,nuclide,score,mean,std. dev.
37,Li6,"(n,Xt)",0.9531846666857682,0.013701376718214768
37,Li7,"(n,Xt)",0.08272183554570875,0.001349041196623654
34,Li6,"(n,Xt)",0.11412269176122011,0.0027193580938473286
34,Li7,"(n,Xt)",0.019016354633722237,0.00014887819712505298
