cell,nuclide,score,mean,std. dev.
28,Li6,"(n,Xt)",0.7814339913226565,0.009806060874398023
28,Li7,"(n,Xt)",0.05425255887087197,0.0009132602706894526
25,Li6,"(n,Xt)",0.3164742055149683,0.008182020633044625
25,Li7,"(n,Xt)",0.05558680247478152,0.00048294800787590547
