cell,nuclide,score,mean,std. dev.
10,Li6,"(n,Xt)",0.260986966424993,0.003313997228756594
10,Li7,"(n,Xt)",0.06451653124407668,0.0012178818714438915
6,Li6,"(n,Xt)",0.003967242539436229,9.126765046291769e-05
6,Li7,"(n,Xt)",0.06535336396135957,0.0005224302236149295
