,cell,nuclide,score,mean,std. dev.
0,46,Li6,"(n,Xt)",1.0285630896387181,0.003710650458965442
1,46,Li7,"(n,Xt)",0.038107934810331916,0.0002708377881233188
