,cell,nuclide,score,mean,std. dev.
0,19,Li6,"(n,Xt)",1.0158018021704962,0.004032198643419727
1,19,Li7,"(n,Xt)",0.0728089329719293,0.00048391859801826664
