,cell,nuclide,score,mean,std. dev.
0,10,Li6,"(n,Xt)",0.3365984359795714,0.0011500912263759098
1,10,Li7,"(n,Xt)",0.07900297837277881,0.0005819318162613654
