,cell,nuclide,score,mean,std. dev.
0,10,Li6,"(n,Xt)",0.3283464453698347,0.0019641372664084746
1,10,Li7,"(n,Xt)",0.08419041765110027,0.0005428239529414061
