,cell,nuclide,score,mean,std. dev.
0,64,Li6,"(n,Xt)",1.0046929652562908,0.0028729829509692314
1,64,Li7,"(n,Xt)",7.344759823981067e-06,5.5950150152356474e-08
