cell,nuclide,score,mean,std. dev.
46,Li6,"(n,Xt)",0.9698992277074264,0.011852728385829835
46,Li7,"(n,Xt)",0.06399756942417671,0.001046101753710445
43,Li6,"(n,Xt)",0.14714613833749288,0.0036144974907637044
43,Li7,"(n,Xt)",0.01476485092029515,0.00013042881741023057
