,cell,nuclide,score,mean,std. dev.
0,28,Li6,"(n,Xt)",1.0311878263338117,0.005359157455217814
1,28,Li7,"(n,Xt)",0.06655364458639154,0.00043864435927838647
