cell,nuclide,score,mean,std. dev.
37,Li6,"(n,Xt)",0.7438334077625302,0.014403310582724215
37,Li7,"(n,Xt)",0.047198666927915564,0.0008595452459935388
34,Li6,"(n,Xt)",0.3672745624761532,0.005109138651486112
34,Li7,"(n,Xt)",0.04889007875918099,0.0004109811008189719
