,cell,nuclide,score,mean,std. dev.
0,37,Li6,"(n,Xt)",1.0307126672375164,0.0031588771018435007
1,37,Li7,"(n,Xt)",0.05836699458275483,0.00042147964792397304
