,cell,nuclide,score,mean,std. dev.
0,55,Li6,"(n,Xt)",1.0144252385284789,0.005174196123265042
1,55,Li7,"(n,Xt)",0.018724534804970633,0.00016253843139462458
