cell,nuclide,score,mean,std. dev.
55,Li6,"(n,Xt)",0.6954826227655991,0.011441816310442525
55,Li7,"(n,Xt)",0.014844459964461865,0.00030971945354744127
52,Li6,"(n,Xt)",0.4643843450557784,0.006013760710898716
52,Li7,"(n,Xt)",0.016341892017441233,0.0001363674296174625
