cell,nuclide,score,mean,std. dev.
64,Li6,"(n,Xt)",0.9333565756633566,0.009647251214020956
64,Li7,"(n,Xt)",0.02649451511672186,0.00045652219695614503
61,Li6,"(n,Xt)",0.18525976856175147,0.003397215336699043
61,Li7,"(n,Xt)",0.006357588910034136,5.1506066346197434e-05
