cell,nuclide,score,mean,std. dev.
19,Li6,"(n,Xt)",0.7844730883178379,0.01007301592092038
19,Li7,"(n,Xt)",0.059527682582565286,0.0011360322364498757
16,Li6,"(n,Xt)",0.26713508065882324,0.007231096852982091
16,Li7,"(n,Xt)",0.06043317387935534,0.0004766542866074288
