cell,nuclide,score,mean,std. dev.
40,Li6,"(n,Xt)",0.861038909178647,0.0015524971474746312
40,Li7,"(n,Xt)",0.1150746216997095,0.0002544837620079062
37,Li6,"(n,Xt)",0.12586825299577367,0.0003766858093132589
37,Li7,"(n,Xt)",0.037478517563875366,4.616263976261389e-05
