cell,nuclide,score,mean,std. dev.
50,Li6,"(n,Xt)",0.8610389091786402,0.001552497147478604
50,Li7,"(n,Xt)",0.11507462169970942,0.00025448376200828493
47,Li6,"(n,Xt)",0.1258682529957737,0.0003766858093132589
47,Li7,"(n,Xt)",0.037478517563875303,4.616263976157004e-05
