cell,nuclide,score,mean,std. dev.
30,Li6,"(n,Xt)",1.0048161360170411,0.0010054661063674858
30,Li7,"(n,Xt)",0.07424728303736963,0.00016015385845043488
27,Li6,"(n,Xt)",0.13778809401346204,0.00028389075407375463
27,Li7,"(n,Xt)",0.01811097500419432,2.4439158628844375e-05
