cell,nuclide,score,mean,std. dev.
40,Li6,"(n,Xt)",1.0073644133205817,0.0012591894924368742
40,Li7,"(n,Xt)",0.06505585427454766,0.0001290493035248736
37,Li6,"(n,Xt)",0.16603395283919314,0.0002737075684589222
37,Li7,"(n,Xt)",0.015988738671445773,2.0902862333689225e-05
