cell,nuclide,score,mean,std. dev.
50,Li6,"(n,Xt)",0.9964567173463973,0.0012827761472588735
50,Li7,"(n,Xt)",0.04262738425595608,7.308452269068768e-05
47,Li6,"(n,Xt)",0.2106629080755163,0.00044632010435530375
47,Li7,"(n,Xt)",0.010681830730829307,1.3386422409725735e-05
