cell,nuclide,score,mean,std. dev.
10,Li6,"(n,Xt)",0.8398024639334316,0.0006393811225271097
10,Li7,"(n,Xt)",0.09625282257362386,0.00016071273362684675
6,Li6,"(n,Xt)",0.021676858075437865,8.98919525865226e-05
6,Li7,"(n,Xt)",0.021487461547432057,1.7427393779407462e-05
