cell,nuclide,score,mean,std. dev.
30,Li6,"(n,Xt)",1.0003355397854765,0.0009136044330564626
30,Li7,"(n,Xt)",0.08202702491231909,0.00015122596328964315
27,Li6,"(n,Xt)",0.10129684959175482,0.00036419386199870523
27,Li7,"(n,Xt)",0.018520800311959854,1.6324982644968817e-05
