cell,nuclide,score,mean,std. dev.
40,Li6,"(n,Xt)",1.0049277639015852,0.0009788599628741581
40,Li7,"(n,Xt)",0.07270744277967607,0.0001358485084438962
37,Li6,"(n,Xt)",0.12249370552255037,0.0001594776051470545
37,Li7,"(n,Xt)",0.016541160791649457,1.3072158836533813e-05
