cell,nuclide,score,mean,std. dev.
50,Li6,"(n,Xt)",0.996478363190169,0.0012517044902561577
50,Li7,"(n,Xt)",0.04993999934693384,9.440397807541697e-05
47,Li6,"(n,Xt)",0.1579681210585104,0.00035282726940235665
47,Li7,"(n,Xt)",0.01157723695207054,9.242550308152794e-06
