cell,nuclide,score,mean,std. dev.
20,Li6,"(n,Xt)",0.9852210513891221,0.0010542684895070743
20,Li7,"(n,Xt)",0.08909957819212841,0.00015548355603317622
17,Li6,"(n,Xt)",0.07802659340140894,0.00017605739751797044
17,Li7,"(n,Xt)",0.020006657486153406,1.6835921990451726e-05
