cell,nuclide,score,mean,std. dev.
10,Li6,"(n,Xt)",0.3159999358395406,0.0004587166551177759
10,Li7,"(n,Xt)",0.06927558395637864,0.0001249273920397367
6,Li6,"(n,Xt)",0.0008314916228841774,1.7371218445641058e-06
6,Li7,"(n,Xt)",0.01946632064643772,2.3437585402433142e-05
