cell,nuclide,score,mean,std. dev.
30,Li6,"(n,Xt)",1.0961603637809259,0.001211699802371188
30,Li7,"(n,Xt)",0.05828419939955759,9.702312238318943e-05
27,Li6,"(n,Xt)",0.12168373575997637,0.00021396427216131448
27,Li7,"(n,Xt)",0.016578709853434407,2.208797284900203e-05
