cell,nuclide,score,mean,std. dev.
40,Li6,"(n,Xt)",1.096928776196092,0.0017352154826092137
40,Li7,"(n,Xt)",0.051100247883028894,9.39252979332329e-05
37,Li6,"(n,Xt)",0.15016405657049298,0.0002599419938285961
37,Li7,"(n,Xt)",0.014641135526319354,1.8461739106923974e-05
