cell,nuclide,score,mean,std. dev.
50,Li6,"(n,Xt)",1.0853290368646014,0.0012996416371863695
50,Li7,"(n,Xt)",0.033538188908920095,6.568866374032389e-05
47,Li6,"(n,Xt)",0.19684057359144835,0.00041239832284436655
47,Li7,"(n,Xt)",0.009788246467113666,1.3061896934089249e-05
