cell,nuclide,score,mean,std. dev.
20,Li6,"(n,Xt)",1.0768988117858835,0.0015877954473156768
20,Li7,"(n,Xt)",0.06372422560368568,0.00011073190366354554
17,Li6,"(n,Xt)",0.08986350716790333,0.00010468259656360137
17,Li7,"(n,Xt)",0.018026972813559177,2.36607155712562e-05
