cell,nuclide,score,mean,std. dev.
60,Li6,"(n,Xt)",1.069226469223227,0.0013207827984916573
60,Li7,"(n,Xt)",0.016492445485789802,3.4108508980228474e-05
57,Li6,"(n,Xt)",0.22929167160600153,0.0005139434148659762
57,Li7,"(n,Xt)",0.004906000653136051,7.107011135859256e-06
