cell,nuclide,score,mean,std. dev.
70,Li6,"(n,Xt)",1.0560363735978566,0.0009892059222876151
70,Li7,"(n,Xt)",6.493265673235031e-06,1.3608955958375094e-08
67,Li6,"(n,Xt)",0.25478021329929995,0.0004616400455141987
67,Li7,"(n,Xt)",1.967878888510184e-06,2.9295940779864947e-09
