cell,nuclide,score,mean,std. dev.
50,Li6,"(n,Xt)",1.0166418660586674,0.0012451466048870176
50,Li7,"(n,Xt)",0.039025046878694236,7.405448486361428e-05
47,Li6,"(n,Xt)",0.22368854845969643,0.0004002447261876787
47,Li7,"(n,Xt)",0.010208532709518959,1.7692446803554437e-05
