cell,nuclide,score,mean,std. dev.
20,Li6,"(n,Xt)",1.0083517948616976,0.0008667338119194967
20,Li7,"(n,Xt)",0.07418399720938448,0.00014831537304246556
17,Li6,"(n,Xt)",0.11102550009713592,0.0002735098081053934
17,Li7,"(n,Xt)",0.01882140514717566,3.176986989345604e-05
