cell,nuclide,score,mean,std. dev.
60,Li6,"(n,Xt)",1.0042318649790023,0.0015188517081528958
60,Li7,"(n,Xt)",0.01919676529011332,3.9994126122894365e-05
57,Li6,"(n,Xt)",0.25418349063502965,0.00036510204424957906
57,Li7,"(n,Xt)",0.005113169756656473,8.023307510494845e-06
