cell,nuclide,score,mean,std. dev.
40,Li6,"(n,Xt)",1.0059489737779854,0.0009148221064649755
40,Li7,"(n,Xt)",0.06388262751679437,0.00013232043699871622
37,Li6,"(n,Xt)",0.17648506548701337,0.0004295900939084323
37,Li7,"(n,Xt)",0.016049190054064213,1.7748444335941335e-05
