cell,nuclide,score,mean,std. dev.
30,Li6,"(n,Xt)",0.88317749412684,0.0009976425764852683
30,Li7,"(n,Xt)",0.11755430387034622,0.0001975608698605719
27,Li6,"(n,Xt)",0.08853594770996304,0.00025797263650602907
27,Li7,"(n,Xt)",0.03632514412429947,4.948194473881748e-05
