cell,nuclide,score,mean,std. dev.
6,Li6,"(n,Xt)",0.07713492177508727,0.00019236465431275737
6,Li7,"(n,Xt)",0.019242837237196206,2.3890878802139125e-05
10,Li6,"(n,Xt)",0.9444914589744583,0.0004980201643982358
10,Li7,"(n,Xt)",0.08570284333201368,0.0001145055208945654
13,Li6,"(n,Xt)",0.047388545164530546,0.00020902139466484214
13,Li7,"(n,Xt)",0.0010711694359884821,1.5896855864263644e-05
