cell,nuclide,score,mean,std. dev.
20,Li6,"(n,Xt)",0.07724133451704092,0.0001078652523627657
20,Li7,"(n,Xt)",0.019041533752065458,2.3866957275053857e-05
23,Li6,"(n,Xt)",0.9497100505348476,0.0010335508453491631
23,Li7,"(n,Xt)",0.08434161237756369,0.00012071417142576162
26,Li6,"(n,Xt)",0.04789049196888575,0.00027997844636499104
26,Li7,"(n,Xt)",0.0010416536581637455,1.583487093891693e-05
