cell,nuclide,score,mean,std. dev.
50,Li6,"(n,Xt)",0.9507144336723705,0.0011253619042104809
50,Li7,"(n,Xt)",0.09858370273616843,0.00023233133349478009
47,Li6,"(n,Xt)",0.10206049418491084,0.0001242897800437267
47,Li7,"(n,Xt)",0.036011581017483786,4.4953252822476585e-05
