cell,nuclide,score,mean,std. dev.
70,Li6,"(n,Xt)",0.9507144336723712,0.0011253619042214424
70,Li7,"(n,Xt)",0.0985837027361685,0.0002323313334956097
67,Li6,"(n,Xt)",0.10206049418491081,0.00012428978004140053
67,Li7,"(n,Xt)",0.03601158101748378,4.495325282301255e-05
