cell,nuclide,score,mean,std. dev.
6,Li6,"(n,Xt)",0.09064358169249184,0.00014310558188903235
6,Li7,"(n,Xt)",0.018925637990821094,2.7637488871274733e-05
10,Li6,"(n,Xt)",1.0584587469080597,0.0013907977762504
10,Li7,"(n,Xt)",0.06856826518696632,8.53884089788462e-05
13,Li6,"(n,Xt)",0.002564749751292021,6.929575536959196e-05
13,Li7,"(n,Xt)",3.9953635865279215e-05,2.850295717386184e-06
