cell,nuclide,score,mean,std. dev.
33,Li6,"(n,Xt)",0.09025225197777312,0.00020087721339763522
33,Li7,"(n,Xt)",0.018503150954336856,2.5893013579546424e-05
36,Li6,"(n,Xt)",1.063925571083542,0.0009632169948892358
36,Li7,"(n,Xt)",0.06634846755037524,9.748272256737774e-05
39,Li6,"(n,Xt)",0.002645100831027948,9.547998743019844e-05
39,Li7,"(n,Xt)",3.6837801553212855e-05,2.39776213394185e-06
