cell,nuclide,score,mean,std. dev.
46,Li6,"(n,Xt)",0.08986731836454682,0.00012958040386968912
46,Li7,"(n,Xt)",0.01827612378785682,2.8810982703873178e-05
49,Li6,"(n,Xt)",1.0695831251561991,0.0012953410417463403
49,Li7,"(n,Xt)",0.06505223210878837,0.00010593199712915912
52,Li6,"(n,Xt)",0.002611916493229502,4.056810206445728e-05
52,Li7,"(n,Xt)",3.5633335175201974e-05,3.1011897713348697e-06
