cell,nuclide,score,mean,std. dev.
59,Li6,"(n,Xt)",0.08982390239013632,0.00015627597994746824
59,Li7,"(n,Xt)",0.018026363863941765,2.431348292435845e-05
62,Li6,"(n,Xt)",1.075056690700046,0.001669848481566669
62,Li7,"(n,Xt)",0.0636734361965134,7.870719569195418e-05
65,Li6,"(n,Xt)",0.0025488249770540066,6.575815447365226e-05
65,Li7,"(n,Xt)",3.370456981755632e-05,2.3235432502440715e-06
