cell,nuclide,score,mean,std. dev.
72,Li6,"(n,Xt)",0.08996411456253003,0.0002514220814222658
72,Li7,"(n,Xt)",0.01774396575435141,2.375644959045939e-05
75,Li6,"(n,Xt)",1.0802925442049571,0.0019033652407476082
75,Li7,"(n,Xt)",0.06219144256799343,0.00010592850880726725
78,Li6,"(n,Xt)",0.0026264806331637676,7.701294999573435e-05
78,Li7,"(n,Xt)",3.1655391641928436e-05,2.133704785503343e-06
