cell,nuclide,score,mean,std. dev.
98,Li6,"(n,Xt)",0.0889212402203858,0.00017334166820688607
98,Li7,"(n,Xt)",0.01708837426522536,2.0118529064837346e-05
101,Li6,"(n,Xt)",1.090171044321986,0.0008415494163064706
101,Li7,"(n,Xt)",0.05883507156050318,0.00010003614490445583
104,Li6,"(n,Xt)",0.0026824215427469927,6.198920856268656e-05
104,Li7,"(n,Xt)",2.8502585619819835e-05,1.2119228241722808e-06
