cell,nuclide,score,mean,std. dev.
111,Li6,"(n,Xt)",0.08835598920147997,0.00016119414701019867
111,Li7,"(n,Xt)",0.01670112637674198,1.7293529787542936e-05
114,Li6,"(n,Xt)",1.0972120450221137,0.0009631616514484244
114,Li7,"(n,Xt)",0.05689356070396649,0.00010181501623613922
117,Li6,"(n,Xt)",0.002717415475405834,5.102390847168228e-05
117,Li7,"(n,Xt)",2.7958187504803143e-05,1.4652812684174502e-06
