cell,nuclide,score,mean,std. dev.
124,Li6,"(n,Xt)",0.0876621264336,0.0001870977212897832
124,Li7,"(n,Xt)",0.016274022400715647,1.652040253875404e-05
127,Li6,"(n,Xt)",1.1069118000050562,0.0015195749979348928
127,Li7,"(n,Xt)",0.05472378594270555,0.00012230614044041668
130,Li6,"(n,Xt)",0.0029754958678675147,9.186117156933515e-05
130,Li7,"(n,Xt)",2.7961146918299445e-05,1.785015925415266e-06
