cell,nuclide,score,mean,std. dev.
137,Li6,"(n,Xt)",0.08758647129162457,0.00025642147655405257
137,Li7,"(n,Xt)",0.01577647443659285,1.4361051624874708e-05
140,Li6,"(n,Xt)",1.113812195500993,0.0017395884786466326
140,Li7,"(n,Xt)",0.05236649838497363,0.00012170990658197653
143,Li6,"(n,Xt)",0.0029967650125677587,7.553807453888027e-05
143,Li7,"(n,Xt)",2.614539312436097e-05,1.157512935366177e-06
