cell,nuclide,score,mean,std. dev.
20,Li6,"(n,Xt)",0.09055911103827201,0.0001592312496996464
20,Li7,"(n,Xt)",0.018721669402082988,2.6045283115867178e-05
23,Li6,"(n,Xt)",1.0599151113963712,0.0009773324382750053
23,Li7,"(n,Xt)",0.06747330610057078,9.204291252467384e-05
26,Li6,"(n,Xt)",0.0026215836035547975,3.825475036380462e-05
26,Li7,"(n,Xt)",3.807434905120018e-05,2.9585846442593464e-06
