cell,nuclide,score,mean,std. dev.
150,Li6,"(n,Xt)",0.08682236553585278,0.00018639998985044495
150,Li7,"(n,Xt)",0.015216054287676473,1.6843547942775068e-05
153,Li6,"(n,Xt)",1.120764819706212,0.001050652991740336
153,Li7,"(n,Xt)",0.04969962344290295,0.000112676930571938
156,Li6,"(n,Xt)",0.003092843211478697,5.3795733094214114e-05
156,Li7,"(n,Xt)",2.1579921663943202e-05,1.413929148802977e-06
