cell,nuclide,score,mean,std. dev.
163,Li6,"(n,Xt)",0.08572784535025725,0.00026228514465449467
163,Li7,"(n,Xt)",0.014577559607990218,1.7354068423721818e-05
166,Li6,"(n,Xt)",1.1298822522597152,0.0014824713501045811
166,Li7,"(n,Xt)",0.04668998575654882,0.00010631458286865707
169,Li6,"(n,Xt)",0.003293844615709674,7.318968634931968e-05
169,Li7,"(n,Xt)",2.0611118541497e-05,1.306180869107318e-06
