cell,nuclide,score,mean,std. dev.
176,Li6,"(n,Xt)",0.08453269755485554,0.00017967604176382206
176,Li7,"(n,Xt)",0.013826462698664046,1.4068370046565548e-05
179,Li6,"(n,Xt)",1.1406042025281233,0.0014891018279459102
179,Li7,"(n,Xt)",0.043372391331930014,9.689182341562304e-05
182,Li6,"(n,Xt)",0.0035567690966621947,9.183104655048171e-05
182,Li7,"(n,Xt)",1.6114522062019227e-05,8.453402042005161e-07
