cell,nuclide,score,mean,std. dev.
189,Li6,"(n,Xt)",0.08254055212997453,0.00012089608111517635
189,Li7,"(n,Xt)",0.012934500685747216,1.3624658887263833e-05
192,Li6,"(n,Xt)",1.1511170410699187,0.0013465680710382166
192,Li7,"(n,Xt)",0.03955910424424397,0.00010199287968745226
195,Li6,"(n,Xt)",0.003945420458456696,5.1165376204188104e-05
195,Li7,"(n,Xt)",1.621593877804748e-05,1.7425732903049996e-06
