cell,nuclide,score,mean,std. dev.
202,Li6,"(n,Xt)",0.07995890482793369,0.00014536252545918344
202,Li7,"(n,Xt)",0.01186340483504962,1.3720663844560542e-05
205,Li6,"(n,Xt)",1.163761606296171,0.001385086313290333
205,Li7,"(n,Xt)",0.03525995962266597,9.244001470090896e-05
208,Li6,"(n,Xt)",0.004423285925204516,6.896946050054438e-05
208,Li7,"(n,Xt)",1.4022948817339815e-05,1.288238112841615e-06
