cell,nuclide,score,mean,std. dev.
215,Li6,"(n,Xt)",0.07655184859384279,0.00013008640037100164
215,Li7,"(n,Xt)",0.010547260692761653,1.2776304502453865e-05
218,Li6,"(n,Xt)",1.1732478825205856,0.0015265903454702342
218,Li7,"(n,Xt)",0.030269720774208208,5.869621186695213e-05
221,Li6,"(n,Xt)",0.005211123856882746,7.900379094328713e-05
221,Li7,"(n,Xt)",9.662174907508375e-06,6.358986535993217e-07
