cell,nuclide,score,mean,std. dev.
241,Li6,"(n,Xt)",0.06280485276836165,0.00012453787831580862
241,Li7,"(n,Xt)",0.006801819596656373,7.829918482032215e-06
244,Li6,"(n,Xt)",1.1691973739252948,0.0013266670763946932
244,Li7,"(n,Xt)",0.01750497116459626,2.7738788210434877e-05
247,Li6,"(n,Xt)",0.010927564531999145,9.236537240626932e-05
247,Li7,"(n,Xt)",3.749561136480674e-06,5.191730167233513e-07
