cell,nuclide,score,mean,std. dev.
40,Li6,"(n,Xt)",1.0059747202426328,0.0009058978786894735
40,Li7,"(n,Xt)",0.06388083850278117,0.00013183567258500138
37,Li6,"(n,Xt)",0.17649793462107768,0.00043147731921810376
37,Li7,"(n,Xt)",0.016049244470732332,1.7786509696937867e-05
