cell,nuclide,score,mean,std. dev.
40,Li6,"(n,Xt)",1.0140589919281455,0.0012520944506148235
40,Li7,"(n,Xt)",0.06963080588501816,0.00010997330649207899
37,Li6,"(n,Xt)",0.12423222555004163,0.00028082607841854165
37,Li7,"(n,Xt)",0.01561855244789589,1.4033103127943435e-05
