cell,nuclide,score,mean,std. dev.
6,Li6,"(n,Xt)",0.09060857515443518,0.00010555498263774931
6,Li7,"(n,Xt)",0.018923254037757818,2.6441162349465285e-05
10,Li6,"(n,Xt)",1.0552469237746724,0.0010873258002933313
10,Li7,"(n,Xt)",0.06847514293254332,0.00011037750307210206
13,Li6,"(n,Xt)",0.00751249166026324,7.153297694219475e-05
13,Li7,"(n,Xt)",0.00012563826312851788,3.5599316133808855e-06
