cell,nuclide,score,mean,std. dev.
33,Li6,"(n,Xt)",0.09036157824586526,0.00031008623280591907
33,Li7,"(n,Xt)",0.018500658593549338,2.5486976359300503e-05
36,Li6,"(n,Xt)",1.0594954920571502,0.000993235820640504
36,Li7,"(n,Xt)",0.06622428331199395,0.00011921980140259808
39,Li6,"(n,Xt)",0.007543917092736401,0.00011926483095965685
39,Li7,"(n,Xt)",0.00011839869007040601,4.622939390316126e-06
