cell,nuclide,score,mean,std. dev.
46,Li6,"(n,Xt)",0.08996965100526058,0.000192882982761641
46,Li7,"(n,Xt)",0.018272902306198577,2.8247965011428984e-05
49,Li6,"(n,Xt)",1.06549019690088,0.0010693295251650056
49,Li7,"(n,Xt)",0.06499419977792954,0.00012780304018673535
52,Li6,"(n,Xt)",0.007569020426772981,0.00013758795912944183
52,Li7,"(n,Xt)",0.00011714955603519929,4.241877265625402e-06
