cell,nuclide,score,mean,std. dev.
59,Li6,"(n,Xt)",0.0898802884856476,0.00021392306632481698
59,Li7,"(n,Xt)",0.018023453774815908,2.3418780742031757e-05
62,Li6,"(n,Xt)",1.0711293120462588,0.0019065978033731372
62,Li7,"(n,Xt)",0.06358818364521139,0.0001022670145678529
65,Li6,"(n,Xt)",0.007647502841499268,7.83847803113844e-05
65,Li7,"(n,Xt)",0.00011190954835308814,3.7710892561288894e-06
