cell,nuclide,score,mean,std. dev.
72,Li6,"(n,Xt)",0.0899393515036218,0.0001850709869485435
72,Li7,"(n,Xt)",0.017743778262876778,2.2899046128647067e-05
75,Li6,"(n,Xt)",1.0753305682887508,0.0014751724028460034
75,Li7,"(n,Xt)",0.06211842688304392,0.00012970846648129418
78,Li6,"(n,Xt)",0.00790865856986556,0.00013016029436614129
78,Li7,"(n,Xt)",0.00010792253299425694,3.3368284308731694e-06
