cell,nuclide,score,mean,std. dev.
85,Li6,"(n,Xt)",0.08913462524235817,0.00014215088413147256
85,Li7,"(n,Xt)",0.01742627325278419,2.0231622189281934e-05
88,Li6,"(n,Xt)",1.08141372955741,0.0013484852779550762
88,Li7,"(n,Xt)",0.06051765321921587,0.00012329916941546668
91,Li6,"(n,Xt)",0.008058954625294039,0.00010758157631436029
91,Li7,"(n,Xt)",0.00010162023075530684,3.042938911926942e-06
