cell,nuclide,score,mean,std. dev.
98,Li6,"(n,Xt)",0.08899635704051173,0.00016860244539537963
98,Li7,"(n,Xt)",0.0170900856180917,1.8670881292839892e-05
101,Li6,"(n,Xt)",1.085400954222833,0.0013030008344353254
101,Li7,"(n,Xt)",0.058780052712030094,0.00013192328558912832
104,Li6,"(n,Xt)",0.008170830985846755,9.965736737847908e-05
104,Li7,"(n,Xt)",9.947443276998145e-05,2.3358526395532398e-06
