cell,nuclide,score,mean,std. dev.
111,Li6,"(n,Xt)",0.08863970010078293,0.00012768341230907877
111,Li7,"(n,Xt)",0.01670061351116669,1.5658756047328674e-05
114,Li6,"(n,Xt)",1.092113091730289,0.0007109635495528108
114,Li7,"(n,Xt)",0.05682123401039644,0.00011726277483082814
117,Li6,"(n,Xt)",0.008423626711352165,0.00016493516894008586
117,Li7,"(n,Xt)",9.241998663131235e-05,3.09918947358104e-06
