cell,nuclide,score,mean,std. dev.
124,Li6,"(n,Xt)",0.08778036194645049,0.00015169022541172575
124,Li7,"(n,Xt)",0.01627581217985082,1.611672999373115e-05
127,Li6,"(n,Xt)",1.1006362765364315,0.0016179906070760866
127,Li7,"(n,Xt)",0.05465533646001686,0.00011520450185305056
130,Li6,"(n,Xt)",0.008684098257876301,0.00011983211774430927
130,Li7,"(n,Xt)",8.095422048977453e-05,2.073011817012743e-06
