cell,nuclide,score,mean,std. dev.
137,Li6,"(n,Xt)",0.08747896165822192,0.00019382915678640698
137,Li7,"(n,Xt)",0.015776051725801047,1.4184163155763583e-05
140,Li6,"(n,Xt)",1.1072058744439106,0.001577912082476937
140,Li7,"(n,Xt)",0.052279511157644266,0.00011391061227171942
143,Li6,"(n,Xt)",0.008808762516668792,0.00016318437649272505
143,Li7,"(n,Xt)",7.529196482612363e-05,2.7926801108572706e-06
