cell,nuclide,score,mean,std. dev.
20,Li6,"(n,Xt)",0.09051368470680766,0.00020358235417407158
20,Li7,"(n,Xt)",0.018720263074464977,2.5429445270284314e-05
23,Li6,"(n,Xt)",1.0567125162824147,0.0013416804521899123
23,Li7,"(n,Xt)",0.06733000491202945,0.00010459895564845789
26,Li6,"(n,Xt)",0.007722466459994991,0.00010385512735644016
26,Li7,"(n,Xt)",0.00012195343884971043,3.7355411956206893e-06
