cell,nuclide,score,mean,std. dev.
150,Li6,"(n,Xt)",0.08691546966151817,0.0001260132415444685
150,Li7,"(n,Xt)",0.015217320564688016,1.5550074777726605e-05
153,Li6,"(n,Xt)",1.1158182295408436,0.0011546608981044815
153,Li7,"(n,Xt)",0.049607822726432625,0.00011155602500214456
156,Li6,"(n,Xt)",0.009385259332690403,0.00011899221244375279
156,Li7,"(n,Xt)",6.709836028447234e-05,2.0296326572225005e-06
