cell,nuclide,score,mean,std. dev.
163,Li6,"(n,Xt)",0.08611633506279173,0.00024099405951047583
163,Li7,"(n,Xt)",0.014578686818690003,1.7153721218339417e-05
166,Li6,"(n,Xt)",1.1248377448341942,0.0010013183050856685
166,Li7,"(n,Xt)",0.04661787233024073,0.00011554203378427663
169,Li6,"(n,Xt)",0.0098571178887462,0.00013925891266279342
169,Li7,"(n,Xt)",5.99060940979574e-05,2.481464271122018e-06
