cell,nuclide,score,mean,std. dev.
176,Li6,"(n,Xt)",0.0845224138762764,0.0002128294318862504
176,Li7,"(n,Xt)",0.013827737887964806,1.4275893963785815e-05
179,Li6,"(n,Xt)",1.1349987929530425,0.0017485293621530079
179,Li7,"(n,Xt)",0.04329775417770202,0.00010306355073078057
182,Li6,"(n,Xt)",0.010573703864533542,9.068594578733666e-05
182,Li7,"(n,Xt)",5.3917601316289465e-05,1.977304688858498e-06
