cell,nuclide,score,mean,std. dev.
189,Li6,"(n,Xt)",0.08259057811595294,0.00010282585366430292
189,Li7,"(n,Xt)",0.012933797105572926,1.3363446634460679e-05
192,Li6,"(n,Xt)",1.1443013089509109,0.0013133119243727504
192,Li7,"(n,Xt)",0.039502803672033335,0.00010003303482294308
195,Li6,"(n,Xt)",0.011516497857959064,0.00014639507326886757
195,Li7,"(n,Xt)",4.562395710322486e-05,2.2165689714382255e-06
