cell,nuclide,score,mean,std. dev.
202,Li6,"(n,Xt)",0.08006437937148386,0.00012638582753589258
202,Li7,"(n,Xt)",0.011860939265453821,1.3572210617404488e-05
205,Li6,"(n,Xt)",1.1538240753514195,0.0009206387532356748
205,Li7,"(n,Xt)",0.03519172020434677,9.349918568430033e-05
208,Li6,"(n,Xt)",0.013041168986385795,0.0001863717041340025
208,Li7,"(n,Xt)",3.7135804235918166e-05,2.0341449958425606e-06
