cell,nuclide,score,mean,std. dev.
215,Li6,"(n,Xt)",0.07649380181729237,0.0001779735806256916
215,Li7,"(n,Xt)",0.010547062053921297,1.2209318345048735e-05
218,Li6,"(n,Xt)",1.1626384870506046,0.0012460953196060916
218,Li7,"(n,Xt)",0.03021738344484049,5.2246035330984795e-05
221,Li6,"(n,Xt)",0.015439717926143431,0.00016383993483277989
221,Li7,"(n,Xt)",2.8238394936877302e-05,2.1848786621488016e-06
