cell,nuclide,score,mean,std. dev.
228,Li6,"(n,Xt)",0.07135037664765233,0.00011539295285836546
228,Li7,"(n,Xt)",0.008909046185793976,8.41072437629453e-06
231,Li6,"(n,Xt)",1.1677179312312884,0.0013583927765859673
231,Li7,"(n,Xt)",0.02438521591364792,3.9105467308933045e-05
234,Li6,"(n,Xt)",0.019670073390702522,0.00011876931614476796
234,Li7,"(n,Xt)",2.106612435324607e-05,1.397436926248052e-06
