cell,nuclide,score,mean,std. dev.
241,Li6,"(n,Xt)",0.06291860335550849,0.0001194587865347781
241,Li7,"(n,Xt)",0.006803608557446161,7.673862088917076e-06
244,Li6,"(n,Xt)",1.1518747304675174,0.0011563006143472943
244,Li7,"(n,Xt)",0.017504101357526024,3.236278671163982e-05
247,Li6,"(n,Xt)",0.028875408148661956,0.00027717464923110555
247,Li7,"(n,Xt)",1.1252879487798381e-05,7.611635024697887e-07
