cell,nuclide,score,mean,std. dev.
40,Li6,"(n,Xt)",1.0059820594683524,0.0009153668869144067
40,Li7,"(n,Xt)",0.06388133925076958,0.00013179626586371906
37,Li6,"(n,Xt)",0.17649623548594945,0.0004316006445717474
37,Li7,"(n,Xt)",0.016049280014107235,1.7801165897262695e-05
