cell,nuclide,score,mean,std. dev.
40,Li6,"(n,Xt)",0.9993118802120433,0.0013374312275304678
40,Li7,"(n,Xt)",0.0667865379523926,0.00014931261832326086
37,Li6,"(n,Xt)",0.17492965170241645,0.00038645057715001207
37,Li7,"(n,Xt)",0.017001089404978055,2.289476060198009e-05
