cell,nuclide,score,mean,std. dev.
70,Li6,"(n,Xt)",0.9659117984404098,0.001121672442515516
70,Li7,"(n,Xt)",0.006056533528487878,1.0485258638286139e-05
67,Li6,"(n,Xt)",0.2702521122763756,0.00040994503681618453
67,Li7,"(n,Xt)",0.0016290088974031762,2.258149709176986e-06
