cell,nuclide,score,mean,std. dev.
10,Li6,"(n,Xt)",1.1543675899824508,0.0009672902417657294
10,Li7,"(n,Xt)",0.03417020203886997,0.0001049363092731134
6,Li6,"(n,Xt)",0.1247809847955212,0.00020598800254038974
6,Li7,"(n,Xt)",0.01859379217060119,2.131706519021462e-05
