cell,nuclide,score,mean,std. dev.
30,Li6,"(n,Xt)",1.1563460336511016,0.0011025705697032873
30,Li7,"(n,Xt)",0.03306096390581918,0.00012235332689512215
27,Li6,"(n,Xt)",0.12407690450923023,0.00013997818837550754
27,Li7,"(n,Xt)",0.018191036464576517,2.0330381676353155e-05
