cell,nuclide,score,mean,std. dev.
40,Li6,"(n,Xt)",1.1592978308551438,0.0009822042455184554
40,Li7,"(n,Xt)",0.032432057242610855,0.00012378286235952086
37,Li6,"(n,Xt)",0.12365122156386558,0.0002184189877535473
37,Li7,"(n,Xt)",0.017964989714135515,2.1486664119029644e-05
