cell,nuclide,score,mean,std. dev.
50,Li6,"(n,Xt)",1.162758421646395,0.0010067057334869497
50,Li7,"(n,Xt)",0.03177252126139797,0.00012054882743844014
47,Li6,"(n,Xt)",0.12282764584105829,0.000247896987188326
47,Li7,"(n,Xt)",0.017723632854458323,1.9710242059124924e-05
