cell,nuclide,score,mean,std. dev.
60,Li6,"(n,Xt)",1.1659594031167408,0.0013801581351093964
60,Li7,"(n,Xt)",0.031019698634677628,0.00011689238118975883
57,Li6,"(n,Xt)",0.12175930167145965,0.00023232452787197384
57,Li7,"(n,Xt)",0.017451972682299133,2.070967688662065e-05
