cell,nuclide,score,mean,std. dev.
70,Li6,"(n,Xt)",1.1678114699090874,0.001453659325048571
70,Li7,"(n,Xt)",0.030201685733343697,0.00011523855729371412
67,Li6,"(n,Xt)",0.12088683309331591,0.00021949170206781671
67,Li7,"(n,Xt)",0.01714704774709828,1.8509960993854604e-05
