cell,nuclide,score,mean,std. dev.
90,Li6,"(n,Xt)",1.1738431477579783,0.0007964045685612765
90,Li7,"(n,Xt)",0.028342109798318516,0.00011342996190504647
87,Li6,"(n,Xt)",0.11890967755613575,0.000224043900634045
87,Li7,"(n,Xt)",0.0164395049346062,1.6501524221733703e-05
