cell,nuclide,score,mean,std. dev.
100,Li6,"(n,Xt)",1.177278655346757,0.0011539691636376786
100,Li7,"(n,Xt)",0.02730122414182242,0.00011199342570529324
97,Li6,"(n,Xt)",0.11740339866077336,0.0001515143075211493
97,Li7,"(n,Xt)",0.01601697381664172,1.4075514979884467e-05
