cell,nuclide,score,mean,std. dev.
110,Li6,"(n,Xt)",1.1822025096702906,0.0009981475850641618
110,Li7,"(n,Xt)",0.026140013382975884,0.00010580322580016188
107,Li6,"(n,Xt)",0.11573086968144446,0.0001753924934108809
107,Li7,"(n,Xt)",0.015535962737519537,1.5032338305138807e-05
