cell,nuclide,score,mean,std. dev.
20,Li6,"(n,Xt)",1.1535863141119223,0.0010077110900196635
20,Li7,"(n,Xt)",0.03364152999111467,0.00011062738689285709
17,Li6,"(n,Xt)",0.12441974429930851,0.00023703669150310772
17,Li7,"(n,Xt)",0.018404813331073182,2.09942564215868e-05
