cell,nuclide,score,mean,std. dev.
120,Li6,"(n,Xt)",1.1845962639737504,0.0010754507777484424
120,Li7,"(n,Xt)",0.024836407947506876,9.324712936891751e-05
117,Li6,"(n,Xt)",0.11346472649298098,0.0002353630258713601
117,Li7,"(n,Xt)",0.014992305987009366,1.836456333778613e-05
