cell,nuclide,score,mean,std. dev.
130,Li6,"(n,Xt)",1.1905153346778117,0.0011921238327523684
130,Li7,"(n,Xt)",0.02335487764900621,9.772077525353547e-05
127,Li6,"(n,Xt)",0.1113358916380465,0.00013528561684273476
127,Li7,"(n,Xt)",0.01437108179818077,1.7642609104316594e-05
