cell,nuclide,score,mean,std. dev.
150,Li6,"(n,Xt)",1.1991255647267807,0.0014816215883403847
150,Li7,"(n,Xt)",0.01986104235259191,7.124484958506759e-05
147,Li6,"(n,Xt)",0.10456602186048561,0.0002127389200779952
147,Li7,"(n,Xt)",0.012779762676677343,1.3237063967126804e-05
