cell,nuclide,score,mean,std. dev.
160,Li6,"(n,Xt)",1.2047409841083843,0.0012991726834199466
160,Li7,"(n,Xt)",0.017688699453445707,5.466892305221373e-05
157,Li6,"(n,Xt)",0.10013157516055766,0.00017944033541354156
157,Li7,"(n,Xt)",0.011725355680515734,1.1959493697049623e-05
