cell,nuclide,score,mean,std. dev.
170,Li6,"(n,Xt)",1.2076800532798215,0.0018585746678449573
170,Li7,"(n,Xt)",0.015174782994098062,3.9543431082014456e-05
167,Li6,"(n,Xt)",0.09416133505620475,0.00010554412443175263
167,Li7,"(n,Xt)",0.010441392106799055,1.1583558508688564e-05
