cell,nuclide,score,mean,std. dev.
180,Li6,"(n,Xt)",1.2086523195100267,0.001582074187761614
180,Li7,"(n,Xt)",0.012224992456181222,2.845556899429636e-05
177,Li6,"(n,Xt)",0.08576983764100542,0.00015662725571489672
177,Li7,"(n,Xt)",0.008832163410432806,7.80982135081524e-06
