cell,nuclide,score,mean,std. dev.
190,Li6,"(n,Xt)",1.1930387287477622,0.0008079732016524945
190,Li7,"(n,Xt)",0.008825874656920241,2.889028381775778e-05
187,Li6,"(n,Xt)",0.07338670537238406,0.00017676651377086488
187,Li7,"(n,Xt)",0.006748785861069641,6.853062288009414e-06
