cell,nuclide,score,mean,std. dev.
30,Li6,"(n,Xt)",1.0058652805233028,0.0013084582507639025
30,Li7,"(n,Xt)",0.07550155094281963,0.00015197879347078624
27,Li6,"(n,Xt)",0.12859216252571437,0.0002198019091988761
27,Li7,"(n,Xt)",0.01801593409351021,2.5129307067871214e-05
