cell,nuclide,score,mean,std. dev.
40,Li6,"(n,Xt)",1.007812701153037,0.001141363573724248
40,Li7,"(n,Xt)",0.06614471373522542,0.00012938225525082519
37,Li6,"(n,Xt)",0.15563269254883882,0.0002764667485830812
37,Li7,"(n,Xt)",0.015911236433220878,1.8931310243277373e-05
