cell,nuclide,score,mean,std. dev.
40,Li6,"(n,Xt)",1.0512250531855336,0.0010990733390044978
40,Li7,"(n,Xt)",0.061702801417972374,8.190244444351548e-05
37,Li6,"(n,Xt)",0.1244646681803007,0.00014273570765444427
37,Li7,"(n,Xt)",0.014365557883878301,1.2323958079557318e-05
