cell,nuclide,score,mean,std. dev.
50,Li6,"(n,Xt)",1.0455241975838705,0.0008875063772515308
50,Li7,"(n,Xt)",0.040542332689581705,5.2005591277632014e-05
47,Li6,"(n,Xt)",0.1610753423483159,0.00021996150158115052
47,Li7,"(n,Xt)",0.009600699881133564,8.423774916328622e-06
