cell,nuclide,score,mean,std. dev.
20,Li6,"(n,Xt)",1.0264697716525863,0.0014035791376301517
20,Li7,"(n,Xt)",0.07688766248404441,8.6995573524809e-05
17,Li6,"(n,Xt)",0.07730377179551054,0.0002264313366561583
17,Li7,"(n,Xt)",0.01769441259712714,1.624921809930745e-05
