cell,nuclide,score,mean,std. dev.
60,Li6,"(n,Xt)",1.0365323437169254,0.0011847855502186146
60,Li7,"(n,Xt)",0.019976589271550903,3.0755663046404984e-05
57,Li6,"(n,Xt)",0.18564277786902195,0.0003805704048573556
57,Li7,"(n,Xt)",0.0048102965225088785,4.392093016170322e-06
