cell,nuclide,score,mean,std. dev.
10,Li6,"(n,Xt)",0.18580504129510061,0.0003034709711754075
10,Li7,"(n,Xt)",0.04142267208103635,6.044462280185337e-05
6,Li6,"(n,Xt)",0.0005380949316912221,7.576631458226324e-07
6,Li7,"(n,Xt)",0.011502540595886245,9.58801979118399e-06
