cell,nuclide,score,mean,std. dev.
40,Li6,"(n,Xt)",1.2052283218046205,0.0011737614340137485
40,Li7,"(n,Xt)",0.030926318892286603,4.4874341139611505e-05
37,Li6,"(n,Xt)",0.11595851539508102,0.0001515862950052205
37,Li7,"(n,Xt)",0.008660487336171665,7.062749391655477e-06
