cell,nuclide,score,mean,std. dev.
50,Li6,"(n,Xt)",1.2170421758172776,0.001536963535310251
50,Li7,"(n,Xt)",0.02051046623190517,2.6234570278179825e-05
47,Li6,"(n,Xt)",0.15122370022189607,0.0003052556513894826
47,Li7,"(n,Xt)",0.005795412213404773,4.1331091426616714e-06
