cell,nuclide,score,mean,std. dev.
70,Li6,"(n,Xt)",1.2072117662469113,0.0011094409123497864
70,Li7,"(n,Xt)",4.061521473495995e-06,5.022982002138226e-09
67,Li6,"(n,Xt)",0.1947247515898505,0.00033897193133874075
67,Li7,"(n,Xt)",1.1678319236552407e-06,8.86684626986791e-10
