enrichment,mean,std. dev.
0.01,0.9739622653341143,0.0010269725093328683
7.5,1.195951124823364,0.0014641882021986339
15.0,1.2361541043760254,0.001352083233738195
25.0,1.2580408434493024,0.001395583231108573
50.0,1.2653496784754155,0.001156464651467678
75.0,1.258467833005485,0.0012138558577084633
99.99,1.2438437746999234,0.001191605839629116
