enrichment,mean,std. dev.
0.01,0.9742913240839716,0.0010215819344845918
7.5,1.1960212577534488,0.0014514620409685573
15.0,1.2361871715823514,0.0013576126772797594
25.0,1.2580822264806852,0.0013846308197434155
50.0,1.2653398362889505,0.0011225200666070544
75.0,1.2584481093359736,0.0012083588986487382
99.99,1.24385427439082,0.0011937011780641764
