enrichment,mean,std. dev.
0.01,1.0662561265355093,0.001340878362374888
7.5,1.188487778435747,0.0008825691536369131
15.0,1.2232759946021268,0.001259712172086309
25.0,1.2430287488640372,0.0011221093569412418
50.0,1.252857090868995,0.001521298658220645
75.0,1.2477742140856662,0.0014536502649266775
99.99,1.2369094595189059,0.001301611764362916
