enrichment,mean,std. dev.
0.01,0.9741195695988711,0.0009934287371196051
7.5,1.1959937410032588,0.0014557569598086285
15.0,1.2361947128021096,0.0013614200374040797
25.0,1.2580402907275725,0.0013925838673006913
50.0,1.265322533355316,0.0011348768886924987
75.0,1.258437777573617,0.0012094841509589808
99.99,1.243849454944743,0.0011939977995499601
