cell,nuclide,score,mean,std. dev.
10,Li6,"(n,Xt)",0.8786124922938058,0.0010752038557685318
10,Li7,"(n,Xt)",0.09476315188762428,0.0001983081829717832
6,Li6,"(n,Xt)",0.036980010258699965,9.265664334523691e-05
6,Li7,"(n,Xt)",0.022468152840860834,3.6642522977667844e-05
