cell,nuclide,score,mean,std. dev.
30,Li6,"(n,Xt)",0.9889082032235945,0.0014619244171388574
30,Li7,"(n,Xt)",0.08178444062223238,0.00016275420126459248
27,Li6,"(n,Xt)",0.11804324762001564,0.00018026528515121068
27,Li7,"(n,Xt)",0.019609693936725063,3.1260132420172133e-05
