cell,nuclide,score,mean,std. dev.
40,Li6,"(n,Xt)",0.9917235400734651,0.0010969998822894919
40,Li7,"(n,Xt)",0.07326846406338464,0.00015544775778752684
37,Li6,"(n,Xt)",0.14115048592721569,0.00019416773242709245
37,Li7,"(n,Xt)",0.01769745735863084,2.4961772848138673e-05
