cell,nuclide,score,mean,std. dev.
50,Li6,"(n,Xt)",0.9829492732351092,0.0010995625441803738
50,Li7,"(n,Xt)",0.05249280590932254,0.00011447412908388
47,Li6,"(n,Xt)",0.1795643606657475,0.0003035834445192523
47,Li7,"(n,Xt)",0.012902457618251073,1.751230255324869e-05
