cell,nuclide,score,mean,std. dev.
20,Li6,"(n,Xt)",0.9751325250162802,0.0010236343016678292
20,Li7,"(n,Xt)",0.08826418476832024,0.00018363256909469453
17,Li6,"(n,Xt)",0.09208936547036192,0.00021919260332883177
17,Li7,"(n,Xt)",0.021041009161257555,3.3299559104381025e-05
