cell,nuclide,score,mean,std. dev.
60,Li6,"(n,Xt)",0.9733878711621766,0.0012421733835502624
60,Li7,"(n,Xt)",0.03232248089488616,7.064400894423706e-05
57,Li6,"(n,Xt)",0.20578053507607116,0.0003985061503309975
57,Li7,"(n,Xt)",0.008078836994414081,1.0590288035566964e-05
