cell,nuclide,score,mean,std. dev.
70,Li6,"(n,Xt)",0.9624960259812282,0.001202077213472756
70,Li7,"(n,Xt)",0.012710685555134191,2.6229691893981008e-05
67,Li6,"(n,Xt)",0.22526009344359954,0.00016744140415618944
67,Li7,"(n,Xt)",0.0032330879248837234,4.502551063749608e-06
