cell,nuclide,score,mean,std. dev.
10,Li6,"(n,Xt)",0.05965547275931138,8.501015877599607e-05
10,Li7,"(n,Xt)",0.010228893281548333,1.4468677147891104e-05
6,Li6,"(n,Xt)",0.00020037428909812312,4.060802126730247e-07
6,Li7,"(n,Xt)",0.0042910991432955755,3.419107761419733e-06
