cell,nuclide,score,mean,std. dev.
30,Li6,"(n,Xt)",1.2074781423997138,0.001121112719890119
30,Li7,"(n,Xt)",0.008706221014956156,1.0800674474114526e-05
27,Li6,"(n,Xt)",0.06838681226306151,0.00014286623181967897
27,Li7,"(n,Xt)",0.003657705455071753,3.1802794761237434e-06
