cell,nuclide,score,mean,std. dev.
40,Li6,"(n,Xt)",1.2630082750945513,0.0012644049552426571
40,Li7,"(n,Xt)",0.0076890543641399065,9.467228382936317e-06
37,Li6,"(n,Xt)",0.08800338681073712,0.00015504553920301812
37,Li7,"(n,Xt)",0.0032336148138938994,2.798315210024004e-06
