cell,nuclide,score,mean,std. dev.
50,Li6,"(n,Xt)",1.3168607763123863,0.0006815154353677581
50,Li7,"(n,Xt)",0.005134323636331707,6.653458182693639e-06
47,Li6,"(n,Xt)",0.12126129677420813,0.0001890323571100558
47,Li7,"(n,Xt)",0.00216580884667158,1.7282577154746996e-06
