cell,nuclide,score,mean,std. dev.
20,Li6,"(n,Xt)",1.1246040897064318,0.0010172233131891793
20,Li7,"(n,Xt)",0.009468206470589356,1.3205786758013975e-05
17,Li6,"(n,Xt)",0.04674152005820057,6.965454360061e-05
17,Li7,"(n,Xt)",0.003974755216981107,3.3088671169692123e-06
