cell,nuclide,score,mean,std. dev.
60,Li6,"(n,Xt)",1.3415913044511694,0.0015661864407912926
60,Li7,"(n,Xt)",0.0025728265620848937,3.1692575174252883e-06
57,Li6,"(n,Xt)",0.14503923248066686,0.0003097792268791429
57,Li7,"(n,Xt)",0.0010881717296443276,8.80444668797967e-07
