cell,nuclide,score,mean,std. dev.
70,Li6,"(n,Xt)",1.351280222775679,0.000983312657223176
70,Li7,"(n,Xt)",1.0308078249680714e-06,1.2252303458532454e-09
67,Li6,"(n,Xt)",0.1638606462253626,0.0001851835595842061
67,Li7,"(n,Xt)",4.373852172389662e-07,3.51519843574403e-10
