cell,nuclide,score,mean,std. dev.
50,Li6,"(n,Xt)",0.9989546990473002,0.001364708795418472
50,Li7,"(n,Xt)",0.05516607558794621,0.00010252676170041725
47,Li6,"(n,Xt)",0.16175190628725714,0.00032834586736363763
47,Li7,"(n,Xt)",0.013833153972766448,1.8067687044513076e-05
