cell,nuclide,score,mean,std. dev.
30,Li6,"(n,Xt)",0.9804030503850294,0.0012787036424350394
30,Li7,"(n,Xt)",0.08284025822191968,0.0001434425393231831
27,Li6,"(n,Xt)",0.12673920151641924,0.00026675555091866554
27,Li7,"(n,Xt)",0.020572051831340612,3.1483666351663006e-05
