cell,nuclide,score,mean,std. dev.
40,Li6,"(n,Xt)",0.9831668978356202,0.0011529699331838887
40,Li7,"(n,Xt)",0.07492728083668755,0.0001329066262752092
37,Li6,"(n,Xt)",0.1504073057306467,0.0003816318356663677
37,Li7,"(n,Xt)",0.018740453562697965,2.7476105840645367e-05
