cell,nuclide,score,mean,std. dev.
20,Li6,"(n,Xt)",0.9673362352725523,0.0011261933506952883
20,Li7,"(n,Xt)",0.08878189463121781,0.00014398460410987527
17,Li6,"(n,Xt)",0.09987171745693856,0.0002158710982365319
17,Li7,"(n,Xt)",0.021939940121262057,3.754488343913865e-05
