cell,nuclide,score,mean,std. dev.
70,Li6,"(n,Xt)",0.9553672701276135,0.0011645226193805632
70,Li7,"(n,Xt)",0.018675492206555965,2.9952445694346047e-05
67,Li6,"(n,Xt)",0.23591880845121488,0.0004286768149944358
67,Li7,"(n,Xt)",0.0049058774384046575,5.8720753396283965e-06
