cell,nuclide,score,mean,std. dev.
50,Li6,"(n,Xt)",0.9892411961302082,0.001359878733585233
50,Li7,"(n,Xt)",0.05432503549228379,0.00010077401833732292
47,Li6,"(n,Xt)",0.1548737205130594,0.0003484561988375271
47,Li7,"(n,Xt)",0.0127285299934306,1.0324355594309291e-05
