cell,nuclide,score,mean,std. dev.
70,Li6,"(n,Xt)",0.9706110873360272,0.0009897728819270595
70,Li7,"(n,Xt)",0.013165629042496917,2.4436507154980583e-05
67,Li6,"(n,Xt)",0.19716562176547642,0.0004702548580104166
67,Li7,"(n,Xt)",0.003190875754077923,2.924858593673874e-06
