cell,nuclide,score,mean,std. dev.
6,Li6,"(n,Xt)",0.09271052770647206,0.00015181089299317094
6,Li7,"(n,Xt)",0.018912057881236812,2.6490844887745827e-05
10,Li6,"(n,Xt)",0.5915218155528074,0.000604124416081338
10,Li7,"(n,Xt)",0.04706733919405393,6.49398562997684e-05
13,Li6,"(n,Xt)",0.4774773466552686,0.0007985820142348435
13,Li7,"(n,Xt)",0.01666231605625385,6.03808392781354e-05
