cell,nuclide,score,mean,std. dev.
33,Li6,"(n,Xt)",0.09252307250662642,0.00017625264308571145
33,Li7,"(n,Xt)",0.01848979667648845,2.4350432578551893e-05
36,Li6,"(n,Xt)",0.5928733910000912,0.0006229318607027
36,Li7,"(n,Xt)",0.04572990492669211,6.932265443530796e-05
39,Li6,"(n,Xt)",0.4841228161441359,0.0007419722628179414
39,Li7,"(n,Xt)",0.015958285044178948,4.8437109484050526e-05
