cell,nuclide,score,mean,std. dev.
46,Li6,"(n,Xt)",0.09234384328372572,0.0002862919101600204
46,Li7,"(n,Xt)",0.018266425746044146,2.568210793270122e-05
49,Li6,"(n,Xt)",0.5951925183885073,0.0004918192591797172
49,Li7,"(n,Xt)",0.04498846714037306,7.027711552154378e-05
52,Li6,"(n,Xt)",0.48701869383408003,0.0010521528662028432
52,Li7,"(n,Xt)",0.01561483051603453,5.03148127520221e-05
