cell,nuclide,score,mean,std. dev.
72,Li6,"(n,Xt)",0.09218227160018,0.00018358213250409762
72,Li7,"(n,Xt)",0.017739246785043416,2.3350998517300536e-05
75,Li6,"(n,Xt)",0.5966111019166501,0.00092263311532971
75,Li7,"(n,Xt)",0.04323777119394513,7.865378141473543e-05
78,Li6,"(n,Xt)",0.49424827553422784,0.0008403298143057836
78,Li7,"(n,Xt)",0.014783898204228504,5.921384403690466e-05
