cell,nuclide,score,mean,std. dev.
98,Li6,"(n,Xt)",0.09129510113675104,0.00017295962903957234
98,Li7,"(n,Xt)",0.01707894415894869,1.947654079864886e-05
101,Li6,"(n,Xt)",0.5968298320617024,0.00061823993451764
101,Li7,"(n,Xt)",0.04116862164728392,7.367238717501293e-05
104,Li6,"(n,Xt)",0.5044060054854484,0.00053886656887286
104,Li7,"(n,Xt)",0.01377678963187354,7.374481777371127e-05
