cell,nuclide,score,mean,std. dev.
111,Li6,"(n,Xt)",0.090969839194209,0.00020440320193526408
111,Li7,"(n,Xt)",0.016694863925065122,1.7109133623914083e-05
114,Li6,"(n,Xt)",0.5981570384082278,0.0007610433637253635
114,Li7,"(n,Xt)",0.03994556697992045,7.203652891020722e-05
117,Li6,"(n,Xt)",0.5105604347127439,0.0008193146024107679
117,Li7,"(n,Xt)",0.013248576649120441,6.987916563718498e-05
