cell,nuclide,score,mean,std. dev.
124,Li6,"(n,Xt)",0.09037422624731442,0.00015114359260883783
124,Li7,"(n,Xt)",0.016264957152756436,1.6769811202856957e-05
127,Li6,"(n,Xt)",0.5979738775579413,0.0006964860447367538
127,Li7,"(n,Xt)",0.03861535304804479,7.339568057771677e-05
130,Li6,"(n,Xt)",0.5170744353652865,0.0009611510634389982
130,Li7,"(n,Xt)",0.012609346466308319,4.679222078728393e-05
