cell,nuclide,score,mean,std. dev.
137,Li6,"(n,Xt)",0.08969960676712388,0.00023597211338201093
137,Li7,"(n,Xt)",0.015770348738236403,1.5831772463047884e-05
140,Li6,"(n,Xt)",0.5962683851564283,0.0008352327385158601
140,Li7,"(n,Xt)",0.03709055240114338,8.288342477994169e-05
143,Li6,"(n,Xt)",0.5254017687119928,0.0006991502902201036
143,Li7,"(n,Xt)",0.0119410760470435,5.71285972141821e-05
