cell,nuclide,score,mean,std. dev.
20,Li6,"(n,Xt)",0.09299722150523837,0.00019354832582712292
20,Li7,"(n,Xt)",0.0187114106328557,2.5276187089863407e-05
23,Li6,"(n,Xt)",0.5933706643382584,0.0006773905289666404
23,Li7,"(n,Xt)",0.04641592720970595,6.0822728992371386e-05
26,Li6,"(n,Xt)",0.4801943185217463,0.0010435733344247714
26,Li7,"(n,Xt)",0.016306828165749184,5.2956347580655466e-05
