cell,nuclide,score,mean,std. dev.
150,Li6,"(n,Xt)",0.08894797931957352,0.00016892230235920894
150,Li7,"(n,Xt)",0.015211037618571613,1.7620206190062773e-05
153,Li6,"(n,Xt)",0.5947202131042199,0.000996743404649799
153,Li7,"(n,Xt)",0.03541849531166006,8.372762863479155e-05
156,Li6,"(n,Xt)",0.5331394232169459,0.0006753411751589624
156,Li7,"(n,Xt)",0.011186442141871561,5.478230738833361e-05
