cell,nuclide,score,mean,std. dev.
163,Li6,"(n,Xt)",0.08812680117098594,0.00014569735122198346
163,Li7,"(n,Xt)",0.014575244252814664,1.825853100088166e-05
166,Li6,"(n,Xt)",0.5932599234689584,0.0010276984163388595
166,Li7,"(n,Xt)",0.03350860880442412,8.868013199756073e-05
169,Li6,"(n,Xt)",0.5434733651969367,0.0007784015626237723
169,Li7,"(n,Xt)",0.010297666889918327,3.967615093044596e-05
