cell,nuclide,score,mean,std. dev.
176,Li6,"(n,Xt)",0.08659550034865345,0.00021319915647140125
176,Li7,"(n,Xt)",0.013823479953369864,1.5621133668825488e-05
179,Li6,"(n,Xt)",0.5892502274614848,0.0006072839450538668
179,Li7,"(n,Xt)",0.031336384395173,7.531995882233287e-05
182,Li6,"(n,Xt)",0.5564375772713283,0.0008974612465128468
182,Li7,"(n,Xt)",0.009433799599556128,3.705262236480492e-05
