cell,nuclide,score,mean,std. dev.
189,Li6,"(n,Xt)",0.08463144331819505,0.0001350943224774914
189,Li7,"(n,Xt)",0.012928848453407013,1.4208526209725982e-05
192,Li6,"(n,Xt)",0.5840099811279365,0.0004809580776816716
192,Li7,"(n,Xt)",0.02882320290436703,5.960752510199329e-05
195,Li6,"(n,Xt)",0.571461570465855,0.0007858947906712999
195,Li7,"(n,Xt)",0.008422829289344543,3.3263586171350015e-05
