cell,nuclide,score,mean,std. dev.
202,Li6,"(n,Xt)",0.08242817269010969,0.00018084311267850124
202,Li7,"(n,Xt)",0.011858611630401994,1.4439280152698254e-05
205,Li6,"(n,Xt)",0.5768044138892086,0.0007662605513113894
205,Li7,"(n,Xt)",0.025928040470635426,5.135041227365841e-05
208,Li6,"(n,Xt)",0.5888607079785945,0.0011150101015605651
208,Li7,"(n,Xt)",0.007312647955633638,3.731909569670953e-05
