cell,nuclide,score,mean,std. dev.
215,Li6,"(n,Xt)",0.07847413058786287,9.927594280897251e-05
215,Li7,"(n,Xt)",0.010545789640523065,1.2973094679560803e-05
218,Li6,"(n,Xt)",0.561686500059734,0.0007960499696029997
218,Li7,"(n,Xt)",0.022531271886284624,3.651333819028027e-05
221,Li6,"(n,Xt)",0.614525696551919,0.0011497532580875016
221,Li7,"(n,Xt)",0.0061052096107965395,3.321934663340962e-05
