cell,nuclide,score,mean,std. dev.
228,Li6,"(n,Xt)",0.07292093508786203,0.00014458413502870868
228,Li7,"(n,Xt)",0.008908245958777981,9.010607708832953e-06
231,Li6,"(n,Xt)",0.5368716775603795,0.000680905592765575
231,Li7,"(n,Xt)",0.01844376420806271,1.345882633452093e-05
234,Li6,"(n,Xt)",0.6437295807076187,0.0011383064189326654
234,Li7,"(n,Xt)",0.004710517253082941,2.2904771118972752e-05
