cell,nuclide,score,mean,std. dev.
40,Li6,"(n,Xt)",1.0486850560055143,0.0010634731260368232
40,Li7,"(n,Xt)",0.06183236887072473,0.00015481722436311692
37,Li6,"(n,Xt)",0.13771147890734128,0.00034560464470646845
37,Li7,"(n,Xt)",0.015481724591787002,2.050531789033026e-05
