cell,nuclide,score,mean,std. dev.
30,Li6,"(n,Xt)",1.0184331489315162,0.0014088297847243412
30,Li7,"(n,Xt)",0.07697514532886499,0.00011305150711049975
27,Li6,"(n,Xt)",0.10219021269136434,0.0002182703024339479
27,Li7,"(n,Xt)",0.017295829681827204,1.8435597132897225e-05
