cell,nuclide,score,mean,std. dev.
40,Li6,"(n,Xt)",1.0205961703689739,0.001054342341634381
40,Li7,"(n,Xt)",0.06748358982263056,9.786195291883835e-05
37,Li6,"(n,Xt)",0.12435021859530823,0.0002240589440507209
37,Li7,"(n,Xt)",0.015276764332885351,1.4838467161752261e-05
