cell,nuclide,score,mean,std. dev.
50,Li6,"(n,Xt)",1.0147773166959395,0.0013277055119379497
50,Li7,"(n,Xt)",0.04424629369076807,6.720196125670173e-05
47,Li6,"(n,Xt)",0.1604658616109797,0.00023721769397013008
47,Li7,"(n,Xt)",0.010200428906417015,9.377848843977794e-06
