cell,nuclide,score,mean,std. dev.
60,Li6,"(n,Xt)",1.00585613425599,0.0010464775751160055
60,Li7,"(n,Xt)",0.021773739069441515,3.452319100901811e-05
57,Li6,"(n,Xt)",0.1849172590825396,0.000437516065168992
57,Li7,"(n,Xt)",0.005108533651058308,5.24795679444194e-06
