cell,nuclide,score,mean,std. dev.
30,Li6,"(n,Xt)",1.1077008956105574,0.0008237451271911162
30,Li7,"(n,Xt)",0.05549369925687249,0.00011176311128544362
27,Li6,"(n,Xt)",0.12103449275315588,0.00022451450063405639
27,Li7,"(n,Xt)",0.016029309123200795,2.0744899847727432e-05
