cell,nuclide,score,mean,std. dev.
40,Li6,"(n,Xt)",1.1108573699560549,0.0008147447022827994
40,Li7,"(n,Xt)",0.048679504353083373,9.305793183558482e-05
37,Li6,"(n,Xt)",0.14951910727862858,0.00029875199636534785
37,Li7,"(n,Xt)",0.01415707513720801,1.7980336611219127e-05
