cell,nuclide,score,mean,std. dev.
50,Li6,"(n,Xt)",1.0982300920335555,0.001581596919582911
50,Li7,"(n,Xt)",0.03197322211758837,6.935292019192455e-05
47,Li6,"(n,Xt)",0.1966453888825545,0.0003873016834293548
47,Li7,"(n,Xt)",0.009466269925328128,1.2808157725550568e-05
