cell,nuclide,score,mean,std. dev.
20,Li6,"(n,Xt)",1.087957934469175,0.0010267927237779856
20,Li7,"(n,Xt)",0.06066184201084288,0.00013049428200221318
17,Li6,"(n,Xt)",0.08922076662508707,5.807997650743792e-05
17,Li7,"(n,Xt)",0.017429268160937435,2.101876657093463e-05
