cell,nuclide,score,mean,std. dev.
60,Li6,"(n,Xt)",1.0822645605930012,0.0009276830537894136
60,Li7,"(n,Xt)",0.015748010007094,3.297993682667008e-05
57,Li6,"(n,Xt)",0.22755994567822527,0.0004691074215161218
57,Li7,"(n,Xt)",0.0047438730089817875,6.565305013301209e-06
