cell,nuclide,score,mean,std. dev.
10,Li6,"(n,Xt)",0.9566634323765776,0.0012360387752930568
10,Li7,"(n,Xt)",0.08355002303511791,0.00017770640866839374
6,Li6,"(n,Xt)",0.043441898967205066,9.631900185495206e-05
6,Li7,"(n,Xt)",0.022574276007526893,2.878071238067835e-05
