cell,nuclide,score,mean,std. dev.
30,Li6,"(n,Xt)",1.0367167908982649,0.0009752857925418759
30,Li7,"(n,Xt)",0.07299194948715229,0.00016368273724830663
27,Li6,"(n,Xt)",0.11533751899373108,0.00017625580227091908
27,Li7,"(n,Xt)",0.019935036653040854,2.329363935392169e-05
