cell,nuclide,score,mean,std. dev.
50,Li6,"(n,Xt)",1.0280702348752915,0.0007974427898446536
50,Li7,"(n,Xt)",0.04903863192207532,0.00011458519061985881
47,Li6,"(n,Xt)",0.17944489102289324,0.0002878213965407352
47,Li7,"(n,Xt)",0.013724106127623717,1.6251231890224058e-05
