cell,nuclide,score,mean,std. dev.
60,Li6,"(n,Xt)",1.0173391198319663,0.001531520611283222
60,Li7,"(n,Xt)",0.03253709853867644,8.495004413728159e-05
57,Li6,"(n,Xt)",0.20827935723456426,0.0003424694953112123
57,Li7,"(n,Xt)",0.009255145240437794,1.0562061139529932e-05
