cell,nuclide,score,mean,std. dev.
70,Li6,"(n,Xt)",1.005515296119965,0.0008748525066089015
70,Li7,"(n,Xt)",0.016463784372533687,4.2421503035150846e-05
67,Li6,"(n,Xt)",0.2303169792047591,0.0005617521281177582
67,Li7,"(n,Xt)",0.004761916722596293,5.198583652022917e-06
