cell,nuclide,score,mean,std. dev.
50,Li6,"(n,Xt)",0.9578054794650803,0.0011029576140366688
50,Li7,"(n,Xt)",0.0616375886665463,0.0001512681836078856
47,Li6,"(n,Xt)",0.20599528007444684,0.00032730476493361
47,Li7,"(n,Xt)",0.01671459117356497,2.3208715770308084e-05
