cell,nuclide,score,mean,std. dev.
20,Li6,"(n,Xt)",0.9526757542550248,0.0013901451602852347
20,Li7,"(n,Xt)",0.08969917167825456,0.00020509533320806306
17,Li6,"(n,Xt)",0.11678973276201572,0.00026332298104213227
17,Li7,"(n,Xt)",0.02374599368914687,3.671758887639824e-05
