cell,nuclide,score,mean,std. dev.
30,Li6,"(n,Xt)",1.0130801347194278,0.0009868914047958207
30,Li7,"(n,Xt)",0.0796570752357775,0.0001790819352067976
27,Li6,"(n,Xt)",0.10948879449570044,0.0001866063890018266
27,Li7,"(n,Xt)",0.02086198637052968,3.116269672503701e-05
