cell,nuclide,score,mean,std. dev.
40,Li6,"(n,Xt)",1.0146862889753652,0.0013185137833400596
40,Li7,"(n,Xt)",0.07274350911352126,0.0001701819166555461
37,Li6,"(n,Xt)",0.1303606536115421,0.00012369477019115655
37,Li7,"(n,Xt)",0.019180163254045115,2.9010496663759573e-05
