cell,nuclide,score,mean,std. dev.
70,Li6,"(n,Xt)",0.9864684136946517,0.0014658000201451923
70,Li7,"(n,Xt)",0.02323657269673227,5.868567832228413e-05
67,Li6,"(n,Xt)",0.21376319436546912,0.0003580512949346699
67,Li7,"(n,Xt)",0.006416573213866817,8.24796183235711e-06
