cell,nuclide,score,mean,std. dev.
40,Li6,"(n,Xt)",1.0090609853513768,0.0010318617301638714
40,Li7,"(n,Xt)",0.06431847147634435,7.970000854436336e-05
37,Li6,"(n,Xt)",0.11815749134209304,0.00019241428176023113
37,Li7,"(n,Xt)",0.014377988935048111,1.3722667647207968e-05
