cell,nuclide,score,mean,std. dev.
30,Li6,"(n,Xt)",0.8547393950509223,0.001058306362564223
30,Li7,"(n,Xt)",0.120708146399478,0.00021319650958989382
27,Li6,"(n,Xt)",0.10013280198976604,0.00028316383945184334
27,Li7,"(n,Xt)",0.03694981315160624,4.53272916287217e-05
