cell,nuclide,score,mean,std. dev.
40,Li6,"(n,Xt)",0.8547393950509269,0.0010583063625817072
40,Li7,"(n,Xt)",0.12070814639947836,0.0002131965095907979
37,Li6,"(n,Xt)",0.1001328019897667,0.00028316383945184334
37,Li7,"(n,Xt)",0.03694981315160624,4.532729162925324e-05
