cell,nuclide,score,mean,std. dev.
20,Li6,"(n,Xt)",0.8547393950509218,0.0010583063625875353
20,Li7,"(n,Xt)",0.12070814639947802,0.00021319650959034586
17,Li6,"(n,Xt)",0.10013280198976582,0.00028316383945150295
17,Li7,"(n,Xt)",0.036949813151606226,4.5327291630050554e-05
