cell,nuclide,score,mean,std. dev.
40,Li6,"(n,Xt)",1.0059698757770144,0.0009082631188797063
40,Li7,"(n,Xt)",0.06388161743746182,0.00013106617339808598
37,Li6,"(n,Xt)",0.17649983669053665,0.00043278688510549665
37,Li7,"(n,Xt)",0.016049440961326454,1.7861164540386928e-05
