cell,nuclide,score,mean,std. dev.
30,Li6,"(n,Xt)",1.135845184348039,0.0012042571814856215
30,Li7,"(n,Xt)",0.008932674167411751,3.938786812348166e-05
27,Li6,"(n,Xt)",0.24544766121710823,0.0005383272062034826
27,Li7,"(n,Xt)",0.016000014652258886,1.615628983543386e-05
