cell,nuclide,score,mean,std. dev.
40,Li6,"(n,Xt)",1.122277093290476,0.0012982456073317192
40,Li7,"(n,Xt)",0.007827929620720181,3.18597009738247e-05
37,Li6,"(n,Xt)",0.31335785541113403,0.0003911578068351873
37,Li7,"(n,Xt)",0.014138797149750854,1.3371046555424397e-05
