cell,nuclide,score,mean,std. dev.
50,Li6,"(n,Xt)",1.0792389399733306,0.0009329523795346543
50,Li7,"(n,Xt)",0.005141447830126995,1.8984606344075867e-05
47,Li6,"(n,Xt)",0.4224765809630401,0.00043843442073817463
47,Li7,"(n,Xt)",0.00945572668257859,9.45907567343884e-06
