cell,nuclide,score,mean,std. dev.
20,Li6,"(n,Xt)",1.134110076039411,0.000971983259536524
20,Li7,"(n,Xt)",0.009758541416577662,4.324826636332846e-05
17,Li6,"(n,Xt)",0.16879647313642257,0.00026248057076107566
17,Li7,"(n,Xt)",0.017393901066555723,1.837305222936921e-05
