cell,nuclide,score,mean,std. dev.
60,Li6,"(n,Xt)",1.0444776138299336,0.0012429580011123157
60,Li7,"(n,Xt)",0.0025323029668131544,9.335836755264003e-06
57,Li6,"(n,Xt)",0.4936236604845834,0.0005915570152587829
57,Li7,"(n,Xt)",0.004743238726620638,4.945872684373182e-06
