cell,nuclide,score,mean,std. dev.
10,Li6,"(n,Xt)",0.8334114782450467,0.0009963194074031323
10,Li7,"(n,Xt)",0.08839595564504892,0.00021874125844170708
6,Li6,"(n,Xt)",0.030412703190287743,4.572431423824642e-05
6,Li7,"(n,Xt)",0.022071187003588302,3.22309826099076e-05
