cell,nuclide,score,mean,std. dev.
70,Li6,"(n,Xt)",0.9659136822161084,0.0011211835116673665
70,Li7,"(n,Xt)",0.006056648107943959,1.0514990352083023e-05
67,Li6,"(n,Xt)",0.2702549475410635,0.0004095782609091992
67,Li7,"(n,Xt)",0.0016289965257044914,2.2624866311621893e-06
