cell,nuclide,score,mean,std. dev.
30,Li6,"(n,Xt)",1.0186830440564154,0.0010360580349029792
30,Li7,"(n,Xt)",0.07771238541378729,0.00020150648306842462
27,Li6,"(n,Xt)",0.10393956279559255,0.00022778681776861558
27,Li7,"(n,Xt)",0.01765714991125218,2.7022745635463857e-05
