cell,nuclide,score,mean,std. dev.
50,Li6,"(n,Xt)",1.0128060085579107,0.0010894456860414097
50,Li7,"(n,Xt)",0.04460345627998964,0.00010757421409396746
47,Li6,"(n,Xt)",0.16395840558172098,0.00017781350806562546
47,Li7,"(n,Xt)",0.01041941720127489,1.4056887524192311e-05
