cell,nuclide,score,mean,std. dev.
60,Li6,"(n,Xt)",1.0022870757364317,0.0012540619956810787
60,Li7,"(n,Xt)",0.021930038111082482,5.010862739648073e-05
57,Li6,"(n,Xt)",0.18990529693472885,0.0004074511089341791
57,Li7,"(n,Xt)",0.005221783676750144,7.3857334822158795e-06
