cell,nuclide,score,mean,std. dev.
20,Li6,"(n,Xt)",1.0125819929821112,0.001178009799297719
20,Li7,"(n,Xt)",0.07250349034425838,0.00015448720766688046
17,Li6,"(n,Xt)",0.11105914866172392,0.0001945567407462509
17,Li7,"(n,Xt)",0.01852730729207318,2.9262104457563485e-05
