cell,nuclide,score,mean,std. dev.
60,Li6,"(n,Xt)",1.0099279149190727,0.0017146652690847415
60,Li7,"(n,Xt)",0.018783509706353306,4.320009788963397e-05
57,Li6,"(n,Xt)",0.25405120312867263,0.00037530707179998026
57,Li7,"(n,Xt)",0.005032154746815082,7.092573905066938e-06
