cell,nuclide,score,mean,std. dev.
10,Li6,"(n,Xt)",1.1568564905740586,0.00121938796388137
10,Li7,"(n,Xt)",0.03225513001275827,0.00010086398303081648
6,Li6,"(n,Xt)",0.12788591377970254,0.00032301516145030805
6,Li7,"(n,Xt)",0.01858364256242489,2.188677441860174e-05
