cell,nuclide,score,mean,std. dev.
30,Li6,"(n,Xt)",1.1586919903509139,0.0007310082887857685
30,Li7,"(n,Xt)",0.03120889690136607,0.00011514821894022019
27,Li6,"(n,Xt)",0.12653541431045462,0.000310806362726114
27,Li7,"(n,Xt)",0.01818455030641908,2.0883127112958797e-05
