cell,nuclide,score,mean,std. dev.
40,Li6,"(n,Xt)",1.1623098957913247,0.0007606120192065674
40,Li7,"(n,Xt)",0.030624262451804295,0.00011869349725538374
37,Li6,"(n,Xt)",0.12604783610343367,0.0003243086103025845
37,Li7,"(n,Xt)",0.01796103445582207,2.179692222992908e-05
