cell,nuclide,score,mean,std. dev.
50,Li6,"(n,Xt)",1.1654448048257393,0.0015940851245666626
50,Li7,"(n,Xt)",0.029986308831823776,0.00011019230774519939
47,Li6,"(n,Xt)",0.1254716737776765,0.00024270378128694436
47,Li7,"(n,Xt)",0.017714804710402335,1.959422196872011e-05
