cell,nuclide,score,mean,std. dev.
60,Li6,"(n,Xt)",1.1672406379345444,0.0010726065058806395
60,Li7,"(n,Xt)",0.029281621139653997,0.00011048374345727418
57,Li6,"(n,Xt)",0.1245247332425391,0.00027242434102179187
57,Li7,"(n,Xt)",0.01744428645190563,2.029277628192397e-05
