cell,nuclide,score,mean,std. dev.
70,Li6,"(n,Xt)",1.1691398255128258,0.001997998616006971
70,Li7,"(n,Xt)",0.02852498542894243,0.00011916462250809284
67,Li6,"(n,Xt)",0.12321895841971087,0.00022155693342815552
67,Li7,"(n,Xt)",0.01713791069757246,1.8467186605514354e-05
