cell,nuclide,score,mean,std. dev.
80,Li6,"(n,Xt)",1.1730101869528478,0.0009941817333014222
80,Li7,"(n,Xt)",0.027656265262746938,0.0001289125064357528
77,Li6,"(n,Xt)",0.12218572785228068,0.0002718427245069998
77,Li7,"(n,Xt)",0.01680741040185041,1.609447529098593e-05
