cell,nuclide,score,mean,std. dev.
90,Li6,"(n,Xt)",1.1775795732509389,0.001139404694163607
90,Li7,"(n,Xt)",0.02677803169137753,0.00012151691507636248
87,Li6,"(n,Xt)",0.12095117607827477,0.00021482468829392835
87,Li7,"(n,Xt)",0.01643048217510082,1.5351640838051393e-05
