cell,nuclide,score,mean,std. dev.
110,Li6,"(n,Xt)",1.1831671484084691,0.00072479510397859
110,Li7,"(n,Xt)",0.02470910527776373,9.671749712749041e-05
107,Li6,"(n,Xt)",0.11777279971451374,0.00022422449392908969
107,Li7,"(n,Xt)",0.015527742204947906,1.521878548157269e-05
