cell,nuclide,score,mean,std. dev.
20,Li6,"(n,Xt)",1.1566691584104445,0.0010199431037662444
20,Li7,"(n,Xt)",0.031740246309026866,0.00010613065401571119
17,Li6,"(n,Xt)",0.1270242181362134,0.00026961618100439336
17,Li7,"(n,Xt)",0.018393309276987624,2.1789928899442467e-05
