cell,nuclide,score,mean,std. dev.
120,Li6,"(n,Xt)",1.1874086165259778,0.001478369919943126
120,Li7,"(n,Xt)",0.023463770770758844,8.467230882857262e-05
117,Li6,"(n,Xt)",0.11551096990347076,0.00019514404126182793
117,Li7,"(n,Xt)",0.014983789037995559,1.7243025823520698e-05
