cell,nuclide,score,mean,std. dev.
130,Li6,"(n,Xt)",1.1913974153224576,0.0007995926080905696
130,Li7,"(n,Xt)",0.02210405808081583,8.326095223427412e-05
127,Li6,"(n,Xt)",0.11349635146806314,0.0002072525038718647
127,Li7,"(n,Xt)",0.014366645008674206,1.749076200867425e-05
