cell,nuclide,score,mean,std. dev.
140,Li6,"(n,Xt)",1.196775477967185,0.0011285680997244539
140,Li7,"(n,Xt)",0.02055307603539388,7.531507570803062e-05
137,Li6,"(n,Xt)",0.110770319908613,9.921163084704467e-05
137,Li7,"(n,Xt)",0.013640822500774571,1.503072129145213e-05
