cell,nuclide,score,mean,std. dev.
150,Li6,"(n,Xt)",1.1995545843314963,0.0012791066757896034
150,Li7,"(n,Xt)",0.018779562282381215,6.144261735971986e-05
147,Li6,"(n,Xt)",0.10638676992966638,0.00018774188529257585
147,Li7,"(n,Xt)",0.012772444937878219,1.305504271863341e-05
