cell,nuclide,score,mean,std. dev.
160,Li6,"(n,Xt)",1.2069761453530725,0.001576480029271884
160,Li7,"(n,Xt)",0.016716047008144982,5.111323070378497e-05
157,Li6,"(n,Xt)",0.10161370709064979,0.00012745064592123708
157,Li7,"(n,Xt)",0.011721743352796988,1.1474177018236187e-05
