cell,nuclide,score,mean,std. dev.
170,Li6,"(n,Xt)",1.207786543391674,0.0010493377656028214
170,Li7,"(n,Xt)",0.014344709754418438,3.8871025128906965e-05
167,Li6,"(n,Xt)",0.0956741858293596,0.00015951885750337564
167,Li7,"(n,Xt)",0.0104381512285474,1.1816624595510146e-05
