cell,nuclide,score,mean,std. dev.
180,Li6,"(n,Xt)",1.2083262780176942,0.0012564053129276334
180,Li7,"(n,Xt)",0.011583283493537967,2.9424844606797443e-05
177,Li6,"(n,Xt)",0.08688496726090336,8.47888380152275e-05
177,Li7,"(n,Xt)",0.008828412735938668,8.459211721289306e-06
