cell,nuclide,score,mean,std. dev.
190,Li6,"(n,Xt)",1.190996877458065,0.0008121964797432408
190,Li7,"(n,Xt)",0.008355149810937237,2.8095824280782957e-05
187,Li6,"(n,Xt)",0.0739734828454408,0.0001111404056781429
187,Li7,"(n,Xt)",0.006748578481070426,6.979563334101608e-06
