cell,nuclide,score,mean,std. dev.
10,Li6,"(n,Xt)",0.32611341764921814,0.00034070118175313826
10,Li7,"(n,Xt)",0.035608012746335495,0.00010604376178517047
6,Li6,"(n,Xt)",0.0007947396768123333,1.8554815631028906e-06
6,Li7,"(n,Xt)",0.01885498097948414,2.39479572194199e-05
