cell,nuclide,score,mean,std. dev.
30,Li6,"(n,Xt)",1.1772219095368972,0.0009277388282056621
30,Li7,"(n,Xt)",0.029989934674985858,9.488672954958506e-05
27,Li6,"(n,Xt)",0.16803442021324158,0.0003018374875037498
27,Li7,"(n,Xt)",0.016060972858610887,1.9616001144814512e-05
