cell,nuclide,score,mean,std. dev.
40,Li6,"(n,Xt)",1.1718197480124093,0.0011550862847082854
40,Li7,"(n,Xt)",0.026287688468442778,8.132849518828039e-05
37,Li6,"(n,Xt)",0.21235235287027857,0.00020365038632480306
37,Li7,"(n,Xt)",0.014190478182260647,1.6565606250185244e-05
