cell,nuclide,score,mean,std. dev.
50,Li6,"(n,Xt)",1.144963915818531,0.0016072513634823918
50,Li7,"(n,Xt)",0.017278681049044294,4.890390205382457e-05
47,Li6,"(n,Xt)",0.28459137331020173,0.00026659058964955117
47,Li7,"(n,Xt)",0.009493273664947512,1.137843409439059e-05
