cell,nuclide,score,mean,std. dev.
20,Li6,"(n,Xt)",1.1627603255624273,0.0014974930094800887
20,Li7,"(n,Xt)",0.0327909523989164,0.00010437685081686964
17,Li6,"(n,Xt)",0.11920808686855637,0.00020681737660312828
17,Li7,"(n,Xt)",0.017464230659765035,2.1577235532259166e-05
