cell,nuclide,score,mean,std. dev.
60,Li6,"(n,Xt)",1.1170874465411287,0.0011649428367631431
60,Li7,"(n,Xt)",0.008513025578946964,2.780363389011406e-05
57,Li6,"(n,Xt)",0.33349153207938326,0.000600296458661764
57,Li7,"(n,Xt)",0.004760415634987797,5.989410922368734e-06
