cell,nuclide,score,mean,std. dev.
70,Li6,"(n,Xt)",1.09683740197904,0.0012812182037760923
70,Li7,"(n,Xt)",3.3570395347311807e-06,1.1494262400501195e-08
67,Li6,"(n,Xt)",0.37054980806366156,0.0003432210947156338
67,Li7,"(n,Xt)",1.9105285339649207e-06,2.482331714832446e-09
