cell,nuclide,score,mean,std. dev.
10,Li6,"(n,Xt)",0.7765525397165797,0.0012842679422459889
10,Li7,"(n,Xt)",0.03248907421234147,0.0001117643098934313
6,Li6,"(n,Xt)",0.5118044003869763,0.0012001524193080812
6,Li7,"(n,Xt)",0.02076639585262861,3.145739522063157e-05
