cell,nuclide,score,mean,std. dev.
30,Li6,"(n,Xt)",0.7781819711819761,0.0014690593754074215
30,Li7,"(n,Xt)",0.03151688396870049,0.0001177269275076863
27,Li6,"(n,Xt)",0.5108881259848246,0.0013219976113834951
27,Li7,"(n,Xt)",0.02030511385430903,2.515616722686112e-05
