cell,nuclide,score,mean,std. dev.
40,Li6,"(n,Xt)",0.7791380982316378,0.001666200525160073
40,Li7,"(n,Xt)",0.030962590770735043,0.00011981381426270234
37,Li6,"(n,Xt)",0.5102684440408445,0.0006564109204259795
37,Li7,"(n,Xt)",0.020059180014442547,2.6071177139161465e-05
