cell,nuclide,score,mean,std. dev.
50,Li6,"(n,Xt)",0.7818245238991123,0.001033808769935346
50,Li7,"(n,Xt)",0.030362941635216457,0.00013284055970698194
47,Li6,"(n,Xt)",0.5092392403269597,0.001122915447471147
47,Li7,"(n,Xt)",0.019791231753817327,2.638799010762253e-05
