cell,nuclide,score,mean,std. dev.
60,Li6,"(n,Xt)",0.7783618007099466,0.0011399030191047842
60,Li7,"(n,Xt)",0.0297000311439019,0.00011181045038288915
57,Li6,"(n,Xt)",0.5087846451603173,0.0008827877813126506
57,Li7,"(n,Xt)",0.019489359297667933,2.3212627616868375e-05
