cell,nuclide,score,mean,std. dev.
70,Li6,"(n,Xt)",0.7818872392079141,0.0012836114461595306
70,Li7,"(n,Xt)",0.028985620031802356,9.92205293869603e-05
67,Li6,"(n,Xt)",0.5072906481870788,0.0007015634270912446
67,Li7,"(n,Xt)",0.019144778390991816,1.9588687000114846e-05
