cell,nuclide,score,mean,std. dev.
80,Li6,"(n,Xt)",0.7823480545245647,0.0010649512214377594
80,Li7,"(n,Xt)",0.028163740068868837,0.00010292277975300557
77,Li6,"(n,Xt)",0.5065707028875444,0.0009079874529106128
77,Li7,"(n,Xt)",0.018781086106925915,2.5538077296803044e-05
