cell,nuclide,score,mean,std. dev.
90,Li6,"(n,Xt)",0.7820860812125002,0.0008986410453838863
90,Li7,"(n,Xt)",0.027290000427982197,8.478092619358519e-05
87,Li6,"(n,Xt)",0.506220688185514,0.000872269952987515
87,Li7,"(n,Xt)",0.01837432415490028,2.353064892021635e-05
