cell,nuclide,score,mean,std. dev.
100,Li6,"(n,Xt)",0.7830296136778795,0.0011800390401653991
100,Li7,"(n,Xt)",0.026374284496950933,6.29222223607193e-05
97,Li6,"(n,Xt)",0.5046196095475585,0.0007612913638185292
97,Li7,"(n,Xt)",0.017881191823528257,1.897174901950973e-05
