cell,nuclide,score,mean,std. dev.
110,Li6,"(n,Xt)",0.7815306780372676,0.0010554612009004022
110,Li7,"(n,Xt)",0.025271551094428725,5.4487542742385514e-05
107,Li6,"(n,Xt)",0.5028211893014566,0.0008577611937447177
107,Li7,"(n,Xt)",0.017361597233773406,1.6334476125423308e-05
