cell,nuclide,score,mean,std. dev.
140,Li6,"(n,Xt)",0.7801232729786223,0.0007997182200160135
140,Li7,"(n,Xt)",0.021192489847742888,4.504890961139898e-05
137,Li6,"(n,Xt)",0.4966581194249198,0.0010937926298028285
137,Li7,"(n,Xt)",0.015236734517771203,1.4015542763334613e-05
