cell,nuclide,score,mean,std. dev.
150,Li6,"(n,Xt)",0.7784046373552487,0.0009850574661576406
150,Li7,"(n,Xt)",0.019467413155696757,4.948672525977381e-05
147,Li6,"(n,Xt)",0.4930662901096909,0.0009207247297964913
147,Li7,"(n,Xt)",0.014278434463567965,1.688255197537164e-05
