cell,nuclide,score,mean,std. dev.
160,Li6,"(n,Xt)",0.7749615530183658,0.0007651826118456254
160,Li7,"(n,Xt)",0.017389856449641198,4.2283555442028494e-05
157,Li6,"(n,Xt)",0.4879879458466809,0.0009102036257735782
157,Li7,"(n,Xt)",0.01310215365014195,1.6301562927495466e-05
