cell,nuclide,score,mean,std. dev.
170,Li6,"(n,Xt)",0.7664086009813345,0.0009941078152023396
170,Li7,"(n,Xt)",0.015047121322645495,2.4115506838344893e-05
167,Li6,"(n,Xt)",0.4796035661267327,0.0006388000049389399
167,Li7,"(n,Xt)",0.011675492719429097,1.373009244640744e-05
