cell,nuclide,score,mean,std. dev.
180,Li6,"(n,Xt)",0.7558765676315794,0.0009551797112466876
180,Li7,"(n,Xt)",0.012225635436849005,3.216193381313111e-05
177,Li6,"(n,Xt)",0.4661527108005383,0.0004787913609468495
177,Li7,"(n,Xt)",0.009865979371048429,1.4123159953300097e-05
