cell,nuclide,score,mean,std. dev.
190,Li6,"(n,Xt)",0.7288577618631129,0.0007781063255785763
190,Li7,"(n,Xt)",0.00886111422516081,2.5173465768744158e-05
187,Li6,"(n,Xt)",0.4414199410864116,0.000795462993099409
187,Li7,"(n,Xt)",0.00753759488146085,1.1200704261295724e-05
