cell,nuclide,score,mean,std. dev.
6,Li6,"(n,Xt)",0.07703398520706423,0.00017948970280238306
6,Li7,"(n,Xt)",0.0192413433150477,2.329017703524906e-05
10,Li6,"(n,Xt)",0.9807925365279895,0.0007553161071931368
10,Li7,"(n,Xt)",0.08682250629992914,0.0001290093505160113
13,Li6,"(n,Xt)",0.009678888666509258,0.00013210966091947366
13,Li7,"(n,Xt)",0.0001882481282606049,6.1022172819789805e-06
