cell,nuclide,score,mean,std. dev.
20,Li6,"(n,Xt)",0.07732207297789942,8.180453160901036e-05
20,Li7,"(n,Xt)",0.01904388906346541,2.52190875261202e-05
23,Li6,"(n,Xt)",0.6492871172827741,0.0005369180615807467
23,Li7,"(n,Xt)",0.06835127519691224,9.452860858426256e-05
26,Li6,"(n,Xt)",0.3601885767519289,0.0006748866197728329
26,Li7,"(n,Xt)",0.01582344932640905,4.4002544207369466e-05
