cell,nuclide,score,mean,std. dev.
40,Li6,"(n,Xt)",1.0388494248202769,0.001525607972513501
40,Li7,"(n,Xt)",0.06230711611342928,0.00012537691909579653
37,Li6,"(n,Xt)",0.13478244012943508,0.00033116616964480556
37,Li7,"(n,Xt)",0.014733299299546906,2.5383221913059425e-05
