cell,nuclide,score,mean,std. dev.
50,Li6,"(n,Xt)",1.0326084246626155,0.0012429350363315317
50,Li7,"(n,Xt)",0.04089583935293313,9.179492324509546e-05
47,Li6,"(n,Xt)",0.17321462281457906,0.00020595049027621906
47,Li7,"(n,Xt)",0.009843691293755731,1.6752992282180707e-05
