cell,nuclide,score,mean,std. dev.
20,Li6,"(n,Xt)",1.0169626933422857,0.001814084448476495
20,Li7,"(n,Xt)",0.07771322824265245,0.00016588879551316646
17,Li6,"(n,Xt)",0.08353572019516278,0.00016378278323067076
17,Li7,"(n,Xt)",0.01814616156648422,3.2466773370824606e-05
