cell,nuclide,score,mean,std. dev.
60,Li6,"(n,Xt)",1.0218663660972738,0.0010306135021787097
60,Li7,"(n,Xt)",0.020131961196371513,4.8525773243129974e-05
57,Li6,"(n,Xt)",0.1993483418957938,0.0002913546473767246
57,Li7,"(n,Xt)",0.004930691799911383,8.643089056879255e-06
