cell,nuclide,score,mean,std. dev.
70,Li6,"(n,Xt)",1.012639211378526,0.0008597603757882038
70,Li7,"(n,Xt)",7.922811577405992e-06,1.905260633769205e-08
67,Li6,"(n,Xt)",0.21851911785691205,0.0005766030482376531
67,Li7,"(n,Xt)",1.9765531118699512e-06,3.3143822786985017e-09
