cell,nuclide,score,mean,std. dev.
10,Li6,"(n,Xt)",0.28155929739448143,0.0004283678456335296
10,Li7,"(n,Xt)",0.05686081936739311,0.00015145436778024376
6,Li6,"(n,Xt)",0.0007512829932284163,3.1022985465771817e-06
6,Li7,"(n,Xt)",0.017038446437274805,1.7057503771211673e-05
