cell,nuclide,score,mean,std. dev.
30,Li6,"(n,Xt)",1.1382694299724427,0.0012014921406349086
30,Li7,"(n,Xt)",0.04795390810641148,0.00012387704053524218
27,Li6,"(n,Xt)",0.11867747426034916,0.00013966537142520876
27,Li7,"(n,Xt)",0.01450897024252718,1.4903986391571299e-05
