cell,nuclide,score,mean,std. dev.
40,Li6,"(n,Xt)",1.1433584241726589,0.0013097877212402008
40,Li7,"(n,Xt)",0.0421078920305136,0.00010103168524025632
37,Li6,"(n,Xt)",0.14658240198722544,0.00026376940852157693
37,Li7,"(n,Xt)",0.012816477852952776,1.3407038631978627e-05
