cell,nuclide,score,mean,std. dev.
50,Li6,"(n,Xt)",1.1336231635971814,0.001439769678134097
50,Li7,"(n,Xt)",0.027730461587302052,7.087898775874156e-05
47,Li6,"(n,Xt)",0.1922206865830167,0.0004513228166111827
47,Li7,"(n,Xt)",0.00857051279042065,9.454562739006494e-06
