cell,nuclide,score,mean,std. dev.
20,Li6,"(n,Xt)",1.1155672032193058,0.0014264924477176658
20,Li7,"(n,Xt)",0.05236648222253317,0.0001397571891532364
17,Li6,"(n,Xt)",0.08754580175701929,0.00020405777464114794
17,Li7,"(n,Xt)",0.015775566568867465,1.4874550668418774e-05
