cell,nuclide,score,mean,std. dev.
60,Li6,"(n,Xt)",1.123802810790674,0.001406769246989559
60,Li7,"(n,Xt)",0.01370015362609663,3.23898622593835e-05
57,Li6,"(n,Xt)",0.224836399531063,0.0004461933274098967
57,Li7,"(n,Xt)",0.0042977820988883125,4.335644510154849e-06
