cell,nuclide,score,mean,std. dev.
70,Li6,"(n,Xt)",1.109854275747793,0.0007831043779777244
70,Li7,"(n,Xt)",5.4110764752609125e-06,1.3821424056164867e-08
67,Li6,"(n,Xt)",0.2494332235290663,0.0004316963566092198
67,Li7,"(n,Xt)",1.7247791620233082e-06,1.4276728881908172e-09
