cell,nuclide,score,mean,std. dev.
10,Li6,"(n,Xt)",0.18253591455489418,0.0001908380296466339
10,Li7,"(n,Xt)",0.03160099587720443,6.488883653900809e-05
6,Li6,"(n,Xt)",0.0005172689604250194,1.387501928519856e-06
6,Li7,"(n,Xt)",0.011067794147824281,1.4588965826794638e-05
