cell,nuclide,score,mean,std. dev.
30,Li6,"(n,Xt)",1.2206383092915105,0.0012215033415912927
30,Li7,"(n,Xt)",0.02679300791374316,5.460088882149585e-05
27,Li6,"(n,Xt)",0.10466434905968007,0.0001523263224548407
27,Li7,"(n,Xt)",0.009429030277740186,1.2080437316359172e-05
