cell,nuclide,score,mean,std. dev.
40,Li6,"(n,Xt)",1.2404677480594337,0.0008038868547193303
40,Li7,"(n,Xt)",0.02360803779332975,4.8235075037817094e-05
37,Li6,"(n,Xt)",0.12995609439812372,0.0002621708945832152
37,Li7,"(n,Xt)",0.008333922658264924,1.0101330483043696e-05
