cell,nuclide,score,mean,std. dev.
50,Li6,"(n,Xt)",1.248749716684233,0.0013471181364174748
50,Li7,"(n,Xt)",0.015647828926602554,3.0263218192182537e-05
47,Li6,"(n,Xt)",0.17276453114461263,0.0003565820606506491
47,Li7,"(n,Xt)",0.005579634485019779,6.429651417256402e-06
