cell,nuclide,score,mean,std. dev.
60,Li6,"(n,Xt)",1.2437030733543186,0.0011146767912998715
60,Li7,"(n,Xt)",0.007788083402170867,1.515841463600083e-05
57,Li6,"(n,Xt)",0.20294203749272555,0.0003543570201151917
57,Li7,"(n,Xt)",0.0028004358003200507,3.1260363397631623e-06
