cell,nuclide,score,mean,std. dev.
70,Li6,"(n,Xt)",1.2366932584578905,0.0011453879382854223
70,Li7,"(n,Xt)",3.1006751600763743e-06,5.423098925330676e-09
67,Li6,"(n,Xt)",0.22624112746596126,0.000364356472076986
67,Li7,"(n,Xt)",1.1250845220224296e-06,1.2789561210603558e-09
