cell,nuclide,score,mean,std. dev.
30,Li6,"(n,Xt)",1.0084268369802658,0.0011676848326131444
30,Li7,"(n,Xt)",0.07904256403732138,0.00010040406587600574
27,Li6,"(n,Xt)",0.10224526189074615,0.000275863346149027
27,Li7,"(n,Xt)",0.01759993265461612,2.174737042128774e-05
