cell,nuclide,score,mean,std. dev.
60,Li6,"(n,Xt)",0.9973543944117849,0.0008451816586115659
60,Li7,"(n,Xt)",0.02230857926651323,3.058825305851517e-05
57,Li6,"(n,Xt)",0.1847739327626038,0.00048348972122978854
57,Li7,"(n,Xt)",0.005198604172884445,5.000252622273108e-06
