cell,nuclide,score,mean,std. dev.
20,Li6,"(n,Xt)",0.08080412253909211,0.0001115457439141748
20,Li7,"(n,Xt)",0.019049177839248095,2.601733915143766e-05
23,Li6,"(n,Xt)",0.43556384969720413,0.00046463891896707097
23,Li7,"(n,Xt)",0.04639869545274513,4.736417842081731e-05
26,Li6,"(n,Xt)",0.6073755552762516,0.0009104748612457056
26,Li7,"(n,Xt)",0.0327447831210474,5.1771223854132e-05
