cell,nuclide,score,mean,std. dev.
30,Li6,"(n,Xt)",1.2185808329114711,0.0009047553596633203
30,Li7,"(n,Xt)",0.0278046593101477,5.812901468533294e-05
27,Li6,"(n,Xt)",0.10573812388790657,9.234628177242603e-05
27,Li7,"(n,Xt)",0.009702192576729825,1.2461752817638853e-05
