cell,nuclide,score,mean,std. dev.
40,Li6,"(n,Xt)",1.23670352446361,0.0010094769848111391
40,Li7,"(n,Xt)",0.024473447028590008,4.8231245055281676e-05
37,Li6,"(n,Xt)",0.13169357974784043,0.00018232651068310379
37,Li7,"(n,Xt)",0.008573783142083955,1.0385987950532953e-05
