cell,nuclide,score,mean,std. dev.
50,Li6,"(n,Xt)",1.243298112886274,0.0010904787136008017
50,Li7,"(n,Xt)",0.01623109574823829,3.465684206286398e-05
47,Li6,"(n,Xt)",0.17454006008208636,0.0003970280296332231
47,Li7,"(n,Xt)",0.005740695766950585,6.634705265821208e-06
