cell,nuclide,score,mean,std. dev.
20,Li6,"(n,Xt)",1.1795156627840544,0.0012251900284106156
20,Li7,"(n,Xt)",0.03029564508906534,6.0759023017403026e-05
17,Li6,"(n,Xt)",0.07660604338227045,0.0001490695339588583
17,Li7,"(n,Xt)",0.010546884921637287,1.3521741789700421e-05
