cell,nuclide,score,mean,std. dev.
60,Li6,"(n,Xt)",1.237701868649271,0.0014991751789930686
60,Li7,"(n,Xt)",0.00806967395117014,1.76133174349331e-05
57,Li6,"(n,Xt)",0.20517107479266117,0.0003132459872266226
57,Li7,"(n,Xt)",0.002881197139196732,3.563292268053764e-06
