cell,nuclide,score,mean,std. dev.
70,Li6,"(n,Xt)",1.2293750048107916,0.001223556330756873
70,Li7,"(n,Xt)",3.210776456945058e-06,6.3557800303488e-09
67,Li6,"(n,Xt)",0.2279263606268805,0.00023465459331248177
67,Li7,"(n,Xt)",1.1575282241071935e-06,1.4214032152228414e-09
