cell,nuclide,score,mean,std. dev.
30,Li6,"(n,Xt)",0.856301938791584,0.0010564949110006686
30,Li7,"(n,Xt)",0.11885543982565983,0.00020722493396666369
27,Li6,"(n,Xt)",0.10808083274914448,0.0002443428069800982
27,Li7,"(n,Xt)",0.03715496191038622,5.515103934836129e-05
