cell,nuclide,score,mean,std. dev.
40,Li6,"(n,Xt)",0.8563019387915876,0.0010564949109889924
40,Li7,"(n,Xt)",0.11885543982565991,0.00020722493396666369
37,Li6,"(n,Xt)",0.10808083274914423,0.0002443428069800982
37,Li7,"(n,Xt)",0.03715496191038623,5.515103934792443e-05
