cell,nuclide,score,mean,std. dev.
50,Li6,"(n,Xt)",0.8563019387915938,0.0010564949109948304
50,Li7,"(n,Xt)",0.11885543982565952,0.00020722493396666369
47,Li6,"(n,Xt)",0.10808083274914337,0.0002443428069793093
47,Li7,"(n,Xt)",0.037154961910386246,5.5151039349016586e-05
