cell,nuclide,score,mean,std. dev.
20,Li6,"(n,Xt)",0.8563019387915919,0.0010564949109889924
20,Li7,"(n,Xt)",0.11885543982565994,0.0002072249339648034
17,Li6,"(n,Xt)",0.10808083274914433,0.0002443428069785205
17,Li7,"(n,Xt)",0.03715496191038622,5.515103934836129e-05
