cell,nuclide,score,mean,std. dev.
60,Li6,"(n,Xt)",0.8563019387915874,0.0010564949109948304
60,Li7,"(n,Xt)",0.11885543982566002,0.00020722493396759382
57,Li6,"(n,Xt)",0.10808083274914415,0.00024434280697891494
57,Li7,"(n,Xt)",0.03715496191038622,5.515103934836129e-05
