cell,nuclide,score,mean,std. dev.
70,Li6,"(n,Xt)",0.8563019387915929,0.0010564949109948304
70,Li7,"(n,Xt)",0.11885543982565956,0.0002072249339661986
67,Li6,"(n,Xt)",0.10808083274914367,0.00024434280697891494
67,Li7,"(n,Xt)",0.03715496191038624,5.515103934836129e-05
