cell,nuclide,score,mean,std. dev.
10,Li6,"(n,Xt)",1.097522484352799,0.0009172590317238765
10,Li7,"(n,Xt)",0.05751196503634668,9.28039110382291e-05
6,Li6,"(n,Xt)",0.09977960956365518,0.00018559309097054033
6,Li7,"(n,Xt)",0.018789280388744816,2.1086967400326056e-05
