cell,nuclide,score,mean,std. dev.
30,Li6,"(n,Xt)",1.1039982112782463,0.0013248170115939427
30,Li7,"(n,Xt)",0.05560145101112844,0.00010616137840917926
27,Li6,"(n,Xt)",0.09913674131318181,0.00016103878297588626
27,Li7,"(n,Xt)",0.018375840852397952,2.1439793815067972e-05
