cell,nuclide,score,mean,std. dev.
40,Li6,"(n,Xt)",1.106929691976763,0.001438135285912025
40,Li7,"(n,Xt)",0.05458494983885097,0.00010375918424432
37,Li6,"(n,Xt)",0.09869681267779438,0.0001839536283792087
37,Li7,"(n,Xt)",0.018150907476078667,2.2608449579460216e-05
