cell,nuclide,score,mean,std. dev.
50,Li6,"(n,Xt)",1.11079510784636,0.0009559935130913873
50,Li7,"(n,Xt)",0.05345191548441194,7.566054182573564e-05
47,Li6,"(n,Xt)",0.09824532243649461,0.00023822827092260127
47,Li7,"(n,Xt)",0.017900681336177605,1.8851216079614104e-05
