cell,nuclide,score,mean,std. dev.
60,Li6,"(n,Xt)",1.113423411586128,0.0008964847161982053
60,Li7,"(n,Xt)",0.05219192404812043,8.52025394485717e-05
57,Li6,"(n,Xt)",0.09836690826342796,0.00022232865300207528
57,Li7,"(n,Xt)",0.01762465749287037,2.140852519185245e-05
