cell,nuclide,score,mean,std. dev.
90,Li6,"(n,Xt)",1.130034864059901,0.0010999481115603884
90,Li7,"(n,Xt)",0.04771963755308338,8.742046081901397e-05
87,Li6,"(n,Xt)",0.09665743220200554,0.00024085050974895442
87,Li7,"(n,Xt)",0.016592062939979405,1.9475338882225903e-05
