cell,nuclide,score,mean,std. dev.
100,Li6,"(n,Xt)",1.1372671479394791,0.0006774825792042479
100,Li7,"(n,Xt)",0.0459275487420638,9.287731265963996e-05
97,Li6,"(n,Xt)",0.09575778014247299,0.0001364287267487613
97,Li7,"(n,Xt)",0.016168811786500547,1.8393774231833933e-05
