cell,nuclide,score,mean,std. dev.
110,Li6,"(n,Xt)",1.1434909654842083,0.0008085093613130574
110,Li7,"(n,Xt)",0.04394220809547088,0.0001028609137411943
107,Li6,"(n,Xt)",0.0949245488118128,0.0002197645852925332
107,Li7,"(n,Xt)",0.015672823981304193,1.7807637593970023e-05
