cell,nuclide,score,mean,std. dev.
20,Li6,"(n,Xt)",1.099944929780007,0.0014763127042219646
20,Li7,"(n,Xt)",0.05655416148647498,8.284961913056918e-05
17,Li6,"(n,Xt)",0.09951583327008665,0.00017294851000791188
17,Li7,"(n,Xt)",0.018595496079816344,2.1290580057447246e-05
