cell,nuclide,score,mean,std. dev.
120,Li6,"(n,Xt)",1.1498305834960934,0.0007299785452613052
120,Li7,"(n,Xt)",0.04165415295914112,7.794918028422377e-05
117,Li6,"(n,Xt)",0.0937975416360357,0.0001771011325995141
117,Li7,"(n,Xt)",0.015122024634242595,1.9893779588428525e-05
