cell,nuclide,score,mean,std. dev.
130,Li6,"(n,Xt)",1.1578745052526433,0.0007221199858598172
130,Li7,"(n,Xt)",0.0391422601026496,9.014330234203251e-05
127,Li6,"(n,Xt)",0.09248884720616699,0.00020667223961059504
127,Li7,"(n,Xt)",0.014491718332089856,1.993126611895246e-05
