cell,nuclide,score,mean,std. dev.
140,Li6,"(n,Xt)",1.167527385012113,0.0013318634716759543
140,Li7,"(n,Xt)",0.03637649682337435,7.832183031020716e-05
137,Li6,"(n,Xt)",0.09043092665723196,9.840173215549989e-05
137,Li7,"(n,Xt)",0.013752964814616344,1.6250108849238385e-05
