cell,nuclide,score,mean,std. dev.
150,Li6,"(n,Xt)",1.1773064747031488,0.001021925183694675
150,Li7,"(n,Xt)",0.0332615950242021,7.062344176039984e-05
147,Li6,"(n,Xt)",0.08855089911332029,0.0002052171079590607
147,Li7,"(n,Xt)",0.012875918589413065,1.4237325952333432e-05
