cell,nuclide,score,mean,std. dev.
160,Li6,"(n,Xt)",1.183819578986171,0.0009108842389276586
160,Li7,"(n,Xt)",0.029601070143178143,5.2603082377400065e-05
157,Li6,"(n,Xt)",0.08540798323051166,0.00015942101566253995
157,Li7,"(n,Xt)",0.011811441463638755,1.397731711133391e-05
