cell,nuclide,score,mean,std. dev.
170,Li6,"(n,Xt)",1.1930141177469396,0.0010181463381053442
170,Li7,"(n,Xt)",0.025449642135666372,4.155315192671457e-05
167,Li6,"(n,Xt)",0.08097826826691282,0.00015716689462733698
167,Li7,"(n,Xt)",0.010509377456775994,1.2962579122186723e-05
