cell,nuclide,score,mean,std. dev.
180,Li6,"(n,Xt)",1.1985224480992325,0.0012500957568882991
180,Li7,"(n,Xt)",0.0205177042745038,2.2805936082638106e-05
177,Li6,"(n,Xt)",0.07527594590362122,0.00020686288326752375
177,Li7,"(n,Xt)",0.008882547855603723,8.553252426064437e-06
