cell,nuclide,score,mean,std. dev.
190,Li6,"(n,Xt)",1.19066076911727,0.0009574370171267351
190,Li7,"(n,Xt)",0.014744886080551686,2.3315262033918072e-05
187,Li6,"(n,Xt)",0.06562661670543395,9.4726549234958e-05
187,Li7,"(n,Xt)",0.006782069323995543,7.506070426052758e-06
