cell,nuclide,score,mean,std. dev.
10,Li6,"(n,Xt)",0.7246871544802954,0.0014244335725589526
10,Li7,"(n,Xt)",0.027995689174871184,7.59573813000102e-05
6,Li6,"(n,Xt)",0.568433236226934,0.001002070779991785
6,Li7,"(n,Xt)",0.02079009663405447,2.695343952149299e-05
