cell,nuclide,score,mean,std. dev.
30,Li6,"(n,Xt)",0.7242575862017905,0.0009862956288037236
30,Li7,"(n,Xt)",0.027163387418396363,6.761238555716144e-05
27,Li6,"(n,Xt)",0.5665607427621661,0.0009957729649525003
27,Li7,"(n,Xt)",0.020325686981450104,2.5655213623878306e-05
