cell,nuclide,score,mean,std. dev.
40,Li6,"(n,Xt)",0.7245698640613837,0.001589320659597943
40,Li7,"(n,Xt)",0.026714794709759522,7.819086262603452e-05
37,Li6,"(n,Xt)",0.5671806068931724,0.001052643438011964
37,Li7,"(n,Xt)",0.0200809493309864,2.205248400403236e-05
