cell,nuclide,score,mean,std. dev.
50,Li6,"(n,Xt)",0.7250937055990934,0.0015469622949489895
50,Li7,"(n,Xt)",0.026175747152295176,9.387024831296812e-05
47,Li6,"(n,Xt)",0.5665905357354258,0.0011708196510373556
47,Li7,"(n,Xt)",0.019806856870641876,2.364786475214135e-05
