cell,nuclide,score,mean,std. dev.
60,Li6,"(n,Xt)",0.7241603836197444,0.0006540040345526715
60,Li7,"(n,Xt)",0.025628004761524704,8.333319102470718e-05
57,Li6,"(n,Xt)",0.5652883384016525,0.0008318799247463808
57,Li7,"(n,Xt)",0.01951680507045754,2.1642002693582964e-05
