cell,nuclide,score,mean,std. dev.
70,Li6,"(n,Xt)",0.7245444082177639,0.0005943135101817765
70,Li7,"(n,Xt)",0.025021894643966598,8.92947702898507e-05
67,Li6,"(n,Xt)",0.5637438563319083,0.0010276975052070849
67,Li7,"(n,Xt)",0.019173622789715825,1.8999642007576434e-05
