cell,nuclide,score,mean,std. dev.
80,Li6,"(n,Xt)",0.7244155855458005,0.0010361498031105881
80,Li7,"(n,Xt)",0.024318886646241145,6.504357622084981e-05
77,Li6,"(n,Xt)",0.5632887384885439,0.0007099976419984895
77,Li7,"(n,Xt)",0.018804508446131442,2.0387218816646737e-05
