cell,nuclide,score,mean,std. dev.
90,Li6,"(n,Xt)",0.7257905658451548,0.0010484526995433582
90,Li7,"(n,Xt)",0.02352639009655599,5.843152749692233e-05
87,Li6,"(n,Xt)",0.5616591845561201,0.0007370984724048626
87,Li7,"(n,Xt)",0.018391650779617432,2.243441726342553e-05
