cell,nuclide,score,mean,std. dev.
100,Li6,"(n,Xt)",0.7249106435708167,0.0008760294181577538
100,Li7,"(n,Xt)",0.022694399508660167,5.663379310491841e-05
97,Li6,"(n,Xt)",0.5612556265557258,0.0007845466630389079
97,Li7,"(n,Xt)",0.0179184088387275,2.3299106238662366e-05
