cell,nuclide,score,mean,std. dev.
20,Li6,"(n,Xt)",0.724933145321747,0.0010263417745575412
20,Li7,"(n,Xt)",0.027574309033851933,7.350470155767276e-05
17,Li6,"(n,Xt)",0.5670830649569547,0.0006779283294466613
17,Li7,"(n,Xt)",0.02056698551580611,2.494471774950846e-05
