cell,nuclide,score,mean,std. dev.
120,Li6,"(n,Xt)",0.7227756387028357,0.0011276729240750892
120,Li7,"(n,Xt)",0.020766115538730444,6.734349507070128e-05
117,Li6,"(n,Xt)",0.5572322243446921,0.00084710649244814
117,Li7,"(n,Xt)",0.016775248071482386,2.2756038159806902e-05
