cell,nuclide,score,mean,std. dev.
130,Li6,"(n,Xt)",0.7247633930363079,0.0009372168677771401
130,Li7,"(n,Xt)",0.019624854860502437,6.433367648027074e-05
127,Li6,"(n,Xt)",0.5543502886131122,0.0006771241206527139
127,Li7,"(n,Xt)",0.01607712358386523,1.6846491407887273e-05
