cell,nuclide,score,mean,std. dev.
140,Li6,"(n,Xt)",0.721974066822037,0.0007925748743678587
140,Li7,"(n,Xt)",0.018341797773448496,5.901793057897625e-05
137,Li6,"(n,Xt)",0.5513038431661522,0.0006235017009912194
137,Li7,"(n,Xt)",0.015259950513289277,1.8031730371741315e-05
