cell,nuclide,score,mean,std. dev.
150,Li6,"(n,Xt)",0.7193231713758881,0.0012543744746148294
150,Li7,"(n,Xt)",0.016852304919229934,5.035962805497661e-05
147,Li6,"(n,Xt)",0.5468316832807517,0.0007253995850527438
147,Li7,"(n,Xt)",0.014297112139843813,1.5748705357660584e-05
