cell,nuclide,score,mean,std. dev.
160,Li6,"(n,Xt)",0.7156572078116913,0.0012734257014403083
160,Li7,"(n,Xt)",0.015054648076650454,3.8425129633853374e-05
157,Li6,"(n,Xt)",0.5407714688658339,0.00121125613995571
157,Li7,"(n,Xt)",0.013118520734343827,1.716647572453278e-05
