cell,nuclide,score,mean,std. dev.
170,Li6,"(n,Xt)",0.7098559350732587,0.0008391906267772474
170,Li7,"(n,Xt)",0.013004427501276958,4.372410814991571e-05
167,Li6,"(n,Xt)",0.531516879250098,0.0008685823209857988
167,Li7,"(n,Xt)",0.011678836219685991,1.3333101000915414e-05
