cell,nuclide,score,mean,std. dev.
180,Li6,"(n,Xt)",0.6969235807056748,0.000982583197131635
180,Li7,"(n,Xt)",0.010612577664084298,2.9692557751654113e-05
177,Li6,"(n,Xt)",0.5171750561301818,0.0005578673997423208
177,Li7,"(n,Xt)",0.009873242689750397,9.52666159876978e-06
