cell,nuclide,score,mean,std. dev.
190,Li6,"(n,Xt)",0.671924488370768,0.0007764605695627879
190,Li7,"(n,Xt)",0.007693355194622486,2.868333522606195e-05
187,Li6,"(n,Xt)",0.4893597014832093,0.0010723646080571705
187,Li7,"(n,Xt)",0.007543707661535429,1.0582592140853814e-05
