cell,nuclide,score,mean,std. dev.
30,Li6,"(n,Xt)",1.1254128724544235,0.0005443791249747892
30,Li7,"(n,Xt)",0.05063661677384451,6.705261561087442e-05
27,Li6,"(n,Xt)",0.13026682236154746,0.00021447426308602078
27,Li7,"(n,Xt)",0.016241446391332202,1.8288447399255723e-05
