cell,nuclide,score,mean,std. dev.
20,Li6,"(n,Xt)",1.1058668046417168,0.0004341810474653692
20,Li7,"(n,Xt)",0.0553535872069391,6.278413892868544e-05
17,Li6,"(n,Xt)",0.09543486008564374,0.00029288989938699376
17,Li7,"(n,Xt)",0.017656848693421084,2.0705205836948264e-05
