cell,nuclide,score,mean,std. dev.
60,Li6,"(n,Xt)",1.0922849821234932,0.0016330231674229977
60,Li7,"(n,Xt)",0.014349934886937398,2.1454861576799076e-05
57,Li6,"(n,Xt)",0.2495261677839899,0.0002905165106830349
57,Li7,"(n,Xt)",0.004806319229355359,6.153443186297418e-06
