cell,nuclide,score,mean,std. dev.
70,Li6,"(n,Xt)",1.0766086260167729,0.0013501538106099004
70,Li7,"(n,Xt)",5.648173335957281e-06,1.0120576631202579e-08
67,Li6,"(n,Xt)",0.2766342377553218,0.0005921271381936375
67,Li7,"(n,Xt)",1.9284069860995164e-06,2.3744377740402666e-09
