cell,nuclide,score,mean,std. dev.
30,Li6,"(n,Xt)",0.9866439224010388,0.0013511962191330678
30,Li7,"(n,Xt)",0.07764933384225675,0.0001642840705154196
27,Li6,"(n,Xt)",0.14539185310359398,0.0003816928573183362
27,Li7,"(n,Xt)",0.019890904813056064,3.168585798687522e-05
