cell,nuclide,score,mean,std. dev.
40,Li6,"(n,Xt)",0.9898373411750141,0.00118911417716651
40,Li7,"(n,Xt)",0.0695508743081568,0.0001412044619277849
37,Li6,"(n,Xt)",0.17299549980982074,0.00020534381641833618
37,Li7,"(n,Xt)",0.017948624139895075,2.745736516567338e-05
