cell,nuclide,score,mean,std. dev.
60,Li6,"(n,Xt)",0.9692490046304012,0.0011312316672044064
60,Li7,"(n,Xt)",0.03065904618227332,6.475021895308238e-05
57,Li6,"(n,Xt)",0.2450127213339235,0.0006047571683806058
57,Li7,"(n,Xt)",0.00819133820557255,1.1601042682494327e-05
