cell,nuclide,score,mean,std. dev.
40,Li6,"(n,Xt)",1.0299951270779766,0.0010547539776109328
40,Li7,"(n,Xt)",0.06644770695922333,0.00014653310533905173
37,Li6,"(n,Xt)",0.12960808332963938,0.0001925811549997861
37,Li7,"(n,Xt)",0.015558757872046896,2.0352339423681714e-05
