cell,nuclide,score,mean,std. dev.
60,Li6,"(n,Xt)",1.009826340824688,0.001708414675667547
60,Li7,"(n,Xt)",0.021394325727967303,4.661648296255963e-05
57,Li6,"(n,Xt)",0.19438384343382345,0.00020449466753817943
57,Li7,"(n,Xt)",0.005210801428627052,6.924941668686712e-06
