cell,nuclide,score,mean,std. dev.
6,Li6,"(n,Xt)",0.07713210245194797,0.00018114147275886301
6,Li7,"(n,Xt)",0.01924295337135657,2.4158399754757777e-05
10,Li6,"(n,Xt)",0.9448732472993979,0.0005854043645491909
10,Li7,"(n,Xt)",0.08572807606627728,0.00011430532393051328
13,Li6,"(n,Xt)",0.04787128245615836,0.0002544236113859753
13,Li7,"(n,Xt)",0.0012569112935598768,2.043732871169812e-05
