cell,nuclide,score,mean,std. dev.
30,Li6,"(n,Xt)",1.1330360826419914,0.001071031939189962
30,Li7,"(n,Xt)",0.047740142373344244,8.31429293379454e-05
27,Li6,"(n,Xt)",0.1346064228124137,0.00024165909971012487
27,Li7,"(n,Xt)",0.01620622386894508,1.8830172093809622e-05
