cell,nuclide,score,mean,std. dev.
40,Li6,"(n,Xt)",1.132388103513975,0.0009496999037483994
40,Li7,"(n,Xt)",0.04187874922994079,7.024296652815465e-05
37,Li6,"(n,Xt)",0.16822060490225235,0.00027825135378292036
37,Li7,"(n,Xt)",0.014318069947626905,1.573505289002388e-05
