cell,nuclide,score,mean,std. dev.
50,Li6,"(n,Xt)",1.115799442877176,0.0010378645777294837
50,Li7,"(n,Xt)",0.027497176814929268,4.380937540149079e-05
47,Li6,"(n,Xt)",0.22240482140760412,0.00027725077752268067
47,Li7,"(n,Xt)",0.009572958180440013,1.1222633305462434e-05
