cell,nuclide,score,mean,std. dev.
60,Li6,"(n,Xt)",1.0941615798620465,0.0010265506160155214
60,Li7,"(n,Xt)",0.01353832617809976,2.1339218213035044e-05
57,Li6,"(n,Xt)",0.2597277116402867,0.0004829081206240165
57,Li7,"(n,Xt)",0.00479907902348939,6.326877236149043e-06
