cell,nuclide,score,mean,std. dev.
70,Li6,"(n,Xt)",1.0796520331832533,0.001262307905585036
70,Li7,"(n,Xt)",5.33106148772587e-06,1.072478882473204e-08
67,Li6,"(n,Xt)",0.28851085535598303,0.0003917567596283821
67,Li7,"(n,Xt)",1.925299381090176e-06,2.4893199625445284e-09
