cell,nuclide,score,mean,std. dev.
40,Li6,"(n,Xt)",1.1678575949608465,0.0014619572077913055
40,Li7,"(n,Xt)",0.027824838663976892,8.702063188637535e-05
37,Li6,"(n,Xt)",0.2071890886593804,0.000422504520904524
37,Li7,"(n,Xt)",0.014198369870304785,1.6718586461362012e-05
