cell,nuclide,score,mean,std. dev.
50,Li6,"(n,Xt)",1.1433185639186683,0.001262899175702355
50,Li7,"(n,Xt)",0.01827205702535536,5.7442033813532e-05
47,Li6,"(n,Xt)",0.2777856816224065,0.0005027089857586087
47,Li7,"(n,Xt)",0.009496079082903472,1.1489487713912616e-05
