cell,nuclide,score,mean,std. dev.
20,Li6,"(n,Xt)",1.158538307956721,0.0013307685257941285
20,Li7,"(n,Xt)",0.03472132336385506,0.00011057027715958765
17,Li6,"(n,Xt)",0.11702288939813307,0.00017645364714489312
17,Li7,"(n,Xt)",0.017467680626706908,2.2384376233824248e-05
