cell,nuclide,score,mean,std. dev.
60,Li6,"(n,Xt)",1.1182110399292542,0.0005563410439613421
60,Li7,"(n,Xt)",0.009007812541003716,3.2601497586185066e-05
57,Li6,"(n,Xt)",0.32591338744426435,0.00032033185017923244
57,Li7,"(n,Xt)",0.004761560296136124,5.936927245503672e-06
