cell,nuclide,score,mean,std. dev.
70,Li6,"(n,Xt)",1.0968357925000098,0.001226188805213174
70,Li7,"(n,Xt)",3.5509058228763283e-06,1.2651028532155129e-08
67,Li6,"(n,Xt)",0.36230623509196236,0.0005980017887685535
67,Li7,"(n,Xt)",1.911131446622262e-06,2.3494662947599752e-09
