cell,nuclide,score,mean,std. dev.
30,Li6,"(n,Xt)",0.9604721053588905,0.0008277074053265498
30,Li7,"(n,Xt)",0.0846762964056171,0.00019012256551168943
27,Li6,"(n,Xt)",0.14246422337684975,0.0003217565470246418
27,Li7,"(n,Xt)",0.022519222190468566,3.402434051136081e-05
