cell,nuclide,score,mean,std. dev.
40,Li6,"(n,Xt)",0.9638333925702132,0.0011644176875326624
40,Li7,"(n,Xt)",0.07798392642876248,0.00019223472300206832
37,Li6,"(n,Xt)",0.16601006351709854,0.00026074165193253675
37,Li7,"(n,Xt)",0.020861150507732885,3.088596244714388e-05
