cell,nuclide,score,mean,std. dev.
40,Li6,"(n,Xt)",1.0077198975219699,0.0008228818214858019
40,Li7,"(n,Xt)",0.06266048801505701,7.241201295055027e-05
37,Li6,"(n,Xt)",0.11656258289167867,0.0002385081348446223
37,Li7,"(n,Xt)",0.014007495209702226,1.1203074421118925e-05
