cell,nuclide,score,mean,std. dev.
6,Li6,"(n,Xt)",0.09071427885472472,0.0001489667298530881
6,Li7,"(n,Xt)",0.018923610280581545,2.5367281642487923e-05
10,Li6,"(n,Xt)",0.8820024210446535,0.0014484220542220875
10,Li7,"(n,Xt)",0.06239944365978186,7.782667584572057e-05
13,Li6,"(n,Xt)",0.18296824806646955,0.0007423141200852939
13,Li7,"(n,Xt)",0.004768726346605951,2.3949839987779915e-05
