cell,nuclide,score,mean,std. dev.
33,Li6,"(n,Xt)",0.0906094803731474,0.00020832479303017817
33,Li7,"(n,Xt)",0.018503536949210815,2.6597482772952718e-05
36,Li6,"(n,Xt)",0.8857041141772968,0.0010025046770514333
36,Li7,"(n,Xt)",0.060455917144808934,0.00010060740502935067
39,Li6,"(n,Xt)",0.18608705098671657,0.000882397312084638
39,Li7,"(n,Xt)",0.004543424898321482,2.8560383268415893e-05
