cell,nuclide,score,mean,std. dev.
46,Li6,"(n,Xt)",0.09032633032430426,0.00022087640033661773
46,Li7,"(n,Xt)",0.018275678371180284,2.7069463332026308e-05
49,Li6,"(n,Xt)",0.8894051233539135,0.0014369840839691477
49,Li7,"(n,Xt)",0.05937975747387825,0.00010162531188572108
52,Li6,"(n,Xt)",0.18887959918047406,0.0007539219928878537
52,Li7,"(n,Xt)",0.004446713400365103,2.9570012483135504e-05
