cell,nuclide,score,mean,std. dev.
59,Li6,"(n,Xt)",0.08997153656482934,0.00019286750807607077
59,Li7,"(n,Xt)",0.018024358527383183,2.4258639639631687e-05
62,Li6,"(n,Xt)",0.8904633628846825,0.0014227366877679877
62,Li7,"(n,Xt)",0.05815184382926186,9.946974456764377e-05
65,Li6,"(n,Xt)",0.1912344728598084,0.0003846026390254409
65,Li7,"(n,Xt)",0.004302073475180737,3.7800193740855557e-05
