cell,nuclide,score,mean,std. dev.
72,Li6,"(n,Xt)",0.0901432014616699,0.00014836910401923106
72,Li7,"(n,Xt)",0.017746635059774935,2.3938677168715392e-05
75,Li6,"(n,Xt)",0.893417375912769,0.0014654539392801305
75,Li7,"(n,Xt)",0.05687191517563731,0.00011955191527366516
78,Li6,"(n,Xt)",0.19287483506994138,0.0005155846122818942
78,Li7,"(n,Xt)",0.004171146944604725,3.594250381933348e-05
