cell,nuclide,score,mean,std. dev.
85,Li6,"(n,Xt)",0.08969094848963974,9.392001925224662e-05
85,Li7,"(n,Xt)",0.017425722826636528,2.0627804823914254e-05
88,Li6,"(n,Xt)",0.8959926819315861,0.0008750785817669674
88,Li7,"(n,Xt)",0.05546613064741289,0.00011510029769031319
91,Li6,"(n,Xt)",0.19617827644212354,0.0006544550333693089
91,Li7,"(n,Xt)",0.003994809055679312,3.328495722721897e-05
