cell,nuclide,score,mean,std. dev.
98,Li6,"(n,Xt)",0.08915982577350545,0.0001515669163264336
98,Li7,"(n,Xt)",0.017086210264198994,2.00109433880598e-05
101,Li6,"(n,Xt)",0.8972988081154323,0.0007337225435713204
101,Li7,"(n,Xt)",0.05394539749979421,0.0001046418343527691
104,Li6,"(n,Xt)",0.19947560450855728,0.0004367464261356197
104,Li7,"(n,Xt)",0.003810510932108721,2.6503042575612242e-05
