cell,nuclide,score,mean,std. dev.
111,Li6,"(n,Xt)",0.08898334180489083,0.00014615387615529553
111,Li7,"(n,Xt)",0.016702645622172187,1.7862510205837268e-05
114,Li6,"(n,Xt)",0.9029436957738637,0.0006146647546590641
114,Li7,"(n,Xt)",0.05220772819893445,9.481549751115321e-05
117,Li6,"(n,Xt)",0.2025583880258385,0.0007687955645980583
117,Li7,"(n,Xt)",0.003635317749014035,2.0093070164684398e-05
