cell,nuclide,score,mean,std. dev.
124,Li6,"(n,Xt)",0.08828204766006434,0.00020149727465283522
124,Li7,"(n,Xt)",0.016274110965871738,1.7506799776403092e-05
127,Li6,"(n,Xt)",0.9044068120727065,0.0011678939076426146
127,Li7,"(n,Xt)",0.050331685570522824,9.935976893040727e-05
130,Li6,"(n,Xt)",0.20591991994303566,0.0005791162590470723
130,Li7,"(n,Xt)",0.00343187607981522,2.4311333516781356e-05
