cell,nuclide,score,mean,std. dev.
137,Li6,"(n,Xt)",0.08782611716516533,0.00015462264639201469
137,Li7,"(n,Xt)",0.01577304243154276,1.5253231019647402e-05
140,Li6,"(n,Xt)",0.9084874626670525,0.001289606120359558
140,Li7,"(n,Xt)",0.04819390107638204,9.503837819930956e-05
143,Li6,"(n,Xt)",0.21014933024848353,0.0009295952422902408
143,Li7,"(n,Xt)",0.0032368940672048985,3.0462333232056577e-05
