cell,nuclide,score,mean,std. dev.
20,Li6,"(n,Xt)",0.0906130643474853,0.00012389416486146851
20,Li7,"(n,Xt)",0.018719249630726027,2.6345842497307327e-05
23,Li6,"(n,Xt)",0.8826975868604311,0.0013494818907467626
23,Li7,"(n,Xt)",0.06142303206980891,8.547617848464179e-05
26,Li6,"(n,Xt)",0.18444388751180213,0.0006678284963782882
26,Li7,"(n,Xt)",0.004655414360372336,3.137950101126867e-05
