cell,nuclide,score,mean,std. dev.
150,Li6,"(n,Xt)",0.08707112785748332,0.0001795757397310926
150,Li7,"(n,Xt)",0.015215883025581061,1.7121581606493886e-05
153,Li6,"(n,Xt)",0.910821718687586,0.0009309055473664194
153,Li7,"(n,Xt)",0.04582885016467929,0.00010261581671967592
156,Li6,"(n,Xt)",0.21665316315538274,0.0004175658159485098
156,Li7,"(n,Xt)",0.0029771428077333658,2.1609121445767755e-05
