cell,nuclide,score,mean,std. dev.
163,Li6,"(n,Xt)",0.08589546944581508,0.00020593502545034387
163,Li7,"(n,Xt)",0.014575178721183201,1.76664652595288e-05
166,Li6,"(n,Xt)",0.911555782075262,0.0012877603543583363
166,Li7,"(n,Xt)",0.0431894286656508,0.00010755842806689884
169,Li6,"(n,Xt)",0.2228651108917234,0.0007952002831623732
169,Li7,"(n,Xt)",0.0027279701793814287,2.7511134363819487e-05
