cell,nuclide,score,mean,std. dev.
176,Li6,"(n,Xt)",0.08478901660317566,0.0001683758828920264
176,Li7,"(n,Xt)",0.013827869221652472,1.4628695896001828e-05
179,Li6,"(n,Xt)",0.9140620352672405,0.0008003408390875925
179,Li7,"(n,Xt)",0.040210329714738646,9.431463061624801e-05
182,Li6,"(n,Xt)",0.2309475863311347,0.0007106219991073373
182,Li7,"(n,Xt)",0.0024622390773607677,2.0601718389453242e-05
