cell,nuclide,score,mean,std. dev.
189,Li6,"(n,Xt)",0.0830596070192332,0.00011170615015467056
189,Li7,"(n,Xt)",0.012930249097145699,1.4201722737458624e-05
192,Li6,"(n,Xt)",0.9140027805426122,0.0009595542156568044
192,Li7,"(n,Xt)",0.0367817371732894,8.824310995363741e-05
195,Li6,"(n,Xt)",0.24234438235211525,0.00048151174502542574
195,Li7,"(n,Xt)",0.002166721177736689,1.776940151629633e-05
