cell,nuclide,score,mean,std. dev.
202,Li6,"(n,Xt)",0.0803652153637131,0.00014065943731253166
202,Li7,"(n,Xt)",0.011861971205263305,1.4111170417204317e-05
205,Li6,"(n,Xt)",0.9105173116469686,0.0007126399105494946
205,Li7,"(n,Xt)",0.03291182306210332,7.608289974695752e-05
208,Li6,"(n,Xt)",0.2573461653409971,0.0005158890704436559
208,Li7,"(n,Xt)",0.0018590016704293603,1.6456090171234882e-05
