cell,nuclide,score,mean,std. dev.
215,Li6,"(n,Xt)",0.0770083877440342,9.795286233149897e-05
215,Li7,"(n,Xt)",0.01054694568610858,1.3046349712331478e-05
218,Li6,"(n,Xt)",0.9006787179375182,0.0013378454182072157
218,Li7,"(n,Xt)",0.028374895244148084,5.956343614817418e-05
221,Li6,"(n,Xt)",0.2776772009631908,0.0006781297606874011
221,Li7,"(n,Xt)",0.0015035962476419968,7.778970327550604e-06
