cell,nuclide,score,mean,std. dev.
228,Li6,"(n,Xt)",0.07181125746168973,0.00014734590608342585
228,Li7,"(n,Xt)",0.008908978481034547,8.20343936510031e-06
231,Li6,"(n,Xt)",0.8781158914614519,0.0010234676434295392
231,Li7,"(n,Xt)",0.02297816573787146,3.260033183438853e-05
234,Li6,"(n,Xt)",0.3069317707413935,0.0006092588240840583
234,Li7,"(n,Xt)",0.0011052123022367586,1.0030347844696823e-05
