cell,nuclide,score,mean,std. dev.
241,Li6,"(n,Xt)",0.06304575735399207,8.716034894719055e-05
241,Li7,"(n,Xt)",0.00680156195285358,7.577185059732314e-06
244,Li6,"(n,Xt)",0.8262579237764933,0.0007785121102282272
244,Li7,"(n,Xt)",0.0166045293152765,2.7672690179293584e-05
247,Li6,"(n,Xt)",0.3534636895939701,0.0009041010170763182
247,Li7,"(n,Xt)",0.0007180167640443774,7.0183757575781725e-06
