cell,nuclide,score,mean,std. dev.
40,Li6,"(n,Xt)",1.005948022395118,0.0009140862160918444
40,Li7,"(n,Xt)",0.06388207540500768,0.00013137147356015135
37,Li6,"(n,Xt)",0.1764968904516469,0.00043092474588013425
37,Li7,"(n,Xt)",0.01604927367575535,1.7787508667766173e-05
