cell,nuclide,score,mean,std. dev.
30,Li6,"(n,Xt)",1.121171043448907,0.0010430301689451271
30,Li7,"(n,Xt)",0.05211790192284044,0.00011046090242114394
27,Li6,"(n,Xt)",0.12030780478717913,0.00019948555887982678
27,Li7,"(n,Xt)",0.01536210445906011,1.5110541538242588e-05
