cell,nuclide,score,mean,std. dev.
40,Li6,"(n,Xt)",1.1252733942232873,0.0011137741171128755
40,Li7,"(n,Xt)",0.045714219586881724,9.886577919614207e-05
37,Li6,"(n,Xt)",0.14829302023994742,0.00020746831255139767
37,Li7,"(n,Xt)",0.013571049333263991,1.5245126188750627e-05
