cell,nuclide,score,mean,std. dev.
50,Li6,"(n,Xt)",1.11546848499782,0.001243927753902199
50,Li7,"(n,Xt)",0.030081285650786667,6.629470006439048e-05
47,Li6,"(n,Xt)",0.19489381144611406,0.00032710123629890194
47,Li7,"(n,Xt)",0.009070067426808538,1.0866517518619654e-05
