cell,nuclide,score,mean,std. dev.
70,Li6,"(n,Xt)",1.0870387592352118,0.0011886581530364052
70,Li7,"(n,Xt)",5.849937268112935e-06,1.3759849061405429e-08
67,Li6,"(n,Xt)",0.25170023847560263,0.0005532049083366334
67,Li7,"(n,Xt)",1.8243723726218943e-06,1.9458726099051967e-09
