cell,nuclide,score,mean,std. dev.
50,Li6,"(n,Xt)",0.9662376045533858,0.0010999358125841332
50,Li7,"(n,Xt)",0.05877422707098624,0.00010636472585888842
47,Li6,"(n,Xt)",0.1979717691834835,0.00034809657281447765
47,Li7,"(n,Xt)",0.01543720196980336,2.2176895359017538e-05
