cell,nuclide,score,mean,std. dev.
60,Li6,"(n,Xt)",0.9555830967101331,0.0013305561011571051
60,Li7,"(n,Xt)",0.0413975818458784,8.112835506694156e-05
57,Li6,"(n,Xt)",0.22451095299747864,0.0003574212381818076
57,Li7,"(n,Xt)",0.011034844170282963,1.5700903575931022e-05
