cell,nuclide,score,mean,std. dev.
30,Li6,"(n,Xt)",1.0372095044370795,0.0009753126825953518
30,Li7,"(n,Xt)",0.07232074796065122,0.0001696376980093597
27,Li6,"(n,Xt)",0.11044993916799588,0.0001652797801731294
27,Li7,"(n,Xt)",0.01755767162275236,2.6420050860688783e-05
