cell,nuclide,score,mean,std. dev.
40,Li6,"(n,Xt)",1.042539714788895,0.0007729856700638388
40,Li7,"(n,Xt)",0.06338649863946039,0.00014560788470005246
37,Li6,"(n,Xt)",0.1347825504541097,0.0003039020315745253
37,Li7,"(n,Xt)",0.015501556715728355,2.081583580518124e-05
