cell,nuclide,score,mean,std. dev.
50,Li6,"(n,Xt)",1.0332058554481567,0.0013766570293854653
50,Li7,"(n,Xt)",0.04152177005013161,9.207770581920027e-05
47,Li6,"(n,Xt)",0.17492487552835484,0.0003303027244463567
47,Li7,"(n,Xt)",0.010358884026218637,1.4521717531467399e-05
