cell,nuclide,score,mean,std. dev.
20,Li6,"(n,Xt)",1.022187886390466,0.0011947749045933035
20,Li7,"(n,Xt)",0.0791174553748383,0.00020071261558768675
17,Li6,"(n,Xt)",0.0826546166210051,0.00011668879845182266
17,Li7,"(n,Xt)",0.01909329811954775,2.9057310158208066e-05
