cell,nuclide,score,mean,std. dev.
30,Li6,"(n,Xt)",1.2305697149286878,0.0013101645265495283
30,Li7,"(n,Xt)",0.0235668123902859,5.225628131168845e-05
27,Li6,"(n,Xt)",0.10105713639351188,0.00022390600984333186
27,Li7,"(n,Xt)",0.008531752753776187,8.683802820664593e-06
