cell,nuclide,score,mean,std. dev.
40,Li6,"(n,Xt)",1.2538605631905293,0.0013914591916750576
40,Li7,"(n,Xt)",0.02076211026967048,4.6280345537628814e-05
37,Li6,"(n,Xt)",0.12625472038658114,0.00028342250093995724
37,Li7,"(n,Xt)",0.007538507460480498,7.258900489253963e-06
