cell,nuclide,score,mean,std. dev.
50,Li6,"(n,Xt)",1.2658107082662895,0.0013140885169800154
50,Li7,"(n,Xt)",0.01379115540145027,2.9229514886415057e-05
47,Li6,"(n,Xt)",0.16789444118234792,0.0003563167196997148
47,Li7,"(n,Xt)",0.005047070956229363,4.950407253270674e-06
