cell,nuclide,score,mean,std. dev.
20,Li6,"(n,Xt)",1.1848371433943108,0.001599431329100665
20,Li7,"(n,Xt)",0.025662681248986907,5.326406659197749e-05
17,Li6,"(n,Xt)",0.07282909451277812,0.00014084655970239302
17,Li7,"(n,Xt)",0.009271658922936554,9.962779684352783e-06
