cell,nuclide,score,mean,std. dev.
60,Li6,"(n,Xt)",1.2643156982318908,0.0010973665545219572
60,Li7,"(n,Xt)",0.006868022204612048,1.3964397950005435e-05
57,Li6,"(n,Xt)",0.19725781990058602,0.00044356965336538637
57,Li7,"(n,Xt)",0.002534574906820331,2.9134150598712547e-06
