cell,nuclide,score,mean,std. dev.
70,Li6,"(n,Xt)",1.2574009126385033,0.0011890492034080618
70,Li7,"(n,Xt)",2.736673351147024e-06,5.422551506253322e-09
67,Li6,"(n,Xt)",0.22000862093202725,0.0003338142310081405
67,Li7,"(n,Xt)",1.0181244393308907e-06,1.0568778462277573e-09
