cell,nuclide,score,mean,std. dev.
30,Li6,"(n,Xt)",1.0187174830182848,0.0010053309921064942
30,Li7,"(n,Xt)",0.07771219332737724,0.00020244868814067564
27,Li6,"(n,Xt)",0.10393932972322976,0.00022824169708043614
27,Li7,"(n,Xt)",0.01765716331541565,2.702297692225954e-05
