cell,nuclide,score,mean,std. dev.
40,Li6,"(n,Xt)",1.0218756358089462,0.0013203249583850114
40,Li7,"(n,Xt)",0.068112158266389,0.000171312492579825
37,Li6,"(n,Xt)",0.12676274451270733,0.0002547674274688311
37,Li7,"(n,Xt)",0.01559480991983454,2.1096060865046526e-05
