cell,nuclide,score,mean,std. dev.
50,Li6,"(n,Xt)",0.9411623441416366,0.0014771261923651488
50,Li7,"(n,Xt)",0.07959969383175938,0.00014523359984888696
47,Li6,"(n,Xt)",0.13706210203137736,0.0003054750199540538
47,Li7,"(n,Xt)",0.019965805269693306,1.282015709880944e-05
