cell,nuclide,score,mean,std. dev.
20,Li6,"(n,Xt)",0.9318768480997252,0.0005927771080835754
20,Li7,"(n,Xt)",0.10392064973840567,0.00018879898398738856
17,Li6,"(n,Xt)",0.08194300269370727,0.00020154824659108014
17,Li7,"(n,Xt)",0.025555013227186257,1.9352741454502498e-05
