cell,nuclide,score,mean,std. dev.
70,Li6,"(n,Xt)",0.9287554487146614,0.0011214268177757191
70,Li7,"(n,Xt)",0.05185504787922642,0.00011227738298066877
67,Li6,"(n,Xt)",0.17271870038748452,0.000244556756463713
67,Li7,"(n,Xt)",0.01330742558508841,9.653802665678968e-06
