cell,nuclide,score,mean,std. dev.
10,Li6,"(n,Xt)",0.30572128698425866,0.0004941544643091805
10,Li7,"(n,Xt)",0.013325652881359586,5.932165429310914e-05
6,Li6,"(n,Xt)",0.0007578970702561492,2.6294269820925083e-06
6,Li7,"(n,Xt)",0.01878498971818961,2.1500031882853282e-05
