cell,nuclide,score,mean,std. dev.
30,Li6,"(n,Xt)",1.150240932531332,0.0014218382277708882
30,Li7,"(n,Xt)",0.011226164687058069,4.588906929914086e-05
27,Li6,"(n,Xt)",0.23119919710187037,0.0004424096831542223
27,Li7,"(n,Xt)",0.01600206903323422,1.6014723978357617e-05
