cell,nuclide,score,mean,std. dev.
40,Li6,"(n,Xt)",1.137735313795186,0.001450644938558105
40,Li7,"(n,Xt)",0.009844505723191994,4.2291356908836495e-05
37,Li6,"(n,Xt)",0.29655166287366447,0.00046540042120482827
37,Li7,"(n,Xt)",0.014139997573883073,1.4297124198443783e-05
