cell,nuclide,score,mean,std. dev.
20,Li6,"(n,Xt)",1.1484806431472894,0.0013165052567746987
20,Li7,"(n,Xt)",0.012266683474061629,5.65966930065263e-05
17,Li6,"(n,Xt)",0.1599425225270759,0.00036881825112849797
17,Li7,"(n,Xt)",0.01739709447523873,2.0047895468841387e-05
