cell,nuclide,score,mean,std. dev.
60,Li6,"(n,Xt)",1.0657865023533954,0.0012064508913453673
60,Li7,"(n,Xt)",0.0031842764682591582,1.2726587254913836e-05
57,Li6,"(n,Xt)",0.4669983408020009,0.0005876005205240622
57,Li7,"(n,Xt)",0.004743345539075057,5.010998080007549e-06
