cell,nuclide,score,mean,std. dev.
70,Li6,"(n,Xt)",1.0390639695382764,0.0012251504617039938
70,Li7,"(n,Xt)",1.2544970243298103e-06,5.388641060093049e-09
67,Li6,"(n,Xt)",0.5153603611020002,0.00052734084193946
67,Li7,"(n,Xt)",1.9044972515279372e-06,2.166908442541679e-09
