cell,nuclide,score,mean,std. dev.
30,Li6,"(n,Xt)",1.0208528511636663,0.0009684815665026616
30,Li7,"(n,Xt)",0.07051138461781833,0.00014806326009508738
27,Li6,"(n,Xt)",0.13791736929439347,0.0002080289155307398
27,Li7,"(n,Xt)",0.017485981693846058,2.9942542570192244e-05
