cell,nuclide,score,mean,std. dev.
40,Li6,"(n,Xt)",1.0236513979898585,0.0010039190750218536
40,Li7,"(n,Xt)",0.0617871530488734,0.00013597274599519944
37,Li6,"(n,Xt)",0.16625338813254353,0.00033207245357122457
37,Li7,"(n,Xt)",0.015448306223346933,2.668853165504096e-05
