cell,nuclide,score,mean,std. dev.
50,Li6,"(n,Xt)",1.0122231199568392,0.0010409422982640502
50,Li7,"(n,Xt)",0.04052311935169385,9.218845773817877e-05
47,Li6,"(n,Xt)",0.21073990997278239,0.00033707714173940295
47,Li7,"(n,Xt)",0.010317297766938193,1.708065276024898e-05
