cell,nuclide,score,mean,std. dev.
20,Li6,"(n,Xt)",1.0009567549706446,0.0011589415496052967
20,Li7,"(n,Xt)",0.07711973234551084,0.00017260431733111988
17,Li6,"(n,Xt)",0.1040813617720314,0.0002780150449480001
17,Li7,"(n,Xt)",0.019017592290958413,3.23215403344262e-05
