cell,nuclide,score,mean,std. dev.
70,Li6,"(n,Xt)",0.9899553127325289,0.0011553445653644627
70,Li7,"(n,Xt)",7.846521662334746e-06,1.9386714554899653e-08
67,Li6,"(n,Xt)",0.26109146197289335,0.0004827558022644876
67,Li7,"(n,Xt)",2.070630344750695e-06,3.1267590135968903e-09
