cell,nuclide,score,mean,std. dev.
30,Li6,"(n,Xt)",1.0560570019754913,0.0013254062884488105
30,Li7,"(n,Xt)",0.06827957352931766,0.00015424554580048024
27,Li6,"(n,Xt)",0.11226983247569282,0.00018058121913167838
27,Li7,"(n,Xt)",0.017139008537102145,2.9428119996493577e-05
