cell,nuclide,score,mean,std. dev.
40,Li6,"(n,Xt)",1.0565701157793352,0.001426047794916156
40,Li7,"(n,Xt)",0.059831986952893504,0.00013466754431261559
37,Li6,"(n,Xt)",0.13746609548086242,0.00026349871711050317
37,Li7,"(n,Xt)",0.015134675069455938,2.5275351690035964e-05
