cell,nuclide,score,mean,std. dev.
50,Li6,"(n,Xt)",1.0465628837261105,0.0011725655365717662
50,Li7,"(n,Xt)",0.039210018571706154,8.966215830534809e-05
47,Li6,"(n,Xt)",0.17915324409659375,0.0002963707875666815
47,Li7,"(n,Xt)",0.010115735789853109,1.7136501907801145e-05
