cell,nuclide,score,mean,std. dev.
60,Li6,"(n,Xt)",1.033162114642155,0.0014386137183150204
60,Li7,"(n,Xt)",0.019276368674868087,4.437095830152594e-05
57,Li6,"(n,Xt)",0.2077125241640377,0.0001662294997111077
57,Li7,"(n,Xt)",0.005068304038549943,8.622432656304265e-06
