cell,nuclide,score,mean,std. dev.
70,Li6,"(n,Xt)",1.0214567158691537,0.0011310030986019111
70,Li7,"(n,Xt)",7.583816121760846e-06,1.866231678100135e-08
67,Li6,"(n,Xt)",0.22979236721397078,0.0003196922189786742
67,Li7,"(n,Xt)",2.0323501873847436e-06,3.2397399782468487e-09
