cell,nuclide,score,mean,std. dev.
20,Li6,"(n,Xt)",0.07885760420937721,0.00014956935105085254
20,Li7,"(n,Xt)",0.019036098915897456,2.346151586316272e-05
23,Li6,"(n,Xt)",0.5174773010701579,0.0006475514546598263
23,Li7,"(n,Xt)",0.05916295067044545,6.861232647223461e-05
26,Li6,"(n,Xt)",0.48714252080153486,0.0011443351378940733
26,Li7,"(n,Xt)",0.023178562317378033,4.401173480004451e-05
