cell,nuclide,score,mean,std. dev.
30,Li6,"(n,Xt)",0.860956735872912,0.0015541409133275797
30,Li7,"(n,Xt)",0.11507689965997794,0.0002549870141247408
27,Li6,"(n,Xt)",0.1258663977612286,0.00037761726261768754
27,Li7,"(n,Xt)",0.03747874839551678,4.611777453979214e-05
