cell,nuclide,score,mean,std. dev.
30,Li6,"(n,Xt)",1.012959764384374,0.0006309967327590123
30,Li7,"(n,Xt)",0.07835670866477105,9.737362163650608e-05
27,Li6,"(n,Xt)",0.10216744986269724,0.0002452434749418397
27,Li7,"(n,Xt)",0.017504690865092952,2.064741464048754e-05
