cell,nuclide,score,mean,std. dev.
20,Li6,"(n,Xt)",0.9971115831317341,0.001077578307376683
20,Li7,"(n,Xt)",0.0857281086952775,0.0001111915582234453
17,Li6,"(n,Xt)",0.07723744297119896,9.671090872341738e-05
17,Li7,"(n,Xt)",0.019037847002804954,2.1838132482798186e-05
