cell,nuclide,score,mean,std. dev.
60,Li6,"(n,Xt)",1.000139794699984,0.0011514057321152702
60,Li7,"(n,Xt)",0.022146293684431124,3.0480149229058072e-05
57,Li6,"(n,Xt)",0.18484861785873186,0.0005109642415181048
57,Li7,"(n,Xt)",0.0051706066802784285,4.667737535357669e-06
