cell,nuclide,score,mean,std. dev.
20,Li6,"(n,Xt)",0.981037039921582,0.0014334774025311777
20,Li7,"(n,Xt)",0.0818940621888392,0.00019049919142034296
17,Li6,"(n,Xt)",0.11247049944783753,0.00023396007940573225
17,Li7,"(n,Xt)",0.020549246903446217,3.1219643251948384e-05
