cell,nuclide,score,mean,std. dev.
33,Li6,"(n,Xt)",0.09024524788697806,0.00020931322591088075
33,Li7,"(n,Xt)",0.018506164751899836,2.6178170229762814e-05
36,Li6,"(n,Xt)",0.9007558850434805,0.0005346837525139202
36,Li7,"(n,Xt)",0.06054534277754531,9.601130006523178e-05
39,Li6,"(n,Xt)",0.17552539374347703,0.0006068176953173441
39,Li7,"(n,Xt)",0.0047903902755712146,2.457810944958246e-05
