cell,nuclide,score,mean,std. dev.
46,Li6,"(n,Xt)",0.08993970531255582,0.00020717952021792613
46,Li7,"(n,Xt)",0.0182758307201573,2.7690566544551074e-05
49,Li6,"(n,Xt)",0.9047421278869198,0.0010796880854316415
49,Li7,"(n,Xt)",0.0594753055183732,0.00010560075010278532
52,Li6,"(n,Xt)",0.1781555412009881,0.0004435170922538841
52,Li7,"(n,Xt)",0.004671542591646583,2.7991752123886447e-05
