cell,nuclide,score,mean,std. dev.
59,Li6,"(n,Xt)",0.08963871164735547,0.0002125572417388628
59,Li7,"(n,Xt)",0.018026540598070954,2.5224640164349367e-05
62,Li6,"(n,Xt)",0.9060217879816548,0.0011889684876614205
62,Li7,"(n,Xt)",0.05825054051617532,0.00010231475196228932
65,Li6,"(n,Xt)",0.18026579164797402,0.0004609443370365787
65,Li7,"(n,Xt)",0.004525950504614162,3.84088235601883e-05
