cell,nuclide,score,mean,std. dev.
72,Li6,"(n,Xt)",0.0897564880699106,0.00012330058126052746
72,Li7,"(n,Xt)",0.017745838619705124,2.4169245722837333e-05
75,Li6,"(n,Xt)",0.9088812329144339,0.001296612464433063
75,Li7,"(n,Xt)",0.05695452708876124,0.00011508534238770887
78,Li6,"(n,Xt)",0.18210009888805284,0.0007188644092774056
78,Li7,"(n,Xt)",0.004361418547264221,3.789955904421027e-05
