cell,nuclide,score,mean,std. dev.
85,Li6,"(n,Xt)",0.08917283321854352,0.00010404728185129255
85,Li7,"(n,Xt)",0.017425943479912297,2.080313702413077e-05
88,Li6,"(n,Xt)",0.9126809032021365,0.000886924167850804
88,Li7,"(n,Xt)",0.05554990152974114,0.00010868274015925762
91,Li6,"(n,Xt)",0.18509971825216517,0.000655963722855491
91,Li7,"(n,Xt)",0.004201496958439304,3.5340528766056226e-05
