cell,nuclide,score,mean,std. dev.
98,Li6,"(n,Xt)",0.08878638465456226,0.0001314404480177527
98,Li7,"(n,Xt)",0.017087012851079338,2.042672347447535e-05
101,Li6,"(n,Xt)",0.9148863340325241,0.0006992606799931687
101,Li7,"(n,Xt)",0.05400246634108452,0.00010549874709293591
104,Li6,"(n,Xt)",0.18799691269485302,0.00044570500321055976
104,Li7,"(n,Xt)",0.004031805272908356,2.655840477374472e-05
