cell,nuclide,score,mean,std. dev.
111,Li6,"(n,Xt)",0.08858718519658573,0.00017297377986243156
111,Li7,"(n,Xt)",0.016700974433116807,1.7874864530263854e-05
114,Li6,"(n,Xt)",0.9206701011722462,0.0009782552037867819
114,Li7,"(n,Xt)",0.052286470138308005,9.6082919370515e-05
117,Li6,"(n,Xt)",0.1916282816227852,0.0006240323928874635
117,Li7,"(n,Xt)",0.0038357085187734072,1.559375000847528e-05
