cell,nuclide,score,mean,std. dev.
124,Li6,"(n,Xt)",0.0878854312259327,0.00016874535665567817
124,Li7,"(n,Xt)",0.016272309585228614,1.7073885449538835e-05
127,Li6,"(n,Xt)",0.9216897539561785,0.001233611200564895
127,Li7,"(n,Xt)",0.05041274604569329,0.00010054767473919785
130,Li6,"(n,Xt)",0.19421331501134714,0.0006688249334800109
130,Li7,"(n,Xt)",0.003620120653903839,1.9752542849822026e-05
