cell,nuclide,score,mean,std. dev.
137,Li6,"(n,Xt)",0.08737771906273935,0.0001246774304945772
137,Li7,"(n,Xt)",0.01577428516148969,1.5336020762343003e-05
140,Li6,"(n,Xt)",0.9265548271712186,0.0014872703076114489
140,Li7,"(n,Xt)",0.048271420246966935,9.771171864902244e-05
143,Li6,"(n,Xt)",0.1986876622930254,0.0006199373256824261
143,Li7,"(n,Xt)",0.0034220702418570692,3.378058806992947e-05
