cell,nuclide,score,mean,std. dev.
20,Li6,"(n,Xt)",0.09032907758289604,0.00014202789083255621
20,Li7,"(n,Xt)",0.018721183965895366,2.60893913608043e-05
23,Li6,"(n,Xt)",0.8983655536441588,0.0012700121387070199
23,Li7,"(n,Xt)",0.061533100832605894,8.871801057412668e-05
26,Li6,"(n,Xt)",0.17460839116278587,0.0006376796923762949
26,Li7,"(n,Xt)",0.004908554918372105,2.6505420387308353e-05
