cell,nuclide,score,mean,std. dev.
176,Li6,"(n,Xt)",0.08428893976438866,0.000217982936003544
176,Li7,"(n,Xt)",0.0138270690464728,1.5303503362403113e-05
179,Li6,"(n,Xt)",0.9333358947496366,0.0008653117922813203
179,Li7,"(n,Xt)",0.04026605968486256,9.23361156865036e-05
182,Li6,"(n,Xt)",0.21897992697718688,0.0009399423293537441
182,Li7,"(n,Xt)",0.002619627952860399,2.465378712163852e-05
