cell,nuclide,score,mean,std. dev.
202,Li6,"(n,Xt)",0.07973988192531914,0.00013364556807461792
202,Li7,"(n,Xt)",0.011862991526683311,1.4423970793264938e-05
205,Li6,"(n,Xt)",0.9313446748217336,0.000787015467004902
205,Li7,"(n,Xt)",0.0329539390661865,7.672321078653549e-05
208,Li6,"(n,Xt)",0.24506018030281332,0.0004369942608946237
208,Li7,"(n,Xt)",0.001981741653865133,2.0433699373842248e-05
