cell,nuclide,score,mean,std. dev.
215,Li6,"(n,Xt)",0.07609956800042347,8.188018890771351e-05
215,Li7,"(n,Xt)",0.010546245447813473,1.2720578916793303e-05
218,Li6,"(n,Xt)",0.9240203962558391,0.0008615592526583355
218,Li7,"(n,Xt)",0.028414534129359386,6.19498916601702e-05
221,Li6,"(n,Xt)",0.26381766508482984,0.0007566026289379015
221,Li7,"(n,Xt)",0.0015997361241169305,1.2548313012701392e-05
