cell,nuclide,score,mean,std. dev.
241,Li6,"(n,Xt)",0.06155769002566639,0.0001320884119117668
241,Li7,"(n,Xt)",0.006802198936706768,7.653179980540023e-06
244,Li6,"(n,Xt)",0.8576787125216668,0.0007573081767799886
244,Li7,"(n,Xt)",0.016626138219775755,2.8253013930227945e-05
247,Li6,"(n,Xt)",0.3395626647042322,0.0007311455601844169
247,Li7,"(n,Xt)",0.0007725447636317606,8.939004270937255e-06
