cell,nuclide,score,mean,std. dev.
10,Li6,"(n,Xt)",0.30621030765852886,0.0004196752143485134
10,Li7,"(n,Xt)",0.08273750052137913,0.00015751966161894822
6,Li6,"(n,Xt)",0.0008145877743449806,2.2895944321884976e-06
6,Li7,"(n,Xt)",0.019686350030088985,2.982541313270294e-05
