cell,nuclide,score,mean,std. dev.
40,Li6,"(n,Xt)",1.0533701098942643,0.0009466555348494702
40,Li7,"(n,Xt)",0.06106028830320857,0.00011661936534317051
37,Li6,"(n,Xt)",0.1306178865400985,0.00015610486417378115
37,Li7,"(n,Xt)",0.01480340957948013,2.2489845443089354e-05
