cell,nuclide,score,mean,std. dev.
50,Li6,"(n,Xt)",1.0458291769704795,0.0013701294343513636
50,Li7,"(n,Xt)",0.040061511424926546,8.70059578391601e-05
47,Li6,"(n,Xt)",0.16944467212910547,0.0003579517856006046
47,Li7,"(n,Xt)",0.009887252161505168,1.5961000821625552e-05
