cell,nuclide,score,mean,std. dev.
50,Li6,"(n,Xt)",0.9622854905166374,0.0013181232300116187
50,Li7,"(n,Xt)",0.0659640230278709,0.0001348824253525222
47,Li6,"(n,Xt)",0.15816700282243676,0.0002964289122653721
47,Li7,"(n,Xt)",0.016391880928523547,2.0777745284549066e-05
