cell,nuclide,score,mean,std. dev.
20,Li6,"(n,Xt)",0.9526586906492586,0.0007322314502917882
20,Li7,"(n,Xt)",0.09606112418771584,0.00020909679761787865
17,Li6,"(n,Xt)",0.08736539650427624,0.0002189658996050662
17,Li7,"(n,Xt)",0.02328419834417206,3.501281351525461e-05
