cell,nuclide,score,mean,std. dev.
60,Li6,"(n,Xt)",0.9545158193088268,0.0009142002218978896
60,Li7,"(n,Xt)",0.04885474236445147,0.00010600342890262722
57,Li6,"(n,Xt)",0.18118648852580288,0.0003954419945862586
57,Li7,"(n,Xt)",0.01230993383651143,1.5871855936690724e-05
