cell,nuclide,score,mean,std. dev.
70,Li6,"(n,Xt)",0.9447968632770746,0.0018040063695639215
70,Li7,"(n,Xt)",0.03210484121025013,6.684136648866447e-05
67,Li6,"(n,Xt)",0.19947656598035896,0.00034432652560692804
67,Li7,"(n,Xt)",0.00820239214845558,9.629571263866066e-06
