cell,nuclide,score,mean,std. dev.
10,Li6,"(n,Xt)",0.9918062915728034,0.001023425797956042
10,Li7,"(n,Xt)",0.08713011478728327,0.0001140053138875307
6,Li6,"(n,Xt)",0.07719086297532919,0.00020832537718211574
6,Li7,"(n,Xt)",0.01923921804070583,2.4454847842510825e-05
