cell,nuclide,score,mean,std. dev.
20,Li6,"(n,Xt)",0.9971115831317221,0.001077578307365235
20,Li7,"(n,Xt)",0.08572810869527775,0.00011119155822431204
17,Li6,"(n,Xt)",0.07723744297119904,9.671090872391564e-05
17,Li7,"(n,Xt)",0.019037847002805072,2.1838132482798186e-05
