cell,nuclide,score,mean,std. dev.
10,Li6,"(n,Xt)",0.9762678043980116,0.0009037229904588974
10,Li7,"(n,Xt)",0.06669600307070013,6.043192952517743e-05
6,Li6,"(n,Xt)",0.18910858831943747,0.00031645963239805374
6,Li7,"(n,Xt)",0.02029372819512002,2.496642867049541e-05
