cell,nuclide,score,mean,std. dev.
30,Li6,"(n,Xt)",0.9828275196709928,0.0007432456149552178
30,Li7,"(n,Xt)",0.06452233591487204,6.987888849651511e-05
27,Li6,"(n,Xt)",0.18884314820900877,0.0003232593709777618
27,Li7,"(n,Xt)",0.019841705011330434,2.321464015354891e-05
