cell,nuclide,score,mean,std. dev.
50,Li6,"(n,Xt)",0.9897960273614125,0.001183962065875837
50,Li7,"(n,Xt)",0.06204804299946933,6.199827978067484e-05
47,Li6,"(n,Xt)",0.18858233466049756,0.00035561074872967615
47,Li7,"(n,Xt)",0.019332287798807964,2.5117180037068065e-05
