cell,nuclide,score,mean,std. dev.
60,Li6,"(n,Xt)",0.9941279974995199,0.0011881947798430999
60,Li7,"(n,Xt)",0.06068379570193683,4.935111604068092e-05
57,Li6,"(n,Xt)",0.18877231406433123,0.0004397441462005856
57,Li7,"(n,Xt)",0.019024148772780785,2.338574255419058e-05
