cell,nuclide,score,mean,std. dev.
70,Li6,"(n,Xt)",1.000406684878255,0.0013039103756537413
70,Li7,"(n,Xt)",0.05917935489882668,6.372115013799875e-05
67,Li6,"(n,Xt)",0.18869756797364032,0.00028786435551759386
67,Li7,"(n,Xt)",0.018697944199425744,2.351618780532781e-05
