cell,nuclide,score,mean,std. dev.
80,Li6,"(n,Xt)",1.0044853386519976,0.0011261846418307707
80,Li7,"(n,Xt)",0.05748801677466163,6.016530879857183e-05
77,Li6,"(n,Xt)",0.18857621216960502,0.0005206853240150582
77,Li7,"(n,Xt)",0.018330432263866228,2.3602081476887617e-05
