cell,nuclide,score,mean,std. dev.
90,Li6,"(n,Xt)",1.006411339397266,0.0010937583454062622
90,Li7,"(n,Xt)",0.055611462360089646,7.506764521790638e-05
87,Li6,"(n,Xt)",0.18810719251498295,0.0005107777377793112
87,Li7,"(n,Xt)",0.017924171472330285,2.361140640817422e-05
