cell,nuclide,score,mean,std. dev.
100,Li6,"(n,Xt)",1.0117490979907369,0.0006694825427680703
100,Li7,"(n,Xt)",0.053562161911743025,7.304889402491224e-05
97,Li6,"(n,Xt)",0.18823133645498197,0.0004276431657688179
97,Li7,"(n,Xt)",0.01745343590290057,2.3345063759726785e-05
