cell,nuclide,score,mean,std. dev.
110,Li6,"(n,Xt)",1.016591523295752,0.0013138136834534068
110,Li7,"(n,Xt)",0.05133456007110113,6.579243038537379e-05
107,Li6,"(n,Xt)",0.18700948571565834,0.0003394891024406521
107,Li7,"(n,Xt)",0.01693819834676915,1.953337523197366e-05
