cell,nuclide,score,mean,std. dev.
20,Li6,"(n,Xt)",0.9812809267665641,0.0012191891131437074
20,Li7,"(n,Xt)",0.065701553765585,5.114070038663464e-05
17,Li6,"(n,Xt)",0.1892587868495282,0.00028811552244501393
17,Li7,"(n,Xt)",0.020067504412996182,2.5925359286418227e-05
