cell,nuclide,score,mean,std. dev.
120,Li6,"(n,Xt)",1.0217226197407272,0.0012138789621507905
120,Li7,"(n,Xt)",0.048774754439729194,5.845637318687459e-05
117,Li6,"(n,Xt)",0.18629028904477235,0.00040434698856089935
117,Li7,"(n,Xt)",0.016331684652297243,1.9548329986739363e-05
