cell,nuclide,score,mean,std. dev.
130,Li6,"(n,Xt)",1.028061808786061,0.0006802391210348526
130,Li7,"(n,Xt)",0.0459124727639654,5.264728199181023e-05
127,Li6,"(n,Xt)",0.18546173696407495,0.0004516335580128452
127,Li7,"(n,Xt)",0.01565401366922109,2.2715312865127765e-05
