cell,nuclide,score,mean,std. dev.
140,Li6,"(n,Xt)",1.0352365662059297,0.0006074435356299576
140,Li7,"(n,Xt)",0.04263468504271042,6.290506121457193e-05
137,Li6,"(n,Xt)",0.185044309511902,0.0003732802111322199
137,Li7,"(n,Xt)",0.01484214235598432,1.8225609035117896e-05
