cell,nuclide,score,mean,std. dev.
150,Li6,"(n,Xt)",1.0407840024557113,0.0010011844747467595
150,Li7,"(n,Xt)",0.038991980998373664,4.747284430319295e-05
147,Li6,"(n,Xt)",0.18299235781525247,0.0004752482242507608
147,Li7,"(n,Xt)",0.013893170809934036,1.886802427467012e-05
