cell,nuclide,score,mean,std. dev.
160,Li6,"(n,Xt)",1.0466437097423327,0.001097324149390694
160,Li7,"(n,Xt)",0.03475417416826003,3.15807594523376e-05
157,Li6,"(n,Xt)",0.1797495925151911,0.00033799022512772563
157,Li7,"(n,Xt)",0.012740606986354902,1.7487439730688576e-05
