cell,nuclide,score,mean,std. dev.
170,Li6,"(n,Xt)",1.0493217405633275,0.0007744063942617212
170,Li7,"(n,Xt)",0.029956513077852347,4.0437686427557975e-05
167,Li6,"(n,Xt)",0.17544550162847986,0.00038610391216826654
167,Li7,"(n,Xt)",0.011336751173730196,1.496117369956585e-05
