cell,nuclide,score,mean,std. dev.
180,Li6,"(n,Xt)",1.0487784755427436,0.0007215133629006823
180,Li7,"(n,Xt)",0.02420339915283816,2.7750429317476348e-05
177,Li6,"(n,Xt)",0.16907308724015013,0.0004102283764199519
177,Li7,"(n,Xt)",0.009570008236807726,1.244767456610976e-05
