cell,nuclide,score,mean,std. dev.
190,Li6,"(n,Xt)",1.0336863844988229,0.001389822317066883
190,Li7,"(n,Xt)",0.017437697613129025,2.4197984561334007e-05
187,Li6,"(n,Xt)",0.1566924681493331,0.0003268633250812066
187,Li7,"(n,Xt)",0.00730415667967853,1.165815458794907e-05
