cell,nuclide,score,mean,std. dev.
40,Li6,"(n,Xt)",1.0852065845700083,0.0017021488841535493
40,Li7,"(n,Xt)",0.05424100194275172,0.00012920459333500025
37,Li6,"(n,Xt)",0.14370788238230167,0.0003347169934313983
37,Li7,"(n,Xt)",0.014691293389067458,2.2642717180501063e-05
