cell,nuclide,score,mean,std. dev.
50,Li6,"(n,Xt)",1.0713946090582167,0.0013334708592172356
50,Li7,"(n,Xt)",0.03559379344496986,8.072915087211003e-05
47,Li6,"(n,Xt)",0.18785955619071132,0.0003109898672513175
47,Li7,"(n,Xt)",0.009818067798368154,1.572788782244344e-05
