cell,nuclide,score,mean,std. dev.
20,Li6,"(n,Xt)",1.0627467637655559,0.0007990378177937456
20,Li7,"(n,Xt)",0.06763974276414227,0.00015226015988373256
17,Li6,"(n,Xt)",0.08693540142897893,0.00015782137560508744
17,Li7,"(n,Xt)",0.018091157491630393,2.8568297725634973e-05
