cell,nuclide,score,mean,std. dev.
60,Li6,"(n,Xt)",1.0580886458357626,0.0010281332266318807
60,Li7,"(n,Xt)",0.017508744802019437,4.570666857759979e-05
57,Li6,"(n,Xt)",0.2186194743242397,0.00039364532402768644
57,Li7,"(n,Xt)",0.0049204824956085216,7.780969626555454e-06
