cell,nuclide,score,mean,std. dev.
70,Li6,"(n,Xt)",1.046530935911508,0.0008945739715720836
70,Li7,"(n,Xt)",6.897452201351818e-06,1.80220867448442e-08
67,Li6,"(n,Xt)",0.24206593477968402,0.0004967528304658019
67,Li7,"(n,Xt)",1.9739108887090466e-06,2.998637529051847e-09
