cell,nuclide,score,mean,std. dev.
20,Li6,"(n,Xt)",0.07720613673860868,8.318753712607063e-05
20,Li7,"(n,Xt)",0.019038004981058832,2.3321675043930705e-05
23,Li6,"(n,Xt)",0.9929340191714717,0.0011210485277064765
23,Li7,"(n,Xt)",0.08556940098999626,0.00013099816248236587
26,Li6,"(n,Xt)",0.0034139623359140197,5.5129559540135376e-05
26,Li7,"(n,Xt)",6.089584828059024e-05,2.5105463104769753e-06
